Source.Name;conversation_id_str;created_at;favorite_count;full_text;id_str;image_url;in_reply_to_screen_name;lang;location;quote_count;reply_count;retweet_count;tweet_url;user_id_str;username;clean_text;sentimen;tokens;topic
kurikulum_2013_1.csv;1.9118e+18;Tue Apr 15 16:59:37 +0000 2025;8.0;@mardhsalma @tanyarlfes aku bukan guru tapi sebagai mantan siswa yang ngerasain beberapa kurikulum termasuk k13 aku harus setuju sama statement kamu mba. kembalikan k13 dengan revisi sesuai dengan perkembangan zaman sekarang yang serba teknologi biar generasi kedepannya bisa siap;1.91219e+18;;mardhsalma;in;;0.0;0.0;0.0;https://x.com/undefined/status/1912189076339585061;2905582207.0;;aku bukan guru tapi bagai mantan siswa ngerasain beberapa kurikulum masuk k aku harus tuju sama statement kamu mba kembali k revisi sesuai kembang zaman sekarang serba teknologi biar generasi depan bisa siap;netral;['guru', 'mantan', 'siswa', 'ngerasain', 'kurikulum', 'masuk', 'k', 'tuju', 'statement', 'mba', 'k', 'revisi', 'sesuai', 'kembang', 'zaman', 'serba', 'teknologi', 'biar', 'generasi'];3
kurikulum_2013_1.csv;1.9118e+18;Tue Apr 15 13:43:49 +0000 2025;7.0;@mardhsalma @tanyarlfes yg penting matpel informatika ga dihapus lagi kayak di k13 :');1.91214e+18;;mardhsalma;in;;0.0;1.0;0.0;https://x.com/undefined/status/1912139801207119928;586321290.0;;penting matpel informatika hapus kayak k;netral;['matpel', 'informatika', 'hapus', 'kayak', 'k'];3
kurikulum_2013_1.csv;1.9118e+18;Tue Apr 15 07:10:50 +0000 2025;5.0;@mardhsalma @tanyarlfes Setuju sbg guru jg gue lebih milih kurtilas. Lebih jelas KI-KDnya.;1.91204e+18;;mardhsalma;in;;0.0;0.0;0.0;https://x.com/undefined/status/1912040905298636975;1310245590.0;;tuju sbg guru saya lebih milih kurtilas lebih jelas ki kdnya;netral;['tuju', 'sbg', 'guru', 'milih', 'kurtilas', 'ki', 'kdnya'];4
kurikulum_2013_1.csv;1.9118e+18;Tue Apr 15 04:15:58 +0000 2025;4.0;@mardhsalma @tanyarlfes Meanwhile dulu di SMA-ku setelah Kurtilas satu semester penuh dan abis itu dihapus karena banyak diprotes sampai ada memenya guru dan siswa sama2 pada kesenengan semester 2 balik pada pakai KTSP lagi tapi ya cara belajarnya jadi campur KTSP + Kurtilas;1.912e+18;;mardhsalma;in;;0.0;0.0;0.0;https://x.com/undefined/status/1911996897042342082;7.27444e+17;;meanwhile dulu sma ku telah kurtilas satu semester penuh abis hapus banyak protes sampai ada memenya guru siswa sama neng semester balik pakai ktsp tapi cara ajar campur ktsp kurtilas;netral;['meanwhile', 'sma', 'ku', 'kurtilas', 'semester', 'penuh', 'abis', 'hapus', 'protes', 'memenya', 'guru', 'siswa', 'neng', 'semester', 'pakai', 'ktsp', 'ajar', 'campur', 'ktsp', 'kurtilas'];4
kurikulum_2013_1.csv;1.9118e+18;Tue Apr 15 10:40:21 +0000 2025;1.0;@mardhsalma @tanyarlfes Betuuul;1.91209e+18;;mardhsalma;en;;0.0;0.0;0.0;https://x.com/undefined/status/1912093633035243909;1.39009e+18;;betul;netral;[];0
kurikulum_2013_1.csv;1.9118e+18;Tue Apr 15 12:36:28 +0000 2025;0.0;@mardhsalma @tanyarlfes Belajar lagi ya biar paham tujuan pendidikan itu apa;1.91212e+18;;mardhsalma;in;;0.0;0.0;0.0;https://x.com/undefined/status/1912122852100440318;271793924.0;;ajar biar paham tuju didik;netral;['ajar', 'biar', 'paham', 'tuju', 'didik'];4
kurikulum_2013_1.csv;1.9118e+18;Tue Apr 15 14:19:09 +0000 2025;0.0;@mardhsalma @tanyarlfes Habbit indonesia begitu kak orang2nya suka balas budi;1.91215e+18;;mardhsalma;in;;0.0;0.0;0.0;https://x.com/undefined/status/1912148696093139011;122618236.0;;habbit indonesia begitu kak orang suka balas budi;netral;['habbit', 'indonesia', 'kak', 'orang', 'suka', 'balas', 'budi'];3
kurikulum_2013_10.csv;1.91108e+18;Sun Apr 13 00:44:33 +0000 2025;6.0;@ahsanuz_zikri @IndoPopBase Salam dari kunci percobaan kurikulum merdeka. Pendaftaran masih ada penjurusan pas masuk udah ngga ada penjurusan;1.91122e+18;;ahsanuz_zikri;in;;0.0;1.0;2.0;https://x.com/undefined/status/1911218918946922569;1.32196e+18;;salam kunci coba kurikulum merdeka daftar masih ada jurus pas masuk ngga ada jurus;netral;['salam', 'kunci', 'coba', 'kurikulum', 'merdeka', 'daftar', 'jurus', 'pas', 'masuk', 'ngga', 'jurus'];4
kurikulum_2013_11.csv;1.85302e+18;Sun Nov 03 12:24:14 +0000 2024;29.0;@tamerlane9470 Lebih k arah nyindir jgn menitikberatkan nadiem. Nadiem di overhate krn dia mentri jkw. Pdhl kn mentri2 sblmny jg ad dosa makany knp ad yg bawa2 muhadjir am anies. Belum lg sistem yg ud dr dulu jelek;1.85305e+18;;tamerlane9470;in;;0.0;4.0;2.0;https://x.com/undefined/status/1853050552969793902;1.65377e+18;;lebih k arah nyindir jgn menitikberatkan nadiem nadiem overhate krn dia tri jkw pdhl kn tri sblmny ad dosa makany knp ad bawa muhadjir am anies lg sistem ud dulu jelek;negatif;['k', 'arah', 'nyindir', 'jgn', 'menitikberatkan', 'nadiem', 'nadiem', 'overhate', 'krn', 'tri', 'jkw', 'pdhl', 'kn', 'tri', 'sblmny', 'ad', 'dosa', 'makany', 'knp', 'ad', 'bawa', 'muhadjir', 'am', 'anies', 'lg', 'sistem', 'ud', 'jelek'];1
kurikulum_2013_11.csv;1.85302e+18;Sun Nov 03 10:32:22 +0000 2024;25.0;@tamerlane9470 Lebih tepatnya sih ganti menteri maka bergantilah kurikulumnya;1.85302e+18;;tamerlane9470;in;;0.0;1.0;0.0;https://x.com/undefined/status/1853022401065574778;1649528318.0;;lebih tepat sih ganti menteri maka ganti kurikulum;netral;['sih', 'ganti', 'menteri', 'ganti', 'kurikulum'];0
kurikulum_2013_11.csv;1.85302e+18;Sun Nov 03 14:47:05 +0000 2024;14.0;@tamerlane9470 Penyusunan kurikulum dan penerapannya baru bisa efektif 10-15 tahun... Harusnya jangan ubah kurikulumnya mending otak-atik dimetode pembelajarannya aja supaya selalu berkembang sesuai perkembangan zaman.;1.85309e+18;;tamerlane9470;in;;0.0;1.0;1.0;https://x.com/undefined/status/1853086504442368506;1.82996e+18;;susun kurikulum terap baru bisa efektif tahun harus jangan ubah kurikulum mending otak atik metode ajar supaya selalu kembang sesuai kembang zaman;positif;['susun', 'kurikulum', 'terap', 'efektif', 'ubah', 'kurikulum', 'mending', 'otak', 'atik', 'metode', 'ajar', 'kembang', 'sesuai', 'kembang', 'zaman'];0
kurikulum_2013_11.csv;1.85302e+18;Sun Nov 03 23:59:11 +0000 2024;16.0;@tamerlane9470 Dari dulu udah pada sadar sistemnya bobrok. Tapi yang lebih bobrok lagi adalah UN dihilangkan akibatnya fatal banget pada kualitas siswa sekarang ini;1.85323e+18;;tamerlane9470;in;;0.0;2.0;0.0;https://x.com/undefined/status/1853225444461728052;406177628.0;;dulu sadar sistem bobrok tapi lebih bobrok un hilang akibat fatal sangat kualitas siswa sekarang;netral;['sadar', 'sistem', 'bobrok', 'bobrok', 'un', 'hilang', 'akibat', 'fatal', 'kualitas', 'siswa'];3
kurikulum_2013_11.csv;1.85302e+18;Sun Nov 03 13:41:29 +0000 2024;10.0;@tamerlane9470 sebagai alumni kurtilas dan temen2 lulusan kurtilas jadi orang semua kok kelahiran 90an masih bagus2 kualitas pendidikannya. yg 2005 keatas yg mengkhawatirkan banyak sih faktornya.;1.85307e+18;;tamerlane9470;in;;1.0;2.0;0.0;https://x.com/undefined/status/1853069993090678833;1.07051e+18;;bagai alumni kurtilas temen lulus kurtilas orang semua lahir an masih bagus kualitas didik atas khawatir banyak sih faktor;positif;['alumni', 'kurtilas', 'temen', 'lulus', 'kurtilas', 'orang', 'lahir', 'an', 'bagus', 'kualitas', 'didik', 'khawatir', 'sih', 'faktor'];4
kurikulum_2013_11.csv;1.85302e+18;Sun Nov 03 15:28:22 +0000 2024;6.0;@tamerlane9470 Kata guru saya waktu SD KTSP itu kurikulum yang paling bagus diantara kurikulum yang pernah ada di Indonesia;1.8531e+18;;tamerlane9470;in;;0.0;1.0;0.0;https://x.com/undefined/status/1853096891501953291;354630024.0;;kata guru saya waktu sd ktsp kurikulum paling bagus antara kurikulum pernah ada indonesia;positif;['guru', 'sd', 'ktsp', 'kurikulum', 'bagus', 'kurikulum', 'indonesia'];0
kurikulum_2013_11.csv;1.85302e+18;Mon Nov 04 02:57:05 +0000 2024;6.0;@tamerlane9470 M Nuh sosok MU yang ga seperti tokoh2 MU yang menjadi Mendikbud. Kek AM Fadjar jauh lah;1.85327e+18;;tamerlane9470;in;;0.0;1.0;0.0;https://x.com/undefined/status/1853270211375567353;2862109627.0;;m nuh sosok mu seperti tokoh mu jadi mendikbud kek am fadjar jauh;netral;['m', 'nuh', 'sosok', 'mu', 'tokoh', 'mu', 'mendikbud', 'kek', 'am', 'fadjar'];1
kurikulum_2013_11.csv;1.85302e+18;Sun Nov 03 12:36:05 +0000 2024;5.0;@tamerlane9470 Yah dulu juga kurikulum 1994 era Wardiman juga dianggap penyebab turunnya moralitas gara2 terlalu menitikberatkan pada sains ya sekalian itu juga.Kira2 1993 anak2 kelas dua di sawangan Depok juga bacanya blum lancar kurikulumnya masih CBSA yg katanya keseringan blajar kelompok;1.85305e+18;;tamerlane9470;in;;0.0;0.0;0.0;https://x.com/undefined/status/1853053533895176524;1.77551e+18;;yah dulu kurikulum era wardiman anggap sebab turun moralitas gara terlalu menitikberatkan sains sekali kira anak kelas dua sawangan depok baca blum lancar kurikulum masih cbsa kata sering blajar kelompok;positif;['yah', 'kurikulum', 'era', 'wardiman', 'anggap', 'turun', 'moralitas', 'gara', 'menitikberatkan', 'sains', 'anak', 'kelas', 'sawangan', 'depok', 'baca', 'blum', 'lancar', 'kurikulum', 'cbsa', 'blajar', 'kelompok'];0
kurikulum_2013_11.csv;1.85302e+18;Sun Nov 03 23:10:15 +0000 2024;3.0;@tamerlane9470 Gara gara di SD pake buku tema tema gitu gatau dah siapa itu Mendikbud nya;1.85321e+18;;tamerlane9470;in;;0.0;1.0;0.0;https://x.com/undefined/status/1853213126466142264;1.17999e+18;;gara gara sd pake buku tema tema begitu gatau siapa mendikbud;netral;['gara', 'gara', 'sd', 'pake', 'buku', 'tema', 'tema', 'gatau', 'mendikbud'];0
kurikulum_2013_11.csv;1.85302e+18;Sun Nov 03 13:06:10 +0000 2024;1.0;@tamerlane9470 Berarti tepat disalahkn klo gitu krn tdk berusaha diperbaiki kan kurikulum bisa ganti klo tdk berarti stuju dg kurikulum itu..;1.85306e+18;;tamerlane9470;in;;0.0;0.0;0.0;https://x.com/undefined/status/1853061105372868621;7.81878e+17;;arti tepat disalahkn kalau begitu krn usaha baik kurikulum bisa ganti kalau arti stuju kurikulum;positif;['arti', 'disalahkn', 'krn', 'usaha', 'kurikulum', 'ganti', 'arti', 'stuju', 'kurikulum'];3
kurikulum_2013_11.csv;1.85302e+18;Sun Nov 03 23:12:55 +0000 2024;1.0;@tamerlane9470 Betul. Tapi seburuk apakah kurikulum 2013? Aku udah gak ngikutin kurikulum selepas tahun 2000an. Dulu perasaan dari kurikulum 1975 lanjut ke 1994 (CBSA) lalu 2004 (KBK) masih baik2 saja. Gak sempurna sih tapi OK lah...;1.85321e+18;;tamerlane9470;in;;0.0;0.0;0.0;https://x.com/undefined/status/1853213800666939529;1.41095e+18;;betul tapi buruk apakah kurikulum aku gak ngikutin kurikulum lepas tahun an dulu asa kurikulum lanjut cbsa lalu kbk masih baik gak sempurna sih tapi ok;positif;['buruk', 'kurikulum', 'gak', 'ngikutin', 'kurikulum', 'lepas', 'an', 'asa', 'kurikulum', 'cbsa', 'kbk', 'gak', 'sempurna', 'sih', 'ok'];3
kurikulum_2013_11.csv;1.85302e+18;Sun Nov 03 13:34:55 +0000 2024;0.0;@tamerlane9470 Era Anies pakai 3 kurikulum;1.85307e+18;;tamerlane9470;lt;;0.0;0.0;0.0;https://x.com/undefined/status/1853068342275534939;9.06303e+17;;era anies pakai kurikulum;netral;['era', 'anies', 'pakai', 'kurikulum'];0
kurikulum_2013_11.csv;1.85302e+18;Sun Nov 03 14:11:12 +0000 2024;0.0;@tamerlane9470 Hidup kurikulum 1994!! Walaupun gue nggak jadi apa-apa jugak sih;1.85308e+18;;tamerlane9470;in;;0.0;0.0;0.0;https://x.com/undefined/status/1853077471920611734;1.24998e+18;;hidup kurikulum walaupun saya nggak jugak sih;netral;['hidup', 'kurikulum', 'nggak', 'jugak', 'sih'];0
kurikulum_2013_11.csv;1.85302e+18;Sun Nov 03 15:35:06 +0000 2024;0.0;@tamerlane9470 dari mana datanya????;1.8531e+18;;tamerlane9470;in;;0.0;0.0;0.0;https://x.com/undefined/status/1853098584620831206;1.51498e+18;;mana data;netral;['data'];0
kurikulum_2013_11.csv;1.85302e+18;Mon Nov 04 02:25:33 +0000 2024;0.0;"@tamerlane9470 The root cause is low IQ which started a long time ago hehehe. We can fix it using eugenics -&gt; politically impossible hehe.";1.85326e+18;;tamerlane9470;en;;0.0;0.0;0.0;https://x.com/undefined/status/1853262279011340357;1.12524e+18;;the root cause is low iq which started a long time ago hehehe we can fix it using eugenics gt politically impossible;netral;['the', 'root', 'cause', 'is', 'low', 'iq', 'which', 'started', 'a', 'long', 'time', 'ago', 'hehehe', 'we', 'can', 'fix', 'it', 'using', 'eugenics', 'gt', 'politically', 'impossible'];2
kurikulum_2013_11.csv;1.85302e+18;Mon Nov 04 03:08:25 +0000 2024;0.0;@tamerlane9470 Banyak orang yg nyalahin Nadiem Muhadjir dan jg Anies atas bobroknya pendidikan Indonesia saat ini Pdhl kan yg memulai semua ini adalah VOC waktu berdagang ke nusantara;1.85327e+18;;tamerlane9470;in;;0.0;0.0;0.0;https://x.com/undefined/status/1853273066887163976;1.46966e+18;;banyak orang nyalahin nadiem muhadjir anies atas bobrok didik indonesia saat pdhl mulai semua voc waktu dagang nusantara;netral;['orang', 'nyalahin', 'nadiem', 'muhadjir', 'anies', 'bobrok', 'didik', 'indonesia', 'pdhl', 'voc', 'dagang', 'nusantara'];0
kurikulum_2013_11.csv;1.85302e+18;Mon Nov 04 06:56:02 +0000 2024;0.0;@tamerlane9470 Hah? I have juniors that are from generations whose that curriculum implemented for. They are just amazing juniors. Kalo pas di SMAnya clueless ya berarti di SMPnya bermasalah. Kalo pas di SMPnya clueless ya berarti di SDnya bermasalah. Ya 2 menteri terakhir lah yg salah.;1.85333e+18;;tamerlane9470;in;;0.0;0.0;0.0;https://x.com/undefined/status/1853330347884163414;1.51265e+18;;hah i have juniors that are from generations whose that curriculum implemented for they are just amazing juniors kalo pas smanya clueless arti smpnya masalah kalo pas smpnya clueless arti sdnya masalah menteri akhir salah;negatif;['hah', 'i', 'have', 'juniors', 'that', 'are', 'from', 'generations', 'whose', 'that', 'curriculum', 'implemented', 'for', 'they', 'are', 'just', 'amazing', 'juniors', 'kalo', 'pas', 'smanya', 'clueless', 'arti', 'smpnya', 'kalo', 'pas', 'smpnya', 'clueless', 'arti', 'sdnya', 'menteri', 'salah'];0
kurikulum_2013_11.csv;1.85302e+18;Mon Nov 04 08:48:47 +0000 2024;0.0;@tamerlane9470 Yg dulu dikritik gagal jalanin UN terus disuruh mundur giliran diinterview wartawan di tv ditanya soal mundur malah cengengesan mundur ini sudah mundur .Itu bukan si?;1.85336e+18;;tamerlane9470;in;;0.0;0.0;0.0;https://x.com/undefined/status/1853358719733772651;2188298173.0;;dulu kritik gagal jalanin un terus suruh mundur gilir diinterview wartawan tv tanya soal mundur malah cengengesan mundur mundur bukan;negatif;['kritik', 'gagal', 'jalanin', 'un', 'suruh', 'mundur', 'gilir', 'diinterview', 'wartawan', 'tv', 'mundur', 'cengengesan', 'mundur', 'mundur'];4
kurikulum_2013_2.csv;1.853e+18;Sun Nov 03 10:52:58 +0000 2024;38.0;@berkunjung Mending hapus sebelum lu makin keliatan bloonnya K13 itu produk M. Nuh Anies dateng kaji ulang dan bikin permendikbud agar K13 dihentikan dan kembali ke KTSP tapi keburu direshuffle jadi M. Effendy alhamdulillah terbukti betul gw pinter dan lu yang paok ;1.85303e+18;;berkunjung;in;;1.0;4.0;0.0;https://x.com/undefined/status/1853027585493803425;289838263.0;;mending hapus belum kamu makin liat bloonnya k produk m nuh anies dateng kaji ulang bikin permendikbud agar k henti kembali ktsp tapi keburu direshuffle m effendy alhamdulillah bukti betul gw pinter kamu paok;netral;['mending', 'hapus', 'liat', 'bloonnya', 'k', 'produk', 'm', 'nuh', 'anies', 'dateng', 'kaji', 'ulang', 'bikin', 'permendikbud', 'k', 'henti', 'ktsp', 'keburu', 'direshuffle', 'm', 'effendy', 'alhamdulillah', 'bukti', 'gw', 'pinter', 'paok'];1
kurikulum_2013_2.csv;1.853e+18;Sun Nov 03 10:19:20 +0000 2024;5.0;@berkunjung M Nuh;1.85302e+18;;berkunjung;in;;0.0;1.0;0.0;https://x.com/undefined/status/1853019120142615033;546025427.0;;m nuh;netral;['m', 'nuh'];1
kurikulum_2013_2.csv;1.853e+18;Sun Nov 03 11:56:57 +0000 2024;1.0;@berkunjung Produk m. Nuh;1.85304e+18;;berkunjung;in;;0.0;1.0;0.0;https://x.com/undefined/status/1853043686738887000;566371512.0;;produk m nuh;netral;['produk', 'm', 'nuh'];1
kurikulum_2013_2.csv;1.853e+18;Sun Nov 03 09:01:29 +0000 2024;0.0;@berkunjung tolongg anak abah pinternya kebangetaaan;1.853e+18;;berkunjung;in;;0.0;0.0;0.0;https://x.com/undefined/status/1852999529827827877;1.60185e+18;;tolongg anak abah pinternya banget;netral;['tolongg', 'anak', 'abah', 'pinternya', 'banget'];3
kurikulum_2013_3.csv;3.02387e+17;Fri Feb 15 12:22:28 +0000 2013;0.0;harus beLajar Lagi deh RT @detikcom ICW dkk: Banyak Guru Tidak Siap Kurikulum 2013 akan Gagal http://t.co/xrVo4kSJ;3.02392e+17;;detikcom;in;;0.0;0.0;0.0;https://x.com/undefined/status/302392432241295360;382989997.0;;harus ajar icw banyak guru siap kurikulum gagal;negatif;['ajar', 'icw', 'guru', 'kurikulum', 'gagal'];4
kurikulum_2013_3.csv;3.02387e+17;Fri Feb 15 12:25:34 +0000 2013;0.0;siap tidak siap harus siap. RT @detikcom ICW dkk: Banyak Guru Tidak Siap Kurikulum 2013 akan Gagal http://t.co/08p9J1XC;3.02393e+17;;detikcom;in;;0.0;0.0;0.0;https://x.com/undefined/status/302393211064811520;255445635.0;;siap siap harus siap icw banyak guru siap kurikulum gagal;negatif;['icw', 'guru', 'kurikulum', 'gagal'];4
kurikulum_2013_3.csv;3.02387e+17;Fri Feb 15 19:52:48 +0000 2013;0.0;@detikcom Ini proyek gede harus direalisasikan ! Agar fee bisa didapat. Soal gagal urusan guru dan siswa ! Paham !;3.02506e+17;;detikcom;in;;0.0;0.0;0.0;https://x.com/undefined/status/302505763455262720;547929759.0;;proyek gede harus realisasi agar fee bisa dapat soal gagal urus guru siswa paham;negatif;['proyek', 'gede', 'realisasi', 'fee', 'gagal', 'urus', 'guru', 'siswa', 'paham'];4
kurikulum_2013_5.csv;;;;;;;;;;;;;;;;;netral;['nan'];0
kurikulum_2013_6.csv;5.40838e+17;Fri Dec 05 13:31:10 +0000 2014;0.0;@Kemdikbud_RI @aniesbaswedan kemarin K13 blm siap tp dipaksakan untk dilaksanakan. skrang dah jalan d hentikan. kasihan siswa buat coba2;5.40861e+17;;Kemdikdasmen;in;;0.0;1.0;3.0;https://x.com/undefined/status/540860935108177921;117495229.0;;kemarin k siap tapi paksa untk laksana skrang jalan d henti kasihan siswa buat coba;netral;['kemarin', 'k', 'paksa', 'untk', 'laksana', 'skrang', 'jalan', 'd', 'henti', 'kasihan', 'siswa', 'coba'];0
kurikulum_2013_6.csv;5.40838e+17;Fri Dec 05 12:05:12 +0000 2014;0.0;@Kemdikbud_RI @aniesbaswedan Lalu Buku pendamping yg sdh dibeli Sekolah utk th ajaran sd Jun 2015 bagaimana ?;5.40839e+17;;Kemdikdasmen;in;;0.0;0.0;2.0;https://x.com/undefined/status/540839303635402752;99922113.0;;lalu buku damping beli sekolah utk th ajar sd jun bagaimana;netral;['buku', 'damping', 'beli', 'sekolah', 'utk', 'th', 'ajar', 'sd', 'jun'];0
kurikulum_2013_6.csv;5.40838e+17;Sat Dec 06 07:04:30 +0000 2014;1.0;@kemdikbud_ri @aniesbaswedan seperti nya ijasah paket c tidak ada guna nya sama selali.. :( nasib orang ga punya :(;5.41126e+17;;Kemdikdasmen;in;;0.0;0.0;0.0;https://x.com/undefined/status/541126016953884672;2303912976.0;;seperti ijasah paket c ada guna sama lali nasib orang punya;netral;['ijasah', 'paket', 'c', 'lali', 'nasib', 'orang'];2
kurikulum_2013_6.csv;5.40838e+17;Mon Dec 08 07:56:47 +0000 2014;1.0;@kemdikbud_ri @aniesbaswedan : pak menteri ini blum 2 bln pemerintahan baru lho?;5.41864e+17;;Kemdikdasmen;in;;0.0;0.0;0.0;https://x.com/undefined/status/541863949030162433;78216313.0;;pak menteri blum bln perintah baru lho;netral;['menteri', 'blum', 'bln', 'perintah', 'lho'];1
kurikulum_2013_6.csv;5.40838e+17;Fri Dec 05 23:09:56 +0000 2014;0.0;@Kemdikbud_RI @PDI_Perjuangan @aniesbaswedan salut Anies;5.41007e+17;;Kemdikdasmen;en;;0.0;0.0;0.0;https://x.com/undefined/status/541006586194309120;2427107240.0;;salut anies;netral;['salut', 'anies'];0
kurikulum_2013_6.csv;5.40838e+17;Fri Dec 05 23:26:31 +0000 2014;0.0;@Kemdikbud_RI mohon dipertimbangkan lagi utk kurikulum 2013 trsbt krn bukan hanya siswa saja yg bingung tentang materi kurikulum tersebut;5.41011e+17;;Kemdikdasmen;in;;0.0;0.0;0.0;https://x.com/undefined/status/541010761770733568;269615503.0;;mohon timbang utk kurikulum trsbt krn bukan hanya siswa bingung tentang materi kurikulum sebut;netral;['mohon', 'timbang', 'utk', 'kurikulum', 'trsbt', 'krn', 'siswa', 'bingung', 'materi', 'kurikulum'];3
kurikulum_2013_6.csv;5.40838e+17;Fri Dec 05 23:28:54 +0000 2014;0.0;"@Kemdikbud_RI untuk penerapan materi mungkin siswa sd yang baru menginjakkan kaki dibangku sekolah msih bingung &amp; perlu bimbingan lebih";5.41011e+17;;Kemdikdasmen;in;;0.0;0.0;0.0;https://x.com/undefined/status/541011360356646912;269615503.0;;terap materi mungkin siswa sd baru injak kaki bang sekolah msih bingung amp perlu bimbing lebih;netral;['terap', 'materi', 'siswa', 'sd', 'injak', 'kaki', 'bang', 'sekolah', 'msih', 'bingung', 'amp', 'bimbing'];4
kurikulum_2013_6.csv;5.40838e+17;Fri Dec 05 23:39:28 +0000 2014;0.0;@Kemdikbud_RI @aniesbaswedan trs dana milyaran itu sia2 dong ?;5.41014e+17;;Kemdikdasmen;in;;0.0;0.0;0.0;https://x.com/undefined/status/541014017938976770;71902090.0;;trs dana milyaran sia;netral;['trs', 'dana', 'milyaran', 'sia'];1
kurikulum_2013_6.csv;5.40838e+17;Fri Dec 05 23:45:34 +0000 2014;0.0;@Kemdikbud_RI @MuhamadIqbal_15 @aniesbaswedan cakep;5.41016e+17;;Kemdikdasmen;en;;0.0;0.0;0.0;https://x.com/undefined/status/541015556665524224;1332782634.0;;cakep;netral;['cakep'];3
kurikulum_2013_6.csv;5.40838e+17;Sat Dec 06 01:02:10 +0000 2014;0.0;@Kemdikbud_RI @aniesbaswedan bukannya tdk mau ada perubahan. Tp segala sesuatunya hrs direncanakan dg matang. Jgn trburu2.;5.41035e+17;;Kemdikdasmen;in;;0.0;0.0;0.0;https://x.com/undefined/status/541034831883145218;1651524246.0;;bukan mau ada ubah tapi segala sesuatu hrs rencana matang jgn trburu;netral;['ubah', 'hrs', 'rencana', 'matang', 'jgn', 'trburu'];4
kurikulum_2013_6.csv;5.40838e+17;Sat Dec 06 01:02:51 +0000 2014;0.0;@Kemdikbud_RI @aniesbaswedan Gagal dlm perencanaan sama saja merencanakan kegagalan.;5.41035e+17;;Kemdikdasmen;in;;0.0;0.0;0.0;https://x.com/undefined/status/541035001706344448;1651524246.0;;gagal dlm rencana sama rencana gagal;negatif;['gagal', 'dlm', 'rencana', 'rencana', 'gagal'];4
kurikulum_2013_6.csv;5.40838e+17;Sat Dec 06 01:11:35 +0000 2014;0.0;@Kemdikbud_RI @aniesbaswedan K13 semakin cepat dihentikan semakin baik jika ada yg brkata sayang K13 sdh menelan biaya trilyunan waktu dll;5.41037e+17;;Kemdikdasmen;in;;0.0;0.0;0.0;https://x.com/undefined/status/541037201274834944;2498977927.0;;k makin cepat henti makin baik jika ada brkata sayang k tel biaya trilyunan waktu dll;positif;['k', 'cepat', 'henti', 'brkata', 'sayang', 'k', 'tel', 'biaya', 'trilyunan', 'dll'];3
kurikulum_2013_6.csv;5.40838e+17;Sat Dec 06 01:13:30 +0000 2014;0.0;@Kemdikbud_RI @aniesbaswedan jwbnya: sayang mana dg siswa ke depan akhrnya guru jg hmpir setiap menit berkubang dg penilaian yg mengada2.;5.41038e+17;;Kemdikdasmen;in;;0.0;0.0;0.0;https://x.com/undefined/status/541037682663518208;2498977927.0;;jwbnya sayang mana siswa depan akhrnya guru hmpir tiap menit kubang nilai ada;netral;['jwbnya', 'sayang', 'siswa', 'akhrnya', 'guru', 'hmpir', 'menit', 'kubang', 'nilai'];2
kurikulum_2013_6.csv;5.40838e+17;Sat Dec 06 01:14:57 +0000 2014;0.0;@Kemdikbud_RI @aniesbaswedan trs kpn waktu mengajarnya waktu utk curhat siswa dll. Biarin dana K13 hilang wong itu semacam prog memaksa;5.41038e+17;;Kemdikdasmen;in;;0.0;0.0;0.0;https://x.com/undefined/status/541038047500840960;2498977927.0;;trs kpn waktu ajar waktu utk curhat siswa dll biarin dana k hilang wong macam prog paksa;netral;['trs', 'kpn', 'ajar', 'utk', 'curhat', 'siswa', 'dll', 'biarin', 'dana', 'k', 'hilang', 'prog', 'paksa'];3
kurikulum_2013_6.csv;5.40838e+17;Sat Dec 06 01:17:17 +0000 2014;0.0;@Kemdikbud_RI @aniesbaswedan belum ada evaluasi sosialisasi dan kajian yg dalam dipaksanakan jalan. Terus lanjutkan pak menteri kami dukung;5.41039e+17;;Kemdikdasmen;in;;0.0;0.0;0.0;https://x.com/undefined/status/541038634502082560;2498977927.0;;ada evaluasi sosialisasi kaji dalam dipaksanakan jalan terus lanjut pak menteri kami dukung;netral;['evaluasi', 'sosialisasi', 'kaji', 'dipaksanakan', 'jalan', 'menteri', 'dukung'];1
kurikulum_2013_6.csv;5.40838e+17;Sat Dec 06 01:19:17 +0000 2014;0.0;@Kemdikbud_RI @aniesbaswedan Thn pertama hanya sekolah inti yg melaksanakan tahun kedua ada intruksi seluruh sekolah wajib melaksanakan ;5.41039e+17;;Kemdikdasmen;in;;0.0;0.0;0.0;https://x.com/undefined/status/541039139664039937;2498977927.0;;thn pertama hanya sekolah inti laksana tahun dua ada intruksi seluruh sekolah wajib laksana;netral;['thn', 'sekolah', 'inti', 'laksana', 'intruksi', 'sekolah', 'wajib', 'laksana'];2
kurikulum_2013_6.csv;5.40838e+17;Sat Dec 06 01:21:19 +0000 2014;0.0;@Kemdikbud_RI @aniesbaswedan apakah ini tdk dikatakan mengada2 dan memaksa seolah2 K13 bisa diterima seluruh sklh?;5.4104e+17;;Kemdikdasmen;in;;0.0;0.0;0.0;https://x.com/undefined/status/541039652484816897;2498977927.0;;apakah kata ada paksa olah k bisa terima seluruh sklh;netral;['paksa', 'olah', 'k', 'terima', 'sklh'];3
kurikulum_2013_6.csv;5.40838e+17;Sat Dec 06 01:57:05 +0000 2014;0.0;@Kemdikbud_RI @aniesbaswedan sy mendukung sepenuhnya tp tolong jgn buat anak2 stres dg gonta ganti kurikulum;5.41049e+17;;Kemdikdasmen;in;;0.0;0.0;0.0;https://x.com/undefined/status/541048650122547200;2295713558.0;;sy dukung sepenuh tapi tolong jgn buat anak stres gonta ganti kurikulum;netral;['sy', 'dukung', 'sepenuh', 'tolong', 'jgn', 'anak', 'stres', 'gonta', 'ganti', 'kurikulum'];1
kurikulum_2013_6.csv;5.40838e+17;Sat Dec 06 02:15:54 +0000 2014;0.0;@Kemdikbud_RI @aniesbaswedan yg udah 2tahun make kur13 dihentikan juga gak? ;5.41053e+17;;Kemdikdasmen;in;;0.0;0.0;0.0;https://x.com/undefined/status/541053389165957120;396971339.0;;tahun make kur henti gak;netral;['make', 'kur', 'henti', 'gak'];1
kurikulum_2013_6.csv;5.40838e+17;Fri Dec 05 13:45:27 +0000 2014;0.0;@Kemdikbud_RI Buku utamax saja blm ada apalagi buku pendamping;5.40865e+17;;Kemdikdasmen;in;;0.0;0.0;0.0;https://x.com/undefined/status/540864530432028674;2572446367.0;;buku utamax ada apalagi buku damping;netral;['buku', 'utamax', 'buku', 'damping'];0
kurikulum_2013_6.csv;5.40838e+17;Fri Dec 05 13:49:09 +0000 2014;0.0;Seriusan? YaAllah senengnya:') @Kemdikbud_RI Mendikbud @aniesbaswedan menghentikan jalannya kurikulum 2013 bagi sekolah yg br melaksakan 1 ;5.40865e+17;;Kemdikdasmen;in;;0.0;0.0;0.0;https://x.com/undefined/status/540865460976115713;236741168.0;;serius yaallah neng mendikbud henti jalan kurikulum bagi sekolah br laksa;netral;['serius', 'yaallah', 'neng', 'mendikbud', 'henti', 'jalan', 'kurikulum', 'sekolah', 'br', 'laksa'];0
kurikulum_2013_6.csv;5.40838e+17;Fri Dec 05 14:12:10 +0000 2014;0.0;@Kemdikbud_RI kenapa ganti kurikulum mendadak. Gimana nasib mahasiswa yg lagi ngambil tema skripsi kurikulum 2013. Ngulang dari awal?;5.40871e+17;;Kemdikdasmen;in;;0.0;0.0;0.0;https://x.com/undefined/status/540871253960056832;225226205.0;;kenapa ganti kurikulum dadak gimana nasib mahasiswa ngambil tema skripsi kurikulum ngulang awal;netral;['ganti', 'kurikulum', 'dadak', 'gimana', 'nasib', 'mahasiswa', 'ngambil', 'tema', 'skripsi', 'kurikulum', 'ngulang'];0
kurikulum_2013_6.csv;5.40838e+17;Fri Dec 05 14:13:33 +0000 2014;0.0;@Kemdikbud_RI @Kemdikbud_RI TERIMAKASIH BANYAK PAK @aniesbaswedan ;5.40872e+17;;Kemdikdasmen;in;;0.0;0.0;0.0;https://x.com/undefined/status/540871601185894400;865796348.0;;terimakasih banyak pak;netral;['terimakasih'];1
kurikulum_2013_6.csv;5.40838e+17;Fri Dec 05 14:23:20 +0000 2014;0.0;alhamdulillah RT@Kemdikbud_RI: Mendikbud @aniesbaswedan menghentikan jalannya kurikulum 2013 bagi sekolah yg br melaksakan 1 semester;5.40874e+17;;Kemdikdasmen;in;;0.0;0.0;0.0;https://x.com/undefined/status/540874066131841024;1057846693.0;;alhamdulillah mendikbud henti jalan kurikulum bagi sekolah br laksa semester;netral;['alhamdulillah', 'mendikbud', 'henti', 'jalan', 'kurikulum', 'sekolah', 'br', 'laksa', 'semester'];1
kurikulum_2013_6.csv;5.40838e+17;Fri Dec 05 14:34:48 +0000 2014;0.0;@Kemdikbud_RI @aniesbaswedan Alhmdulillah semoga K13 dihentikan. Karena ini yg sebenarnya diresahkan siswa pendidik dan ortu;5.40877e+17;;Kemdikdasmen;in;;0.0;0.0;0.0;https://x.com/undefined/status/540876948935688192;2498977927.0;;alhmdulillah moga k henti benar resah siswa didik ortu;netral;['alhmdulillah', 'moga', 'k', 'henti', 'resah', 'siswa', 'didik', 'ortu'];3
kurikulum_2013_6.csv;5.40838e+17;Fri Dec 05 14:34:52 +0000 2014;0.0;@Kemdikbud_RI @aniesbaswedan jam pembelajarannya saja yang diubah...krn sekarang jam pembelajarannya terlalu lamaaaa.;5.40877e+17;;Kemdikdasmen;in;;0.0;0.0;0.0;https://x.com/undefined/status/540876966107176960;360425949.0;;jam ajar ubah krn sekarang jam ajar terlalu lama;netral;['jam', 'ajar', 'ubah', 'krn', 'jam', 'ajar'];2
kurikulum_2013_6.csv;5.40838e+17;Fri Dec 05 14:38:09 +0000 2014;0.0;@Kemdikbud_RI @aniesbaswedan semoga menjadi keputusan yg baik jujur saya lebih suka K13 dari pd seblmnya. hanya perlu disempurnakan;5.40878e+17;;Kemdikdasmen;in;;0.0;0.0;0.0;https://x.com/undefined/status/540877793639165952;512465954.0;;moga jadi putus baik jujur saya lebih suka k pd seblmnya hanya perlu sempurna;positif;['moga', 'putus', 'jujur', 'suka', 'k', 'pd', 'seblmnya', 'sempurna'];4
kurikulum_2013_6.csv;5.40838e+17;Fri Dec 05 14:44:37 +0000 2014;0.0;@Kemdikbud_RI terimakasih banyak pak @aniesbaswedan ;5.40879e+17;;Kemdikdasmen;in;;0.0;0.0;0.0;https://x.com/undefined/status/540879422317142017;233106991.0;;terimakasih banyak pak;netral;['terimakasih'];1
kurikulum_2013_6.csv;5.40838e+17;Fri Dec 05 14:45:05 +0000 2014;0.0;@Kemdikbud_RI Bagusssss!!;5.4088e+17;;Kemdikdasmen;in;;0.0;0.0;0.0;https://x.com/undefined/status/540879539367194625;1715206128.0;;bagus;positif;['bagus'];0
kurikulum_2013_6.csv;5.40838e+17;Fri Dec 05 22:16:55 +0000 2014;0.0;@Kemdikbud_RI @PDI_Perjuangan @aniesbaswedan apapun kurikulumnya klo dluar sekolah ga pernah belajar ya sama saja;5.40993e+17;;Kemdikdasmen;in;;0.0;0.0;0.0;https://x.com/undefined/status/540993244289462272;2224954962.0;;apa kurikulum kalau dluar sekolah pernah ajar sama;netral;['kurikulum', 'dluar', 'sekolah', 'ajar'];0
kurikulum_2013_6.csv;5.40838e+17;Sat Dec 06 12:58:25 +0000 2014;0.0;@Kemdikbud_RI @aniesbaswedan UN yg bikin siswa keblinger dg 20 paket kapan dicopot pakk?: );5.41215e+17;;Kemdikdasmen;in;;0.0;0.0;0.0;https://x.com/undefined/status/541215082483437568;1353512318.0;;un bikin siswa keblinger paket kapan copot pakk;netral;['un', 'bikin', 'siswa', 'keblinger', 'paket', 'copot', 'pakk'];3
kurikulum_2013_6.csv;5.40838e+17;Sat Dec 06 13:05:24 +0000 2014;0.0;@Kemdikbud_RI alasannya kenapa min maaf kurang update :p;5.41217e+17;;Kemdikdasmen;in;;0.0;0.0;0.0;https://x.com/undefined/status/541216840685735936;628496884.0;;alas kenapa min maaf kurang update p;negatif;['alas', 'min', 'maaf', 'update', 'p'];4
kurikulum_2013_6.csv;5.40838e+17;Sat Dec 06 15:38:31 +0000 2014;0.0;@Kemdikbud_RI @aniesbaswedan Pak menteri saya sdh nyaman dgn kurikulum 2013 karena dpt membantu siswa menjadi lebih aktif saya tdk setuju;5.41255e+17;;Kemdikdasmen;in;;0.0;0.0;0.0;https://x.com/undefined/status/541255371461898240;1454030718.0;;pak menteri saya nyaman kurikulum dpt bantu siswa jadi lebih aktif saya tuju;netral;['menteri', 'nyaman', 'kurikulum', 'dpt', 'bantu', 'siswa', 'aktif', 'tuju'];4
kurikulum_2013_6.csv;5.40838e+17;Sat Dec 06 15:39:38 +0000 2014;0.0;@Kemdikbud_RI @aniesbaswedan dan kalau ini benar terjadi kami harus beradaptasi lg untuk kurikulum 2006 tolong pertimbangaannya pak;5.41256e+17;;Kemdikdasmen;in;;0.0;0.0;0.0;https://x.com/undefined/status/541255651838550017;1454030718.0;;kalau benar jadi kami harus adaptasi lg kurikulum tolong pertimbangaannya pak;netral;['adaptasi', 'lg', 'kurikulum', 'tolong', 'pertimbangaannya'];0
kurikulum_2013_6.csv;5.40838e+17;Sun Dec 07 04:55:27 +0000 2014;0.0;@Kemdikbud_RI @aniesbaswedan Terima kasih ya... pak.;5.41456e+17;;Kemdikdasmen;in;;0.0;0.0;0.0;https://x.com/undefined/status/541455925479870464;2809387250.0;;terima kasih pak;netral;['terima', 'kasih'];3
kurikulum_2013_6.csv;5.40838e+17;Sun Dec 07 07:11:42 +0000 2014;0.0;@Kemdikbud_RI @anisbaswedan. Napa jadi bolak balik separti ini??;5.4149e+17;;Kemdikdasmen;in;;0.0;0.0;0.0;https://x.com/undefined/status/541490216830128130;2903515432.0;;napa bolak balik separti;netral;['napa', 'bolak', 'separti'];1
kurikulum_2013_6.csv;5.40838e+17;Sun Dec 07 07:24:34 +0000 2014;0.0;@Kemdikbud_RI @aniesbaswedan tapi gimana sama sekolah yang sudah 3 semester pake kurikulum 2013?;5.41493e+17;;Kemdikdasmen;in;;0.0;0.0;0.0;https://x.com/undefined/status/541493451834277888;1652667613.0;;tapi gimana sama sekolah semester pake kurikulum;netral;['gimana', 'sekolah', 'semester', 'pake', 'kurikulum'];1
kurikulum_2013_6.csv;5.40838e+17;Sun Dec 07 13:40:39 +0000 2014;0.0;@Kemdikbud_RI @aniesbaswedan terimakasih atas perhatiannya pak:);5.41588e+17;;Kemdikdasmen;in;;0.0;0.0;0.0;https://x.com/undefined/status/541588097050218496;623471012.0;;terimakasih atas perhati pak;netral;['terimakasih', 'perhati'];1
kurikulum_2013_6.csv;5.40838e+17;Sun Dec 07 14:23:46 +0000 2014;0.0;@Kemdikbud_RI @aniesbaswedan Masih belum tau K-13 macam gimana. Wong masih pake K-6. Belum rasain yg katanya bikin murid 'Mumet'.;5.41599e+17;;Kemdikdasmen;in;;0.0;0.0;0.0;https://x.com/undefined/status/541598949702782977;2340127760.0;;masih tau k macam gimana wong masih pake k rasain kata bikin murid mumet;netral;['tau', 'k', 'gimana', 'pake', 'k', 'rasain', 'bikin', 'murid', 'mumet'];3
kurikulum_2013_6.csv;5.40838e+17;Sun Dec 07 23:14:05 +0000 2014;0.0;@Kemdikbud_RI @Hardis99_ @aniesbaswedan Tidak semua pelajar indonesia suka kpda K13 ini.diperbaiki lbh baik lagi saja.;5.41732e+17;;Kemdikdasmen;in;;0.0;0.0;0.0;https://x.com/undefined/status/541732409469718528;551735623.0;;semua ajar indonesia suka kpda k baik lbh baik;positif;['ajar', 'indonesia', 'suka', 'kpda', 'k', 'lbh'];3
kurikulum_2013_6.csv;5.40838e+17;Mon Dec 08 11:41:33 +0000 2014;0.0;@Kemdikbud_RI @aniesbaswedan Semoga Pak. Menteri lebih peduli terhadap Pendidikan anak Indonesia. Aaminnn! :));5.41921e+17;;Kemdikdasmen;in;;0.0;0.0;0.0;https://x.com/undefined/status/541920513837125633;795040316.0;;moga pak menteri lebih peduli hadap didik anak indonesia aamin;positif;['moga', 'menteri', 'peduli', 'hadap', 'didik', 'anak', 'indonesia', 'aamin'];1
kurikulum_2013_6.csv;5.40838e+17;Mon Dec 08 13:22:14 +0000 2014;0.0;@Kemdikbud_RI @desri_ss @aniesbaswedan gak asik kurikulum 13 coeg...;5.41946e+17;;Kemdikdasmen;in;;0.0;0.0;0.0;https://x.com/undefined/status/541945852533542913;2914719384.0;;gak asik kurikulum coeg;netral;['gak', 'asik', 'kurikulum', 'coeg'];3
kurikulum_2013_7.csv;1.30726e+18;Sat Sep 19 10:21:38 +0000 2020;3.0;@fadlizon Keterlaluan menteri dibawah umur ini ngak bisa memutar balik sejarah mau pula sejarah dihilangkan;1.30726e+18;;fadlizon;in;;0.0;0.0;1.0;https://x.com/undefined/status/1307263574331461633;601656739.0;;terlalu menteri bawah umur ngak bisa putar balik sejarah mau pula sejarah hilang;netral;['menteri', 'umur', 'ngak', 'putar', 'sejarah', 'sejarah', 'hilang'];1
kurikulum_2013_7.csv;1.30726e+18;Sat Sep 19 10:38:09 +0000 2020;3.0;@fadlizon Kadang bingung knp hal2 spt ini yg dipikirkan harusnya berikan kurikulum yg tdk memberatkan para pelajar dan stlh lulus ada jaminan bs bermanfaat ilmunya alias ga cuma ngojek atw nyupri onlen;1.30727e+18;;fadlizon;in;;0.0;1.0;1.0;https://x.com/undefined/status/1307267729712267264;8.28814e+17;;kadang bingung knp hal spt pikir harus ikan kurikulum berat para ajar stlh lulus ada jamin bs manfaat ilmu alias cuma ngojek atw nyupri onlen;netral;['kadang', 'bingung', 'knp', 'spt', 'pikir', 'ikan', 'kurikulum', 'berat', 'ajar', 'stlh', 'lulus', 'jamin', 'bs', 'manfaat', 'ilmu', 'alias', 'ngojek', 'atw', 'nyupri', 'onlen'];3
kurikulum_2013_7.csv;1.30726e+18;Sat Sep 19 10:59:43 +0000 2020;3.0;@fadlizon Model anggota dewan seperti anda kenapa laku yaa ? Terus apa gunanya DPR ?;1.30727e+18;;fadlizon;in;;0.0;0.0;1.0;https://x.com/undefined/status/1307273158190276608;1.00327e+18;;model anggota dewan seperti anda kenapa laku yaa terus guna dpr;netral;['model', 'anggota', 'dewan', 'laku', 'yaa', 'dpr'];2
kurikulum_2013_7.csv;1.30726e+18;Sat Sep 19 15:49:11 +0000 2020;2.0;@fadlizon @msaid_didu Yang saya heran para Konsultan dan para Pakar Pendidikan di Kemendiknas itu pada ngapain kerjanya? Kok Menteri punya rencana menghilangkan Mapel Sejarah mereka diam saja??;1.30735e+18;;fadlizon;in;;0.0;0.0;0.0;https://x.com/undefined/status/1307346003268268033;52307891.0;;saya heran para konsultan para pakar didik kemendiknas ngapain kerja menteri punya rencana hilang mapel sejarah mereka diam;netral;['heran', 'konsultan', 'pakar', 'didik', 'kemendiknas', 'ngapain', 'kerja', 'menteri', 'rencana', 'hilang', 'mapel', 'sejarah', 'diam'];1
kurikulum_2013_7.csv;1.30726e+18;Sat Sep 19 10:30:25 +0000 2020;1.0;@fadlizon GANTI GANTI GANTI !!!! (kuatir kalau peristiwa makar spt G30S/PKI jadi cerita bagus);1.30727e+18;;fadlizon;in;;0.0;0.0;0.0;https://x.com/undefined/status/1307265785845358593;1.25705e+18;;ganti ganti ganti kuatir kalau peristiwa makar spt g s pki cerita bagus;positif;['ganti', 'ganti', 'ganti', 'kuatir', 'peristiwa', 'makar', 'spt', 'g', 's', 'pki', 'cerita', 'bagus'];2
kurikulum_2013_7.csv;1.30726e+18;Sat Sep 19 10:53:15 +0000 2020;1.0;@fadlizon Ini orang selalu bikin sesansi bukanya ngatasi bageman anak bisa belajar dengan mudah di saat pandemi kok malah punya ide mundur ke jaman batu;1.30727e+18;;fadlizon;in;;0.0;0.0;0.0;https://x.com/undefined/status/1307271529009262592;1.29138e+18;;orang selalu bikin sesansi buka ngatasi bageman anak bisa ajar mudah saat pandemi malah punya ide mundur jaman batu;positif;['orang', 'bikin', 'sesansi', 'buka', 'ngatasi', 'bageman', 'anak', 'ajar', 'mudah', 'pandemi', 'ide', 'mundur', 'jaman', 'batu'];3
kurikulum_2013_7.csv;1.30726e+18;Sat Sep 19 12:35:18 +0000 2020;1.0;@fadlizon Oalah diem diem.mbok seng nalar dadi menungso iki.eneke koon sebab sejarah.sejarah bapakmu nikah karo si mbokmu.MIKIRO diem.ojo mendemae;1.3073e+18;;fadlizon;in;;0.0;0.0;0.0;https://x.com/undefined/status/1307297212645269506;1.23777e+18;;oalah diem diem mbok seng nalar dadi menungso iki eneke koon sebab sejarah sejarah bapak nikah karo mbok mikiro diem ojo mendemae;netral;['oalah', 'diem', 'diem', 'mbok', 'seng', 'nalar', 'dadi', 'menungso', 'iki', 'eneke', 'koon', 'sejarah', 'sejarah', 'nikah', 'karo', 'mbok', 'mikiro', 'diem', 'ojo', 'mendemae'];3
kurikulum_2013_7.csv;1.30726e+18;Sat Sep 19 16:38:52 +0000 2020;1.0;@fadlizon @msaid_didu Gw beneran ga paham logika jokowi angkat nadiem sebagai menteri pendidikan. Dari sudut manapun gda yg masuk;1.30736e+18;;fadlizon;in;;0.0;0.0;0.0;https://x.com/undefined/status/1307358506555637762;1.20752e+18;;gw beneran paham logika jokowi angkat nadiem bagai menteri didik sudut mana gda masuk;netral;['gw', 'beneran', 'paham', 'logika', 'jokowi', 'angkat', 'nadiem', 'menteri', 'didik', 'sudut', 'gda', 'masuk'];3
kurikulum_2013_7.csv;1.30726e+18;Sat Sep 19 23:33:05 +0000 2020;1.0;@fadlizon @msaid_didu Banyak orang2 pintar tapi ke blinger pelajaran sejarah mau di hapus sebentar gue mikir gue orang bego masa sih mentri bego juga kaya gue bego bin tolol;1.30746e+18;;fadlizon;in;;0.0;0.0;0.0;https://x.com/undefined/status/1307462747374850048;1.23903e+18;;banyak orang pintar tapi blinger ajar sejarah mau hapus sebentar saya mikir saya orang bego masa sih tri bego kaya saya bego bin tolol;netral;['orang', 'pintar', 'blinger', 'ajar', 'sejarah', 'hapus', 'sebentar', 'mikir', 'orang', 'bego', 'sih', 'tri', 'bego', 'kaya', 'bego', 'bin', 'tolol'];2
kurikulum_2013_7.csv;1.30726e+18;Sun Sep 20 03:43:53 +0000 2020;0.0;@fadlizon Udah tau pak nadiem bos ojek online dikasih jabatan menteri pendidikan itu udah jauh banget level nya ga akan ngerti dia klo sejarah bakal dihilangkan;1.30753e+18;;fadlizon;in;;0.0;0.0;0.0;https://x.com/undefined/status/1307525864221863942;1.30407e+18;;tau pak nadiem bos ojek online kasih jabat menteri didik jauh sangat level ngerti dia kalau sejarah bakal hilang;netral;['tau', 'nadiem', 'bos', 'ojek', 'online', 'kasih', 'jabat', 'menteri', 'didik', 'level', 'ngerti', 'sejarah', 'hilang'];1
kurikulum_2013_7.csv;1.30726e+18;Sat Sep 19 10:05:57 +0000 2020;0.0;@fadlizon Dia harusnya jadi menristek bukan Mendikbud ;1.30726e+18;;fadlizon;in;;0.0;0.0;0.0;https://x.com/undefined/status/1307259625893318656;1.24167e+18;;dia harus menristek bukan mendikbud;netral;['menristek', 'mendikbud'];2
kurikulum_2013_7.csv;1.30726e+18;Sat Sep 19 10:10:30 +0000 2020;0.0;@fadlizon Emang @nadiemmakarim Sekolahnya dimana Sejarah negri sndri dihilangkan Aturan nyeleneh Hargai perjuangan bangsa Hargai nyawa pahlawan Jika benar hilang Mentri yang kurang tepat Bukan memajukan bangsa malah menghilangkan sejarah bangsa Bangsa merdeka sendiri Bukan dikasih;1.30726e+18;;fadlizon;in;;0.0;0.0;0.0;https://x.com/undefined/status/1307260772511178757;1958187805.0;;emang sekolah mana sejarah negri sndri hilang atur nyeleneh harga juang bangsa harga nyawa pahlawan jika benar hilang tri kurang tepat bukan maju bangsa malah hilang sejarah bangsa bangsa merdeka sendiri bukan kasih;negatif;['emang', 'sekolah', 'sejarah', 'negri', 'sndri', 'hilang', 'atur', 'nyeleneh', 'harga', 'juang', 'bangsa', 'harga', 'nyawa', 'pahlawan', 'hilang', 'tri', 'maju', 'bangsa', 'hilang', 'sejarah', 'bangsa', 'bangsa', 'merdeka', 'kasih'];2
kurikulum_2013_7.csv;1.30726e+18;Sat Sep 19 10:55:09 +0000 2020;0.0;@fadlizon Pak @fadlizon adalah dosen sejarah Rusia Modern dan skripsi yang tebal adalah mengenai sejarah pantas beliau protes. Saya murid beliau waktu dl di bangku kuliah terima kasih mengajarkan arti sejarah tidak ada sejarah berarti tidak ada yang dapat diolah dalam statistik;1.30727e+18;;fadlizon;in;;0.0;0.0;0.0;https://x.com/undefined/status/1307272006874746880;1.25955e+18;;pak dosen sejarah rusia modern skripsi tebal kena sejarah pantas beliau protes saya murid beliau waktu dl bangku kuliah terima kasih ajar arti sejarah ada sejarah arti ada dapat olah dalam statistik;netral;['dosen', 'sejarah', 'rusia', 'modern', 'skripsi', 'tebal', 'kena', 'sejarah', 'beliau', 'protes', 'murid', 'beliau', 'dl', 'bangku', 'kuliah', 'terima', 'kasih', 'ajar', 'arti', 'sejarah', 'sejarah', 'arti', 'olah', 'statistik'];3
kurikulum_2013_7.csv;1.30726e+18;Sat Sep 19 11:23:58 +0000 2020;0.0;@fadlizon Sangat TIDAK mendidik anak BANGSA. Ra becus;1.30728e+18;;fadlizon;in;;0.0;0.0;0.0;https://x.com/undefined/status/1307279259845574656;1.27386e+18;;sangat didik anak bangsa ra becus;netral;['didik', 'anak', 'bangsa', 'ra', 'becus'];1
kurikulum_2013_7.csv;1.30726e+18;Sat Sep 19 11:46:24 +0000 2020;0.0;@fadlizon Wahh... Parah.. Katanya jas merah kok sejarah dihilangkan;1.30728e+18;;fadlizon;in;;0.0;0.0;0.0;https://x.com/undefined/status/1307284908042104832;202645608.0;;wahh parah kata jas merah sejarah hilang;negatif;['wahh', 'parah', 'jas', 'merah', 'sejarah', 'hilang'];4
kurikulum_2013_7.csv;1.30726e+18;Sat Sep 19 12:11:40 +0000 2020;0.0;@fadlizon Begini kalau di serahkan yg bukan ahlinya ...ambyar;1.30729e+18;;fadlizon;in;;0.0;0.0;0.0;https://x.com/undefined/status/1307291263419310080;1.30706e+18;;begini kalau serah bukan ahli ambyar;netral;['serah', 'ahli', 'ambyar'];2
kurikulum_2013_7.csv;1.30726e+18;Sat Sep 19 13:15:08 +0000 2020;0.0;@fadlizon Ini titipan siapa sebenanya? Kok misinyanyaNgrusak bangsa n negara;1.30731e+18;;fadlizon;in;;0.0;0.0;0.0;https://x.com/undefined/status/1307307238470504450;3686232672.0;;titip siapa bena misinyanyangrusak bangsa n negara;netral;['titip', 'bena', 'misinyanyangrusak', 'bangsa', 'n', 'negara'];3
kurikulum_2013_7.csv;1.30726e+18;Sat Sep 19 14:21:58 +0000 2020;0.0;@fadlizon Mungkin karna beliau lahir dan berpendidikan diluar pak @fadlizon https://t.co/EzewFk62n9;1.30732e+18;https://pbs.twimg.com/media/EiSMS2xUYAAHI94.jpg;fadlizon;in;;0.0;0.0;0.0;https://x.com/undefined/status/1307324057604378625;146802163.0;;mungkin karna beliau lahir didik luar pak;netral;['karna', 'beliau', 'lahir', 'didik'];4
kurikulum_2013_7.csv;1.30726e+18;Sat Sep 19 15:42:23 +0000 2020;0.0;@fadlizon @msaid_didu Jangan sampai sejarah PKI hilang dari dunia Pendidikan... berbahaya!;1.30734e+18;;fadlizon;in;;0.0;0.0;0.0;https://x.com/undefined/status/1307344293225402370;2926855970.0;;jangan sampai sejarah pki hilang dunia didik bahaya;netral;['sejarah', 'pki', 'hilang', 'dunia', 'didik', 'bahaya'];1
kurikulum_2013_7.csv;1.30726e+18;Sat Sep 19 16:17:34 +0000 2020;0.0;@fadlizon @msaid_didu Hmmm matpel sejarah mau dihilangkan? Tujuannya apa coba? Biar generasi muda lupa dg sejarah berdiri dan lika liku perjalanan bangsa ini? Astaghfirullah nih mendik paling aneh sepanjang masa;1.30735e+18;;fadlizon;in;;0.0;0.0;0.0;https://x.com/undefined/status/1307353148651008000;7.93418e+17;;hm matpel sejarah mau hilang tuju coba biar generasi muda lupa sejarah diri lika liku jalan bangsa astaghfirullah nih dik paling aneh panjang masa;negatif;['hm', 'matpel', 'sejarah', 'hilang', 'tuju', 'coba', 'biar', 'generasi', 'muda', 'lupa', 'sejarah', 'lika', 'liku', 'jalan', 'bangsa', 'astaghfirullah', 'nih', 'dik', 'aneh'];2
kurikulum_2013_7.csv;1.30726e+18;Sun Sep 20 01:04:48 +0000 2020;0.0;@fadlizon @msaid_didu Ada masa depan karena ada masa lalu;1.30749e+18;;fadlizon;in;;0.0;0.0;0.0;https://x.com/undefined/status/1307485828931661825;4213299624.0;;ada masa depan ada masa lalu;netral;[];0
kurikulum_2013_7.csv;1.30726e+18;Sun Sep 20 01:49:13 +0000 2020;0.0;@fadlizon Akan khilangan arti bangsa;1.3075e+18;;fadlizon;in;;0.0;0.0;0.0;https://x.com/undefined/status/1307497009159364608;2303044638.0;;khilangan arti bangsa;netral;['khilangan', 'arti', 'bangsa'];2
kurikulum_2013_7.csv;1.30726e+18;Sun Sep 20 01:54:25 +0000 2020;0.0;@fadlizon @msaid_didu JAS MERAH Jangan sekali kali melupakan sejarah;1.3075e+18;;fadlizon;in;;0.0;0.0;0.0;https://x.com/undefined/status/1307498314917507072;1.26566e+18;;jas merah jangan sekali kali lupa sejarah;netral;['jas', 'merah', 'kali', 'lupa', 'sejarah'];4
kurikulum_2013_7.csv;1.30726e+18;Sun Sep 20 02:32:02 +0000 2020;0.0;@fadlizon @msaid_didu Tau nya cuman dagang...percuman jauh2 cari izajah klau cuman syarat bekal dtanya..di negeri ini SDM kita beda yg d btuhkan otak yg menghasilkan kebijkan2 yg tepat bkn asal panah saja asal busur nya terbang saja..klau pelajaran sejarah d hapus.dtnya presiden pertama siapa?anu anu;1.30751e+18;;fadlizon;in;;0.0;0.0;0.0;https://x.com/undefined/status/1307507781742723074;9.94985e+17;;tau cuman dagang cuman jauh cari izajah klau cuman syarat bekal dtanya negeri sdm kita beda d btuhkan otak hasil kebijkan tepat bkn asal panah asal busur terbang klau ajar sejarah d hapus dtnya presiden pertama siapa anu anu;netral;['tau', 'cuman', 'dagang', 'cuman', 'cari', 'izajah', 'klau', 'cuman', 'syarat', 'bekal', 'dtanya', 'negeri', 'sdm', 'beda', 'd', 'btuhkan', 'otak', 'hasil', 'kebijkan', 'bkn', 'panah', 'busur', 'terbang', 'klau', 'ajar', 'sejarah', 'd', 'hapus', 'dtnya', 'presiden', 'anu', 'anu'];0
kurikulum_2013_7.csv;1.30726e+18;Sun Sep 20 02:38:51 +0000 2020;0.0;@fadlizon Untuk anak ko coba-coba..;1.30751e+18;;fadlizon;in;;0.0;0.0;0.0;https://x.com/undefined/status/1307509499880636417;87874599.0;;anak ko coba coba;netral;['anak', 'ko', 'coba', 'coba'];3
kurikulum_2013_7.csv;1.30726e+18;Sun Sep 20 02:39:20 +0000 2020;0.0;@fadlizon Mentri tapi kok bego yah..;1.30751e+18;;fadlizon;in;;0.0;0.0;0.0;https://x.com/undefined/status/1307509621247025152;588949286.0;;tri tapi bego yah;netral;['tri', 'bego', 'yah'];2
kurikulum_2013_7.csv;1.30726e+18;Sun Sep 20 02:48:57 +0000 2020;0.0;@fadlizon Itu mh jls bro untuk menghilangkan sejarah karna dia mau ngilangin penghianatan PKI;1.30751e+18;;fadlizon;in;;0.0;0.0;0.0;https://x.com/undefined/status/1307512039045120001;8.37299e+17;;mh jls bro hilang sejarah karna dia mau ngilangin penghianatan pki;netral;['mh', 'jls', 'bro', 'hilang', 'sejarah', 'karna', 'ngilangin', 'penghianatan', 'pki'];1
kurikulum_2013_7.csv;1.30726e+18;Sun Sep 20 03:00:32 +0000 2020;0.0;@fadlizon Sudah terpapar PKI kali orang satu ini;1.30751e+18;;fadlizon;in;;0.0;0.0;0.0;https://x.com/undefined/status/1307514956137390080;7.2417e+17;;papar pki kali orang satu;netral;['papar', 'pki', 'kali', 'orang'];4
kurikulum_2013_7.csv;1.30726e+18;Sun Sep 20 03:48:30 +0000 2020;0.0;@fadlizon Jika sebuah pekerjaaan diberikan kepada yang bukan ahlinya maka tunggulah KEHANCURAN NYA;1.30753e+18;;fadlizon;in;;0.0;0.0;0.0;https://x.com/undefined/status/1307527028501954560;120020705.0;;jika buah pekerjan beri kepada bukan ahli maka tunggu hancur;netral;['buah', 'pekerjan', 'ahli', 'tunggu', 'hancur'];2
kurikulum_2013_7.csv;1.30726e+18;Sun Sep 20 03:55:35 +0000 2020;0.0;@fadlizon Dia faham cari duit;1.30753e+18;;fadlizon;in;;0.0;0.0;0.0;https://x.com/undefined/status/1307528807247572994;1.08656e+18;;dia faham cari duit;netral;['faham', 'cari', 'duit'];0
kurikulum_2013_7.csv;1.30726e+18;Sun Sep 20 05:27:15 +0000 2020;0.0;@fadlizon Kalau saya setuju yg pingin sejarah belajar khusus saja;1.30755e+18;;fadlizon;in;;0.0;0.0;0.0;https://x.com/undefined/status/1307551878545244160;1.11976e+18;;kalau saya tuju pingin sejarah ajar khusus;netral;['tuju', 'pingin', 'sejarah', 'ajar', 'khusus'];3
kurikulum_2013_7.csv;1.30726e+18;Sun Sep 20 05:29:31 +0000 2020;0.0;@fadlizon Generasi muda mau dilemahkan gak salah klo indonesia bakalan bubar;1.30755e+18;;fadlizon;in;;0.0;0.0;0.0;https://x.com/undefined/status/1307552449490632704;1.10916e+18;;generasi muda mau lemah gak salah kalau indonesia bakal bubar;negatif;['generasi', 'muda', 'lemah', 'gak', 'salah', 'indonesia', 'bubar'];0
kurikulum_2013_7.csv;1.30726e+18;Sun Sep 20 05:32:53 +0000 2020;0.0;@fadlizon Biar jejak PKI hilang;1.30755e+18;;fadlizon;in;;0.0;0.0;0.0;https://x.com/undefined/status/1307553293762060289;203282494.0;;biar jejak pki hilang;netral;['biar', 'jejak', 'pki', 'hilang'];1
kurikulum_2013_7.csv;1.30726e+18;Sun Sep 20 06:51:31 +0000 2020;0.0;@fadlizon Skg baru paham knp mendikbudnya anak bayi abang biar diperintah gampang;1.30757e+18;;fadlizon;in;;0.0;0.0;0.0;https://x.com/undefined/status/1307573082584829955;8.24222e+17;;skg baru paham knp mendikbudnya anak bayi abang biar perintah gampang;netral;['skg', 'paham', 'knp', 'mendikbudnya', 'anak', 'bayi', 'abang', 'biar', 'perintah', 'gampang'];4
kurikulum_2013_7.csv;1.30726e+18;Sun Sep 20 08:42:41 +0000 2020;0.0;@fadlizon Inilah cara cara penjajah pribumi negri ini agar lupa jati diri rezim biadab;1.3076e+18;;fadlizon;in;;0.0;0.0;0.0;https://x.com/undefined/status/1307601058596708352;9.7689e+17;;ini cara cara jajah pribumi negri agar lupa jati diri rezim biadab;netral;['jajah', 'pribumi', 'negri', 'lupa', 'jati', 'rezim', 'biadab'];2
kurikulum_2013_7.csv;1.30726e+18;Sun Sep 20 10:12:47 +0000 2020;0.0;@fadlizon Saya sebagai pelajar gak setuju pelajaran Sejarah dihilangkan Karena generasi penerus bangsa harus tau Sejarah perjuangan para pahlawan untuk memerdekakan bangsa ini! Bangsa yang besar adalah yang mengharagai jasa para pahlawan nya kan..;1.30762e+18;;fadlizon;in;;0.0;0.0;0.0;https://x.com/undefined/status/1307623736284119040;1.30586e+18;;saya bagai ajar gak tuju ajar sejarah hilang generasi terus bangsa harus tau sejarah juang para pahlawan merdeka bangsa bangsa besar mengharagai jasa para pahlawan;netral;['ajar', 'gak', 'tuju', 'ajar', 'sejarah', 'hilang', 'generasi', 'bangsa', 'tau', 'sejarah', 'juang', 'pahlawan', 'merdeka', 'bangsa', 'bangsa', 'mengharagai', 'jasa', 'pahlawan'];2
kurikulum_2013_7.csv;1.30726e+18;Sun Sep 20 11:18:53 +0000 2020;0.0;@fadlizon Sy ga tw masa lalu tw nya masa depan..... Hasilnya : mw hapus pelajaran sejarah..... Apakah dia trauma dengan pelajaran Sejarah????;1.30764e+18;;fadlizon;in;;0.0;0.0;0.0;https://x.com/undefined/status/1307640368461037568;1263951522.0;;sy tw masa lalu tw masa depan hasil mw hapus ajar sejarah apakah dia trauma ajar sejarah;netral;['sy', 'tw', 'tw', 'hasil', 'mw', 'hapus', 'ajar', 'sejarah', 'trauma', 'ajar', 'sejarah'];1
kurikulum_2013_7.csv;1.30726e+18;Sun Sep 20 23:48:33 +0000 2020;0.0;@fadlizon @msaid_didu yg jadoi takutnya hilangnya pak mentri...;1.30783e+18;;fadlizon;in;;0.0;0.0;0.0;https://x.com/undefined/status/1307829028062027776;1.30736e+18;;jadoi takut hilang pak tri;netral;['jadoi', 'takut', 'hilang', 'tri'];3
kurikulum_2013_7.csv;1.30726e+18;Mon Sep 21 00:45:16 +0000 2020;0.0;@fadlizon Cukup pelajaran TIK aja yg diilangin :(;1.30784e+18;;fadlizon;in;;0.0;0.0;0.0;https://x.com/undefined/status/1307843304294244352;1.00174e+18;;cukup ajar tik diilangin;netral;['ajar', 'tik', 'diilangin'];4
kurikulum_2013_8.csv;1.5025e+18;Sat Mar 12 05:47:12 +0000 2022;0.0;@adekumala Apakah kembali ke mapel lagi?;1.50252e+18;;adekumala;in;;0.0;1.0;0.0;https://x.com/undefined/status/1502521572082749441;326021389.0;;apakah kembali mapel;netral;['mapel'];3
kurikulum_2013_8.csv;1.5025e+18;Sat Mar 12 10:37:55 +0000 2022;0.0;@adekumala Contoh username yang bener gimana kak? Saya daftar username salah terus ;1.50259e+18;;adekumala;in;;0.0;1.0;0.0;https://x.com/undefined/status/1502594732358205441;1.0457e+18;;contoh username bener gimana kak saya daftar username salah terus;negatif;['contoh', 'username', 'bener', 'gimana', 'kak', 'daftar', 'username', 'salah'];1
kurikulum_2013_8.csv;1.5025e+18;Sat Mar 12 12:04:05 +0000 2022;0.0;@adekumala kak mau nanya ini kan buat buku pelajaran ya nah kalau buku bacaan anak-anak bisa liat dimana ya ka?;1.50262e+18;;adekumala;in;;0.0;1.0;0.0;https://x.com/undefined/status/1502616417006325761;1.01502e+18;;kak mau nanya buat buku ajar kalau buku baca anak anak bisa liat mana ka;netral;['kak', 'nanya', 'buku', 'ajar', 'buku', 'baca', 'anak', 'anak', 'liat', 'ka'];1
kurikulum_2013_8.csv;1.5025e+18;Sat Mar 12 07:46:24 +0000 2022;24.0;@adekumala Barusan coba lihat dalemnya buku ini. Aduhh cakep bgt ilustrasi di dalamnya pun. Pembahasan jg menarik sambil belajar bahasa Indonesia sambil baca cerita belajar dlm kelompok ada asahan kreativitas juga. Bagus banget ??;1.50255e+18;;adekumala;in;;2.0;0.0;0.0;https://x.com/undefined/status/1502551568012673025;2378097271.0;;barusan coba lihat dalem buku aduhh cakep bgt ilustrasi dalam bahas tarik sambil ajar bahasa indonesia sambil baca cerita ajar dlm kelompok ada asah kreativitas bagus sangat;positif;['barusan', 'coba', 'lihat', 'dalem', 'buku', 'aduhh', 'cakep', 'bgt', 'ilustrasi', 'bahas', 'tarik', 'ajar', 'bahasa', 'indonesia', 'baca', 'cerita', 'ajar', 'dlm', 'kelompok', 'asah', 'kreativitas', 'bagus'];0
kurikulum_2013_8.csv;1.5025e+18;Sat Mar 12 13:48:22 +0000 2022;2.0;@adekumala Keren.. ini adalah buku yang sangat sesuai untuk anak2 kelas 1 SD memang seharusnya anak baru dikenalkan huruf dan baru mulai belajar membaca dan menulis visualnya juga sangat mendukung agar anak lebih mudah memahami materi..;1.50264e+18;;adekumala;in;;0.0;0.0;0.0;https://x.com/undefined/status/1502642658896117765;1.30983e+18;;keren buku sangat sesuai anak kelas sd memang harus anak baru kenal huruf baru mulai ajar baca tulis visual sangat dukung agar anak lebih mudah paham materi;positif;['keren', 'buku', 'sesuai', 'anak', 'kelas', 'sd', 'anak', 'kenal', 'huruf', 'ajar', 'baca', 'tulis', 'visual', 'dukung', 'anak', 'mudah', 'paham', 'materi'];1
kurikulum_2013_8.csv;1.5025e+18;Sat Mar 12 13:55:22 +0000 2022;0.0;@adekumala Jenjang SMP sederajat mapel B. Indonesia (Penggerak) baru ada kelas VII ya? @ndahmutty @Guru_CPNS ;1.50264e+18;;adekumala;in;;0.0;1.0;1.0;https://x.com/undefined/status/1502644422273794052;243145169.0;;jenjang smp derajat mapel b indonesia gerak baru ada kelas vii;netral;['jenjang', 'smp', 'derajat', 'mapel', 'b', 'indonesia', 'gerak', 'kelas', 'vii'];0
kurikulum_2013_8.csv;1.5025e+18;Sat Mar 12 08:47:04 +0000 2022;1.0;@adekumala Wah kalau buku-buku K13 memang isinya lebih banyak mengarahkan anak untuk menghapal... Mudah-mudahan sih pembaruan pendidikan dari mas mentri lebih baik..;1.50257e+18;;adekumala;in;;0.0;0.0;0.0;https://x.com/undefined/status/1502566833526013952;87918707.0;;wah kalau buku buku k memang isi lebih banyak arah anak menghapal mudah mudah sih baru didik mas tri lebih baik;positif;['buku', 'buku', 'k', 'isi', 'arah', 'anak', 'menghapal', 'mudah', 'mudah', 'sih', 'didik', 'mas', 'tri'];0
kurikulum_2013_8.csv;1.5025e+18;Sun Mar 13 09:29:49 +0000 2022;1.0;@adekumala Makasih infonya nder :);1.50294e+18;;adekumala;in;;0.0;0.0;0.0;https://x.com/undefined/status/1502939979361632259;1.22533e+18;;makasih info nder;netral;['makasih', 'info', 'nder'];1
kurikulum_2013_8.csv;1.5025e+18;Sat Mar 12 08:36:56 +0000 2022;0.0;@adekumala Apa disini sudah tersedia buku untuk SLB atau sekolah khusus ?;1.50256e+18;;adekumala;in;;0.0;0.0;0.0;https://x.com/undefined/status/1502564284777127941;631666107.0;;sini sedia buku slb sekolah khusus;netral;['sedia', 'buku', 'slb', 'sekolah', 'khusus'];0
kurikulum_2013_8.csv;1.5025e+18;Sat Mar 12 10:08:49 +0000 2022;0.0;@adekumala buat semua mata pelajaran udah lengkap ya mbak?;1.50259e+18;;adekumala;in;;0.0;0.0;0.0;https://x.com/undefined/status/1502587409896439808;56214492.0;;buat semua mata ajar lengkap mbak;netral;['mata', 'ajar', 'lengkap', 'mbak'];4
kurikulum_2013_8.csv;1.5025e+18;Sat Mar 12 14:10:55 +0000 2022;0.0;@adekumala Apa kabar dengan madrasah halooo @Kemenag_RI;1.50265e+18;;adekumala;in;;0.0;0.0;0.0;https://x.com/undefined/status/1502648334598647809;1306926073.0;;kabar madrasah halo;netral;['kabar', 'madrasah', 'halo'];4
kurikulum_2013_8.csv;1.5025e+18;Sat Mar 12 15:26:12 +0000 2022;0.0;@adekumala Koq seperti baru belajar buat web ya? Repot ga simply. List buku pun acak semua kelas. Coba kalo diausun per kelas biar gampang carinya.;1.50267e+18;;adekumala;in;;0.0;1.0;0.0;https://x.com/undefined/status/1502667278810198018;61794401.0;;koq seperti baru ajar buat web repot simply list buku acak semua kelas coba kalo diausun per kelas biar gampang cari;netral;['koq', 'ajar', 'web', 'repot', 'simply', 'list', 'buku', 'acak', 'kelas', 'coba', 'kalo', 'diausun', 'kelas', 'biar', 'gampang', 'cari'];0
kurikulum_2013_8.csv;1.5025e+18;Sun Jul 17 12:46:16 +0000 2022;0.0;@adekumala Buku sekolah penggerak kelas XI IPA gk ada ya kak?;1.54865e+18;;adekumala;in;;0.0;0.0;0.0;https://x.com/undefined/status/1548650290898907137;1.45466e+18;;buku sekolah gerak kelas xi ipa ada kak;netral;['buku', 'sekolah', 'gerak', 'kelas', 'xi', 'ipa', 'kak'];0
kurikulum_2013_9.csv;1.77259e+18;Tue Mar 26 12:21:13 +0000 2024;1225.0;@aygaluh_ Iya kaan apalagi kek project2 ga jelas gt ade sepupu gue jg ngeluh mulu. Kapan belajarnya coba? Yg ada ngabisin waktu duit tp ilmu ttp gak masuk formalitas doang. Gak jelas dah. Semangat cagur sehat2 yaah semoga bs bawa pendidikan Indonesia lebih baik kedepannya ;1.7726e+18;;aygaluh_;in;;19.0;0.0;0.0;https://x.com/undefined/status/1772599689285710115;1.7614e+18;;kaan apalagi kek project jelas gt ade sepupu saya ngeluh mulu kapan ajar coba ada ngabisin waktu duit tapi ilmu ttp gak masuk formalitas doang gak jelas semangat cagur sehat yaah moga bs bawa didik indonesia lebih baik depan;positif;['kaan', 'kek', 'project', 'gt', 'ade', 'sepupu', 'ngeluh', 'mulu', 'ajar', 'coba', 'ngabisin', 'duit', 'ilmu', 'ttp', 'gak', 'masuk', 'formalitas', 'doang', 'gak', 'semangat', 'cagur', 'sehat', 'yaah', 'moga', 'bs', 'bawa', 'didik', 'indonesia'];1
kurikulum_2013_9.csv;1.77259e+18;Tue Mar 26 13:58:32 +0000 2024;6.0;@aygaluh_ @pascaorba mba aku sebagai murid kurikulum merdeka aku bahkan masih ga paham sama konsep kurikulum meredeka itu sendiri ;1.77262e+18;;aygaluh_;in;;0.0;1.0;0.0;https://x.com/undefined/status/1772624179558322243;1.48341e+18;;mba aku bagai murid kurikulum merdeka aku bahkan masih paham sama konsep kurikulum meredeka sendiri;netral;['mba', 'murid', 'kurikulum', 'merdeka', 'paham', 'konsep', 'kurikulum', 'meredeka'];0
kurikulum_2013_9.csv;1.77259e+18;Tue Mar 26 16:59:25 +0000 2024;3.0;@aygaluh_ @pascaorba Aku sering banget denger curhatan guru guru dan anak anak murid kadang mereka bigung mau ngejer materi. terus murid muridnya juga capek gara gara project + ngejar materi di sekolah. Aga kasian juga guru gurunya itu kaya setiap abis project ayo kita kejar materi ;1.77267e+18;;aygaluh_;in;;0.0;0.0;0.0;https://x.com/undefined/status/1772669698410176682;1.3053e+18;;aku sering sangat denger curhatan guru guru anak anak murid kadang mereka bigung mau ngejer materi terus murid murid capek gara gara project ngejar materi sekolah aga kasi guru guru kaya tiap abis project ayo kita kejar materi;netral;['denger', 'curhatan', 'guru', 'guru', 'anak', 'anak', 'murid', 'kadang', 'bigung', 'ngejer', 'materi', 'murid', 'murid', 'capek', 'gara', 'gara', 'project', 'ngejar', 'materi', 'sekolah', 'aga', 'kasi', 'guru', 'guru', 'kaya', 'abis', 'project', 'ayo', 'kejar', 'materi'];3
kurikulum_2013_9.csv;1.77259e+18;Tue Mar 26 21:51:05 +0000 2024;2.0;@aygaluh_ @pascaorba Bener banget apalagi kurmer jg banyak tuntutannya buat guru pdahal slogannya merdeka mengajar tpi nyatanya guru harus bisa dituntut bisa ngajar dengan diferensiasi yg mana kalo gitu bikin asesmen jg beda malah makan waktu dan biaya banget kasian yg masih honorer.;1.77274e+18;;aygaluh_;in;;0.0;0.0;0.0;https://x.com/undefined/status/1772743100181414054;1.52647e+18;;bener sangat apalagi kurmer banyak tuntut buat guru pdahal slogan merdeka ajar tpi nyata guru harus bisa tuntut bisa ngajar diferensiasi mana kalo begitu bikin asesmen beda malah makan waktu biaya sangat kasi masih honorer;netral;['bener', 'kurmer', 'tuntut', 'guru', 'pdahal', 'slogan', 'merdeka', 'ajar', 'tpi', 'nyata', 'guru', 'tuntut', 'ngajar', 'diferensiasi', 'kalo', 'bikin', 'asesmen', 'beda', 'makan', 'biaya', 'kasi', 'honorer'];1
kurikulum_2013_9.csv;1.77259e+18;Tue Mar 26 14:12:55 +0000 2024;1.0;@aygaluh_ @pascaorba ada yang pernah bilang ini masalah politik juga sih kata cinta laura banyak politikus pejabat-pejabar yang keliatan gajelas sebenernya kalo ngobrol face to face itu sebenernya cerdas punya solusi bagus buat indonesia tapi ya balik lagi namanya konoha aowkaowk;1.77263e+18;;aygaluh_;in;;0.0;0.0;0.0;https://x.com/undefined/status/1772627795992039430;1.21308e+18;;ada pernah bilang masalah politik sih kata cinta laura banyak politikus jabat jabar liat gajelas sebenernya kalo ngobrol face to face sebenernya cerdas punya solusi bagus buat indonesia tapi balik nama konoha aowkaowk;positif;['bilang', 'politik', 'sih', 'cinta', 'laura', 'politikus', 'jabat', 'jabar', 'liat', 'gajelas', 'sebenernya', 'kalo', 'ngobrol', 'face', 'to', 'face', 'sebenernya', 'cerdas', 'solusi', 'bagus', 'indonesia', 'nama', 'konoha', 'aowkaowk'];0
kurikulum_2013_9.csv;1.77259e+18;Tue Mar 26 18:04:48 +0000 2024;1.0;@aygaluh_ @pascaorba Aku setuju juga kurmer itu buat pendidik ribet juga apalagi sekarang berdiferensi kasian sama guru yang udah tua belum nyiapin media juga...;1.77269e+18;;aygaluh_;in;;0.0;0.0;0.0;https://x.com/undefined/status/1772686152765469088;1.04673e+18;;aku tuju kurmer buat didik ribet apalagi sekarang berdiferensi kasi sama guru tua nyiapin media;negatif;['tuju', 'kurmer', 'didik', 'ribet', 'berdiferensi', 'kasi', 'guru', 'tua', 'nyiapin', 'media'];4
kurikulum_2013_9.csv;1.77259e+18;Wed Mar 27 03:41:27 +0000 2024;0.0;@aygaluh_ @pascaorba Belum sama administrasinya yang lebih ribet;1.77283e+18;;aygaluh_;in;;0.0;0.0;0.0;https://x.com/undefined/status/1772831269946359906;1.22169e+18;;sama administrasi lebih ribet;negatif;['administrasi', 'ribet'];4
kurikulum_2013_9.csv;1.77259e+18;Wed Mar 27 06:58:26 +0000 2024;0.0;@aygaluh_ @pascaorba Kurikulum Merdeka itu hanya bagus di atas kertas. Tapi praktiknya ya... gitu deh ;1.77288e+18;;aygaluh_;in;;0.0;0.0;0.0;https://x.com/undefined/status/1772880843360583813;1.27575e+18;;kurikulum merdeka hanya bagus atas kertas tapi praktik begitu;positif;['kurikulum', 'merdeka', 'bagus', 'kertas', 'praktik'];0
kurikulum-baru_1.csv;1.92445e+18;Mon May 19 12:42:34 +0000 2025;0.0;@araaasar WKWKWK STOP LUCU PLSS ;1.92445e+18;;araaasar;in;;0.0;1.0;0.0;https://x.com/undefined/status/1924445576109891985;1.56956e+18;;wkwkwk stop lucu plss;netral;['wkwkwk', 'stop', 'lucu', 'plss'];1
kurikulum-baru_1.csv;1.92445e+18;Mon May 19 12:56:07 +0000 2025;0.0;@araaasar lucu trs traumanya apa kak;1.92445e+18;;araaasar;in;;0.0;1.0;0.0;https://x.com/undefined/status/1924448988243333394;1.56946e+18;;lucu trs trauma kak;netral;['lucu', 'trs', 'trauma', 'kak'];1
kurikulum-baru_1.csv;1.92445e+18;Mon May 19 13:14:20 +0000 2025;0.0;@araaasar KAK!? ;1.92445e+18;;araaasar;und;;0.0;1.0;0.0;https://x.com/undefined/status/1924453569895579687;1.58763e+18;;kak;netral;['kak'];1
kurikulum-baru_1.csv;1.92445e+18;Mon May 19 13:43:23 +0000 2025;0.0;@araaasar Kakkk semangattt yaaa;1.92446e+18;;araaasar;in;;0.0;1.0;0.0;https://x.com/undefined/status/1924460880286322763;1.87374e+18;;kak semangat;netral;['kak', 'semangat'];1
kurikulum-baru_1.csv;1.92445e+18;Mon May 19 14:49:14 +0000 2025;0.0;@araaasar kamu tuh ambil prodi guru ya?? mukanha vibes mbak2 pns guru anak esdeh yang bicaranya lemah lembut;1.92448e+18;;araaasar;in;;0.0;1.0;0.0;https://x.com/undefined/status/1924477453952745929;1.34924e+18;;kamu tuh ambil prodi guru mukanha vibes mbak pns guru anak esdeh bicara lemah lembut;negatif;['tuh', 'ambil', 'prodi', 'guru', 'mukanha', 'vibes', 'mbak', 'pns', 'guru', 'anak', 'esdeh', 'bicara', 'lemah', 'lembut'];1
kurikulum-baru_1.csv;1.92445e+18;Mon May 19 12:49:17 +0000 2025;0.0;@araaasar Stressnya nembus layar;1.92445e+18;;araaasar;in;;0.0;0.0;0.0;https://x.com/undefined/status/1924447267249127518;1.71553e+18;;stressnya nembus layar;netral;['stressnya', 'nembus', 'layar'];2
kurikulum-baru_1.csv;1.92445e+18;Mon May 19 12:58:20 +0000 2025;0.0;@araaasar Kurba membuatku pusing ;1.92445e+18;;araaasar;in;;0.0;0.0;0.0;https://x.com/undefined/status/1924449542969393333;1321959427.0;;kurba buat pusing;netral;['kurba', 'pusing'];2
kurikulum-baru_1.csv;1.92445e+18;Mon May 19 13:25:50 +0000 2025;0.0;@araaasar KAKKK?? PLS;1.92446e+18;;araaasar;tl;;0.0;0.0;0.0;https://x.com/undefined/status/1924456463533285401;1.64278e+18;;kak pls;netral;['kak', 'pls'];0
kurikulum-baru_1.csv;1.92445e+18;Mon May 19 14:42:27 +0000 2025;0.0;@araaasar traumanya apa kak? kuliah di ut ;1.92448e+18;;araaasar;in;;0.0;0.0;0.0;https://x.com/undefined/status/1924475746531385365;1.51375e+18;;trauma kak kuliah ut;netral;['trauma', 'kak', 'kuliah', 'ut'];1
kurikulum-baru_1.csv;1.92445e+18;Mon May 19 15:05:31 +0000 2025;0.0;@araaasar kak semangat kak!!! mahasiswa seumur jagung ikut kepikiran banget hahahah ?;1.92448e+18;;araaasar;in;;0.0;0.0;0.0;https://x.com/undefined/status/1924481551716458733;1.57185e+18;;kak semangat kak mahasiswa umur jagung ikut pikir sangat hahahah;netral;['kak', 'semangat', 'kak', 'mahasiswa', 'umur', 'jagung', 'pikir', 'hahahah'];2
kurikulum-baru_1.csv;1.92445e+18;Mon May 19 15:50:11 +0000 2025;0.0;@araaasar Diskusi sampe gw anggurin saking pusingnya ngeliat kurba ;1.92449e+18;;araaasar;in;;0.0;0.0;0.0;https://x.com/undefined/status/1924492791239131255;1.62625e+18;;diskusi sampe gw anggurin saking pusing ngeliat kurba;netral;['diskusi', 'sampe', 'gw', 'anggurin', 'saking', 'pusing', 'ngeliat', 'kurba'];2
kurikulum-baru_1.csv;1.92445e+18;Mon May 19 14:52:53 +0000 2025;1.0;@araaasar KAK ;1.92448e+18;;araaasar;und;;0.0;0.0;0.0;https://x.com/undefined/status/1924478369850405347;1.65119e+18;;kak;netral;['kak'];1
kurikulum-baru_2.csv;1.85693e+18;Thu Nov 14 08:30:29 +0000 2024;9.0;@Boediantar4 Merakyat tentu bagus tapi esensi tugas seorang Mentri bukan merakyat melainkan menghasilkan kebijakan yg benar dan berguna bagi rakyat Dulu ada presiden yg katanya merakyat dan hidup sederhana tapi hasilnya? anak menantu pamer kekayaan dgn jet pribadi dan tas ekslusif ;1.85698e+18;;Boediantar4;in;;0.0;0.0;0.0;https://x.com/undefined/status/1856977992582607133;1.6039e+18;;rakyat tentu bagus tapi esensi tugas orang tri bukan rakyat lain hasil bijak benar guna bagi rakyat dulu ada presiden kata rakyat hidup sederhana tapi hasil anak menantu pamer kaya jet pribadi tas ekslusif;positif;['rakyat', 'bagus', 'esensi', 'tugas', 'orang', 'tri', 'rakyat', 'hasil', 'bijak', 'rakyat', 'presiden', 'rakyat', 'hidup', 'sederhana', 'hasil', 'anak', 'menantu', 'pamer', 'kaya', 'jet', 'pribadi', 'tas', 'ekslusif'];1
kurikulum-baru_2.csv;1.85693e+18;Thu Nov 14 10:16:27 +0000 2024;6.0;"@Boediantar4 Gurunya dulu yang dibenahi mulai dari Skill &amp; cara mereka mendidik Moral &amp; Rasa Tanggung jawabnya terhadap anak didiknya S/d Motivasi &amp; Etos Kerja Sebaiknya Dipisah dari PNS sehingga mereka berdiri sendiri dgn Kesejahteraan yg tinggi tp memiliki tanggung jawab yg sangat besar?";1.857e+18;;Boediantar4;in;;0.0;2.0;0.0;https://x.com/undefined/status/1857004663679111268;1.72147e+18;;guru dulu benah mulai skill amp cara mereka didik moral amp rasa tanggung jawab hadap anak didik s d motivasi amp etos kerja baik pisah pns sehingga mereka diri sendiri sejahtera tinggi tapi milik tanggung jawab sangat besar;positif;['guru', 'benah', 'skill', 'amp', 'didik', 'moral', 'amp', 'tanggung', 'hadap', 'anak', 'didik', 's', 'd', 'motivasi', 'amp', 'etos', 'kerja', 'pisah', 'pns', 'sejahtera', 'milik', 'tanggung'];2
kurikulum-baru_2.csv;1.85693e+18;Thu Nov 14 07:09:02 +0000 2024;2.0;@Boediantar4 Kalo zamannya Mulyono orang model begini di SINGKIRKAN ! mudah2an Pa Menteri tetap amanah selalu sehat walafiat.;1.85696e+18;;Boediantar4;in;;0.0;0.0;1.0;https://x.com/undefined/status/1856957497807892705;1.54356e+18;;kalo zaman mulyono orang model begini singkir mudah an pa menteri tetap amanah selalu sehat walafiat;positif;['kalo', 'zaman', 'mulyono', 'orang', 'model', 'singkir', 'mudah', 'an', 'pa', 'menteri', 'amanah', 'sehat', 'walafiat'];1
kurikulum-baru_2.csv;1.85693e+18;Thu Nov 14 10:05:40 +0000 2024;4.0;@Boediantar4 @opposite6892 Ganti menteri ganti kurikulum. Yg babak belur ortu siswa yg harus gonta ganti buku pelajaran ;1.857e+18;;Boediantar4;in;;0.0;0.0;0.0;https://x.com/undefined/status/1857001947342983460;1.72603e+18;;ganti menteri ganti kurikulum babak bur ortu siswa harus gonta ganti buku ajar;netral;['ganti', 'menteri', 'ganti', 'kurikulum', 'babak', 'bur', 'ortu', 'siswa', 'gonta', 'ganti', 'buku', 'ajar'];0
kurikulum-baru_2.csv;1.85693e+18;Thu Nov 14 11:21:39 +0000 2024;2.0;@Boediantar4 Ya Allah....10 tahun rasanya kita dalam kebebalan. Dunia pendidikan hancur. Ke depan ada harapan perbaikan dunia pendidikan di Indonesia.;1.85702e+18;;Boediantar4;in;;0.0;0.0;0.0;https://x.com/undefined/status/1857021070059954364;1.56048e+18;;allah tahun rasa kita dalam bebal dunia didik hancur depan ada harap baik dunia didik indonesia;positif;['allah', 'bebal', 'dunia', 'didik', 'hancur', 'harap', 'dunia', 'didik', 'indonesia'];3
kurikulum-baru_2.csv;1.85693e+18;Fri Nov 15 00:08:59 +0000 2024;2.0;@Boediantar4 Itulah klo urusan diberikan pd yang ahlinya tentunya basic menjadi acuan... Gue setuju pernyataan beliau ini ....tiap2 murid itu daya resap n daya tangkap pembelajarannya beda-beda Sehat selalu Pak Menteri;1.85721e+18;;Boediantar4;in;;0.0;0.0;0.0;https://x.com/undefined/status/1857214174444839024;1.51347e+18;;itu kalau urus beri pd ahli tentu basic jadi acu saya tuju nyata beliau tiap murid daya resap n daya tangkap ajar beda beda sehat selalu pak menteri;netral;['urus', 'pd', 'ahli', 'basic', 'acu', 'tuju', 'nyata', 'beliau', 'murid', 'daya', 'resap', 'n', 'daya', 'tangkap', 'ajar', 'beda', 'beda', 'sehat', 'menteri'];3
kurikulum-baru_2.csv;1.85693e+18;Thu Nov 14 06:13:23 +0000 2024;1.0;@Boediantar4 Otak si fufufafa tidak sampai mikir kesini;1.85694e+18;;Boediantar4;in;;0.0;0.0;0.0;https://x.com/undefined/status/1856943491672412664;1.60359e+18;;otak fufufafa sampai mikir kesini;netral;['otak', 'fufufafa', 'mikir', 'kesini'];0
kurikulum-baru_2.csv;1.85693e+18;Thu Nov 14 08:10:37 +0000 2024;1.0;@Boediantar4 Masyaa Allah .Tabarakallahu . Semoga Kemendiknas semakin berkah dibawah Prof Mu ti .aamiin;1.85697e+18;;Boediantar4;in;;0.0;0.0;0.0;https://x.com/undefined/status/1856972995392409993;7.12159e+17;;masyaa allah tabarakallahu moga kemendiknas makin berkah bawah prof mu ti aamiin;netral;['masyaa', 'allah', 'tabarakallahu', 'moga', 'kemendiknas', 'berkah', 'prof', 'mu', 'ti', 'aamiin'];4
kurikulum-baru_2.csv;1.85693e+18;Thu Nov 14 08:18:08 +0000 2024;1.0;@Boediantar4 Alhamdulillah Subhanallah Allahuakbar semoga bermanfaat buat dunia pendidikan Nasional Republik Indonesia Aamiin Aamiin Aamiin Ya Rabbal Alamin ;1.85697e+18;;Boediantar4;in;;0.0;0.0;0.0;https://x.com/undefined/status/1856974888264990988;1.72057e+18;;alhamdulillah subhanallah allahuakbar moga manfaat buat dunia didik nasional republik indonesia aamiin aamiin aamiin rabbal alamin;netral;['alhamdulillah', 'subhanallah', 'allahuakbar', 'moga', 'manfaat', 'dunia', 'didik', 'nasional', 'republik', 'indonesia', 'aamiin', 'aamiin', 'aamiin', 'rabbal', 'alamin'];2
kurikulum-baru_2.csv;1.85693e+18;Thu Nov 14 11:52:21 +0000 2024;1.0;@Boediantar4 P Mufti emang orang apa adanya Dia tdk tunjukkan siapa saya Konsisten menjabat atau tdk menjabat biasa saja. Sehat P mufti;1.85703e+18;;Boediantar4;in;;0.0;0.0;0.0;https://x.com/undefined/status/1857028794646777884;1.56308e+18;;p mufti emang orang ada dia tunjuk siapa saya konsisten jabat jabat biasa sehat p mufti;netral;['p', 'mufti', 'emang', 'orang', 'konsisten', 'jabat', 'jabat', 'sehat', 'p', 'mufti'];2
kurikulum-baru_3.csv;1.93493e+18;Tue Jun 17 14:22:39 +0000 2025;1.0;@utfess ini ut klo mhsw protes tau ga si?? dengerin ga sii??;1.93498e+18;;utfess;in;;0.0;0.0;0.0;https://x.com/undefined/status/1934980009984466980;1.116e+18;;ut kalau mhsw protes tau dengerin sii;netral;['ut', 'mhsw', 'protes', 'tau', 'dengerin', 'sii'];0
kurikulum-baru_3.csv;1.93493e+18;Tue Jun 17 18:50:55 +0000 2025;1.0;@utfess Asli nder aku yang awalnya banyak 4 sks tiba2 berubah 3 sks dan 2 sks wkwk;1.93505e+18;;utfess;in;;0.0;0.0;0.0;https://x.com/undefined/status/1935047524366303412;1.82591e+18;;asli nder aku awal banyak sks tiba ubah sks sks;netral;['asli', 'nder', 'sks', 'ubah', 'sks', 'sks'];3
kurikulum-baru_3.csv;1.93493e+18;Tue Jun 17 11:21:04 +0000 2025;0.0;@utfess Aku g cek nder... Mana yg lkam lama aku g nyimpen huhuuuuu;1.93493e+18;;utfess;in;;0.0;0.0;0.0;https://x.com/undefined/status/1934934313583419749;1.11704e+18;;aku g cek nder mana lkam lama aku g nyimpen huhu;netral;['g', 'cek', 'nder', 'lkam', 'g', 'nyimpen', 'huhu'];3
kurikulum-baru_3.csv;1.93493e+18;Tue Jun 17 11:51:45 +0000 2025;0.0;@utfess emang monyet ut ni kaga jelas;1.93494e+18;;utfess;in;;0.0;0.0;0.0;https://x.com/undefined/status/1934942035112521913;1.5377e+18;;emang monyet ut ni kaga jelas;netral;['emang', 'monyet', 'ut', 'ni', 'kaga'];4
kurikulum-baru_3.csv;1.93493e+18;Tue Jun 17 12:48:21 +0000 2025;0.0;@utfess iya ih aku jugaaa;1.93496e+18;;utfess;in;;0.0;0.0;0.0;https://x.com/undefined/status/1934956278012674301;1.20943e+18;;ih aku;netral;['ih'];0
kurikulum-baru_3.csv;1.93493e+18;Tue Jun 17 13:23:29 +0000 2025;0.0;@utfess Lah iya njir sama ipknya juga turun 0.01 wkwk;1.93497e+18;;utfess;in;;0.0;1.0;0.0;https://x.com/undefined/status/1934965119462834490;1.24646e+18;;njir sama ipknya turun;netral;['njir', 'ipknya', 'turun'];0
kurikulum-baru_3.csv;1.93493e+18;Tue Jun 17 15:07:35 +0000 2025;0.0;@utfess Aneh emang;1.93499e+18;;utfess;in;;0.0;0.0;0.0;https://x.com/undefined/status/1934991321040855264;279525159.0;;aneh emang;negatif;['aneh', 'emang'];4
kurikulum-baru_3.csv;1.93493e+18;Tue Jun 17 16:21:46 +0000 2025;0.0;@utfess iya benerrr jumlah sks aku juga hilang 2 sks. jd gimana ya solusinya ini tehh? ;1.93501e+18;;utfess;in;;0.0;0.0;0.0;https://x.com/undefined/status/1935009985815273576;1.40625e+18;;bener jumlah sks aku hilang sks jd gimana solusi tehh;netral;['bener', 'sks', 'hilang', 'sks', 'jd', 'gimana', 'solusi', 'tehh'];3
kurikulum-baru_3.csv;1.93493e+18;Wed Jun 18 01:49:59 +0000 2025;0.0;@utfess Ak juga ilang 4 sks nder;1.93515e+18;;utfess;in;;0.0;0.0;0.0;https://x.com/undefined/status/1935152983639196037;1.42022e+18;;ak ilang sks nder;netral;['ak', 'ilang', 'sks', 'nder'];3
kurikulum-baru_3.csv;1.93493e+18;Wed Jun 18 13:06:52 +0000 2025;0.0;@utfess Tempatku ada yg awalnya 3 SKS jadi 1 SKS doang. Tapi untungnya matkul yg itu nilai D jadi gak nyesek?amat. Tapi tetep nyesek bagian sks yg sudah ditempuh jdi berkurang 6 SKS. Wkwk ;1.93532e+18;;utfess;in;;0.0;0.0;0.0;https://x.com/undefined/status/1935323326051926181;8.12318e+17;;tempat ada awal sks sks doang tapi untung matkul nilai d gak nyesek amat tapi tetep nyesek bagi sks tempuh jdi kurang sks;negatif;['sks', 'sks', 'doang', 'untung', 'matkul', 'nilai', 'd', 'gak', 'nyesek', 'tetep', 'nyesek', 'sks', 'tempuh', 'jdi', 'sks'];3
kurikulum-baru_3.csv;1.93493e+18;Wed Jun 18 13:08:41 +0000 2025;0.0;@utfess Kalau gak salah denger kemarin waktu ada sosialisasi yg tadinya 4 sks jadi 2 atau 3 sks nanti sisa sks nya akan di konversi ke yang tadinya 2 atau 3 sks sekarang jadi 4 sks.;1.93532e+18;;utfess;in;;0.0;1.0;0.0;https://x.com/undefined/status/1935323783612743805;1.28848e+18;;kalau gak salah denger kemarin waktu ada sosialisasi tadi sks sks nanti sisa sks konversi tadi sks sekarang sks;negatif;['gak', 'salah', 'denger', 'kemarin', 'sosialisasi', 'sks', 'sks', 'sisa', 'sks', 'konversi', 'sks', 'sks'];3
kurikulum-baru_3.csv;1.93493e+18;Wed Jun 18 16:08:24 +0000 2025;0.0;@utfess Aku smt 1 berkurang 4 sks smt 2 berkurang 2 sks gaoaoa;1.93537e+18;;utfess;in;;0.0;0.0;0.0;https://x.com/undefined/status/1935369011291943013;1.46158e+18;;aku smt kurang sks smt kurang sks gaoaoa;negatif;['smt', 'sks', 'smt', 'sks', 'gaoaoa'];4
kurikulum-baru_3.csv;1.93493e+18;Thu Jun 19 01:50:58 +0000 2025;0.0;@utfess aku tbtb nambah matkul baru pdhl udh semester akhir terus ada matkul yang ilang dilebur padahal semester ini aku ambil. anjrit kan bingung ya;1.93552e+18;;utfess;in;;0.0;0.0;0.0;https://x.com/undefined/status/1935515619409154543;1.09853e+18;;aku tbtb nambah matkul baru pdhl udh semester akhir terus ada matkul ilang lebur padahal semester aku ambil anjrit bingung;netral;['tbtb', 'nambah', 'matkul', 'pdhl', 'udh', 'semester', 'matkul', 'ilang', 'lebur', 'semester', 'ambil', 'anjrit', 'bingung'];1
kurikulum-baru_3.csv;1.93493e+18;Thu Jun 19 03:13:00 +0000 2025;0.0;@utfess baru cek ternyata iyaaa turun 4 sks;1.93554e+18;;utfess;in;;0.0;0.0;0.0;https://x.com/undefined/status/1935536265044328958;1.88664e+18;;baru cek nyata turun sks;netral;['cek', 'nyata', 'turun', 'sks'];4
kurikulum-baru_4.csv;1.83267e+18;Sun Sep 08 06:55:26 +0000 2024;70.0;@zanatul_91 Tulisan mas tidak akan dan mustahil ditemukan di media sosial lain selain X/twitter. Di instagram isinya pembenaran bahwa kurikulum dan segala isi?ya sudah benar dan bagus. Sedangkan disini rasanya semua jujur. Bagus ya bagus jelek ya jelek. No bias This is my opinion.;1.83267e+18;;zanatul_91;in;;0.0;1.0;3.0;https://x.com/undefined/status/1832674089074618758;91548676.0;;tulis mas mustahil temu media sosial lain selain x twitter instagram isi benar bahwa kurikulum segala isi benar bagus sedang sini rasa semua jujur bagus bagus jelek jelek no bias this is my opinion;positif;['tulis', 'mas', 'mustahil', 'temu', 'media', 'sosial', 'x', 'twitter', 'instagram', 'isi', 'kurikulum', 'isi', 'bagus', 'jujur', 'bagus', 'bagus', 'jelek', 'jelek', 'no', 'bias', 'this', 'is', 'my', 'opinion'];2
kurikulum-baru_4.csv;1.83267e+18;Sun Sep 08 11:13:46 +0000 2024;26.0;@zanatul_91 ada 2 tipe guru: 1. yang masuk ke kelas untuk mengajar muridnya dan mengakali administrasi 2. ada yg mengakali muridnya di kelas dan mengerjakan administrasi;1.83274e+18;;zanatul_91;in;;0.0;3.0;0.0;https://x.com/undefined/status/1832739101071618049;479160851.0;;ada tipe guru masuk kelas ajar murid akal administrasi ada akal murid kelas kerja administrasi;netral;['tipe', 'guru', 'masuk', 'kelas', 'ajar', 'murid', 'akal', 'administrasi', 'akal', 'murid', 'kelas', 'kerja', 'administrasi'];0
kurikulum-baru_4.csv;1.83267e+18;Sun Sep 08 07:29:16 +0000 2024;6.0;@zanatul_91 saya jaranggg banget mendapati berita tentang Pak Menteri Dikbudristek ini (selain di episode2 MB). Apa karena algoritma beranda+pencarian twitter/YT/google saya yang tidak mengarahkan ke sana ya. Malah Lebih banyak berita/pernyataan dari kepala BSKAP...;1.83268e+18;;zanatul_91;in;;0.0;1.0;0.0;https://x.com/undefined/status/1832682602903564424;1.06698e+18;;saya jarang sangat dapat berita tentang pak menteri dikbudristek selain episode mb algoritma beranda cari twitter yt google saya arah sana malah lebih banyak berita nyata kepala bskap;netral;['jarang', 'berita', 'menteri', 'dikbudristek', 'episode', 'mb', 'algoritma', 'beranda', 'cari', 'twitter', 'yt', 'google', 'arah', 'berita', 'nyata', 'kepala', 'bskap'];4
kurikulum-baru_4.csv;1.83267e+18;Sun Sep 08 11:21:48 +0000 2024;5.0;@zanatul_91 pak iman punya grup wa atau komunitas yg bajas soal pendidikan di Indonesia gak? biar bisa diskusi saya mau gabung. saya dari provinsi lampung btw;1.83274e+18;;zanatul_91;in;;0.0;2.0;0.0;https://x.com/undefined/status/1832741119249318144;7.06835e+17;;pak iman punya grup wa komunitas bajas soal didik indonesia gak biar bisa diskusi saya mau gabung saya provinsi lampung btw;netral;['iman', 'grup', 'wa', 'komunitas', 'bajas', 'didik', 'indonesia', 'gak', 'biar', 'diskusi', 'gabung', 'provinsi', 'lampung', 'btw'];0
kurikulum-baru_4.csv;1.83267e+18;Mon Sep 09 11:14:13 +0000 2024;3.0;@zanatul_91 Kalau ngga salah kurikulum ini khan maseh prototype kedua. Entahkenapa langsung diberlakukan secara nasional CP aja terus berubah P5 jadi jargon yang dianggap keren padahal ya gituh aja. Model projek malah lebih ke entertainment hiburan bikin panggung katanyakeren...;1.8331e+18;;zanatul_91;in;;0.0;2.0;0.0;https://x.com/undefined/status/1833101599033487614;163489904.0;;kalau ngga salah kurikulum khan maseh prototype dua entahkenapa langsung laku cara nasional cp terus ubah p jargon anggap keren padahal gituh model projek malah lebih entertainment hibur bikin panggung katanyakeren;netral;['ngga', 'salah', 'kurikulum', 'khan', 'maseh', 'prototype', 'entahkenapa', 'langsung', 'laku', 'nasional', 'cp', 'ubah', 'p', 'jargon', 'anggap', 'keren', 'gituh', 'model', 'projek', 'entertainment', 'hibur', 'bikin', 'panggung', 'katanyakeren'];3
kurikulum-baru_4.csv;1.83267e+18;Sun Sep 08 07:21:12 +0000 2024;50.0;@zanatul_91 Guru ketika melaksanakan kurikulum merdeka itu laptop beli sendiri kuota beli sendiri listrik untuk laptop bayar sendiri kalau menggunakan waktu di luar jam kerja lembur tidak dibayar kurikulum merdeka kok malah menyengsarakan guru;1.83268e+18;;zanatul_91;in;;0.0;1.0;1.0;https://x.com/undefined/status/1832680569601454301;1.60618e+18;;guru ketika laksana kurikulum merdeka laptop beli sendiri kuota beli sendiri listrik laptop bayar sendiri kalau guna waktu luar jam kerja lembur bayar kurikulum merdeka malah sengsara guru;netral;['guru', 'laksana', 'kurikulum', 'merdeka', 'laptop', 'beli', 'kuota', 'beli', 'listrik', 'laptop', 'bayar', 'jam', 'kerja', 'lembur', 'bayar', 'kurikulum', 'merdeka', 'sengsara', 'guru'];0
kurikulum-baru_4.csv;1.83267e+18;Sun Sep 08 08:45:12 +0000 2024;29.0;"@zanatul_91 Sederhananya; Gw mau sistem belajar kita kek gw waktu di amerika ganti kurikulumnya Pak gurunya ga paham krn mrk ga sekolah di amrik Suru gurunya belajar! Gw bikinin aplikasi Pak waktu gurunya abis buat ini doang jadinya murid nilainya jeblok Gurunya ga kompeten nih";1.8327e+18;;zanatul_91;in;;2.0;0.0;5.0;https://x.com/undefined/status/1832701709598278090;1.03554e+18;;sederhana gw mau sistem ajar kita kek gw waktu amerika ganti kurikulum pak guru paham krn mrk sekolah amrik suru guru ajar gw bikinin aplikasi pak waktu guru abis buat doang jadi murid nilai jeblok guru kompeten nih;netral;['sederhana', 'gw', 'sistem', 'ajar', 'kek', 'gw', 'amerika', 'ganti', 'kurikulum', 'guru', 'paham', 'krn', 'mrk', 'sekolah', 'amrik', 'suru', 'guru', 'ajar', 'gw', 'bikinin', 'aplikasi', 'guru', 'abis', 'doang', 'murid', 'nilai', 'jeblok', 'guru', 'kompeten', 'nih'];2
kurikulum-baru_4.csv;1.83267e+18;Sun Sep 08 06:34:16 +0000 2024;25.0;@zanatul_91 Sebelum PLP siapin diri dgn KM. Ikut seminar yg dpt JP belajar dari sosialisasi di YT juga. Tapi isi materinya sama aja dah sebanyak itu ttp ga ngerti apa apa juga. Bahkan stelah ngajar makin mikir apa bedanya dgn K13? . Cuma beda P5 dan pergantian nama instrumen;1.83267e+18;;zanatul_91;in;;1.0;0.0;4.0;https://x.com/undefined/status/1832668762375438680;1.11957e+18;;belum plp siapin diri km ikut seminar dpt jp ajar sosialisasi yt tapi isi materi sama banyak ttp ngerti bahkan stelah ngajar makin mikir beda k cuma beda p ganti nama instrumen;netral;['plp', 'siapin', 'km', 'seminar', 'dpt', 'jp', 'ajar', 'sosialisasi', 'yt', 'isi', 'materi', 'ttp', 'ngerti', 'stelah', 'ngajar', 'mikir', 'beda', 'k', 'beda', 'p', 'ganti', 'nama', 'instrumen'];2
kurikulum-baru_4.csv;1.83267e+18;Sun Sep 08 09:04:45 +0000 2024;19.0;@zanatul_91 dulu waktu workshop kurdeka team kami tanya -'kesannya ganti mentri ganti kurikulum' -instructur: 'sebelah mananya? justru kurikulum ini penyempurnaan' penyempurnaan apanya? we sit for hours and the feedback just a paper called certificate that we cant measure the value kok;1.83271e+18;;zanatul_91;in;;0.0;1.0;3.0;https://x.com/undefined/status/1832706629449748649;415961409.0;;dulu waktu workshop kurdeka team kami tanya kesan ganti tri ganti kurikulum instructur belah mana justru kurikulum sempurna sempurna apa we sit for hours and the feedback just a paper called certificate that we cant measure the value;positif;['workshop', 'kurdeka', 'team', 'kesan', 'ganti', 'tri', 'ganti', 'kurikulum', 'instructur', 'belah', 'kurikulum', 'sempurna', 'sempurna', 'we', 'sit', 'for', 'hours', 'and', 'the', 'feedback', 'just', 'a', 'paper', 'called', 'certificate', 'that', 'we', 'cant', 'measure', 'the', 'value'];0
kurikulum-baru_4.csv;1.83267e+18;Sun Sep 08 06:46:03 +0000 2024;18.0;@zanatul_91 Nadiem eksperimen sesuatu yg blom jelas efektifitasnya Eksperimen normalnya skala kecil kemudian di review Kalo gagal yg kena efek jg kecil Ini langsung skala nasional Seindonesia raya kena efeknya;1.83267e+18;;zanatul_91;in;;2.0;3.0;0.0;https://x.com/undefined/status/1832671725168775251;1.20091e+18;;nadiem eksperimen sesuatu blom jelas efektifitasnya eksperimen normal skala kecil kemudian review kalo gagal kena efek kecil langsung skala nasional indonesia raya kena efek;negatif;['nadiem', 'eksperimen', 'blom', 'efektifitasnya', 'eksperimen', 'normal', 'skala', 'review', 'kalo', 'gagal', 'kena', 'efek', 'langsung', 'skala', 'nasional', 'indonesia', 'raya', 'kena', 'efek'];0
kurikulum-baru_4.csv;1.83267e+18;Sun Sep 08 06:42:23 +0000 2024;13.0;@zanatul_91 Sbg korban dr semua program diatas kesimpulannya adalah guru pada capek apalagi P5 yg menguras energi dan biaya.;1.83267e+18;;zanatul_91;in;;0.0;0.0;0.0;https://x.com/undefined/status/1832670804359929878;9.85191e+17;;bagai korban semua program atas simpul guru capek apalagi p uras energi biaya;netral;['korban', 'program', 'simpul', 'guru', 'capek', 'p', 'uras', 'energi', 'biaya'];3
kurikulum-baru_4.csv;1.83267e+18;Sun Sep 08 07:06:02 +0000 2024;7.0;@zanatul_91 Kita yang dilapangan benar-benar keteteran karena kurang koordinasi. P5 aja perlu biaya sampe bingung minta kmana;1.83268e+18;;zanatul_91;in;;0.0;0.0;1.0;https://x.com/undefined/status/1832676755225579651;1357069646.0;;kita lapang benar benar keteter kurang koordinasi p perlu biaya sampe bingung minta kmana;negatif;['lapang', 'keteter', 'koordinasi', 'p', 'biaya', 'sampe', 'bingung', 'kmana'];0
kurikulum-baru_4.csv;1.83267e+18;Sun Sep 08 08:18:23 +0000 2024;4.0;@zanatul_91 Kurikulum merdeka katanya sederhana nyatanya tidak merdeka tapi full administrasi ini itu. Waktu guru habis memikirkan kreatif atraktif inovatif tif tiflah dengan ice breaking membahana. Melelahkan sekali harus melakukan ini semua ini dari jam 7.30 sampai 14.30.;1.83269e+18;;zanatul_91;in;;0.0;0.0;1.0;https://x.com/undefined/status/1832694963928494120;1.12204e+18;;kurikulum merdeka kata sederhana nyata merdeka tapi full administrasi waktu guru habis pikir kreatif atraktif inovatif tif tiflah ice breaking bahana lelah sekali harus laku semua jam sampai;positif;['kurikulum', 'merdeka', 'sederhana', 'nyata', 'merdeka', 'full', 'administrasi', 'guru', 'habis', 'pikir', 'kreatif', 'atraktif', 'inovatif', 'tif', 'tiflah', 'ice', 'breaking', 'bahana', 'lelah', 'laku', 'jam'];2
kurikulum-baru_4.csv;1.83267e+18;Sun Sep 08 23:59:44 +0000 2024;4.0;@zanatul_91 Inilah. Orang terburu-buru bikin sistem dengan asumsi sistem itu adl yg terbaik dan harus dilakukan. Tp tdk melihat kesiapan dan kebutuhan ekosistem. Sistem bisa merdeka kalau ekosistemnya merdeka. Masalahnya kebutuhan dasar guru sj blm terpenuhi utk naik ke piramida selanjutnya.;1.83293e+18;;zanatul_91;in;;0.0;0.0;1.0;https://x.com/undefined/status/1832931859338347005;1510064330.0;;ini orang buru buru bikin sistem asumsi sistem adl baik harus laku tapi lihat kesiap butuh ekosistem sistem bisa merdeka kalau ekosistem merdeka masalah butuh dasar guru sj penuh utk naik piramida lanjut;netral;['orang', 'buru', 'buru', 'bikin', 'sistem', 'asumsi', 'sistem', 'adl', 'laku', 'lihat', 'kesiap', 'butuh', 'ekosistem', 'sistem', 'merdeka', 'ekosistem', 'merdeka', 'butuh', 'dasar', 'guru', 'sj', 'penuh', 'utk', 'piramida'];4
kurikulum-baru_4.csv;1.83267e+18;Sun Sep 08 06:42:06 +0000 2024;5.0;@zanatul_91 Bener2 inilah yg terjadi di lapangan krn anak sy sekolah di sd negeri penggerak. Dan kebetulan istri deket dengan guru2nya. Keluhannya persis seperti diatas;1.83267e+18;;zanatul_91;in;;0.0;0.0;0.0;https://x.com/undefined/status/1832670730305335742;1.74945e+18;;bener ini jadi lapang krn anak sy sekolah sd negeri gerak betul istri deket guru keluh persis seperti atas;netral;['bener', 'lapang', 'krn', 'anak', 'sy', 'sekolah', 'sd', 'negeri', 'gerak', 'istri', 'deket', 'guru', 'keluh', 'persis'];1
kurikulum-baru_4.csv;1.83267e+18;Sun Sep 08 13:20:45 +0000 2024;2.0;@zanatul_91 Pak Nadiem bilang just hyper experiment on everything. Nah ini kurikulum udah terbukti jeblok ya kenapa diteruskan;1.83277e+18;;zanatul_91;in;;0.0;0.0;0.0;https://x.com/undefined/status/1832771055636885902;148985134.0;;pak nadiem bilang just hyper experiment on everything kurikulum bukti jeblok kenapa terus;netral;['nadiem', 'bilang', 'just', 'hyper', 'experiment', 'on', 'everything', 'kurikulum', 'bukti', 'jeblok'];3
kurikulum-baru_4.csv;1.83267e+18;Sun Sep 08 14:13:46 +0000 2024;2.0;@zanatul_91 Mungkinkah kurikulum dikembangkan oleh lembaga yg lebih independen komprehensif thd perkembangan zaman dan berkelanjutan. Entah kabinet mendatang menterinya siapa lagi dan ganti ..... .lagi ;1.83278e+18;;zanatul_91;in;;0.0;0.0;0.0;https://x.com/undefined/status/1832784397013242329;159899431.0;;mungkin kurikulum kembang oleh lembaga lebih independen komprehensif thd kembang zaman lanjut entah kabinet datang menteri siapa ganti;netral;['kurikulum', 'kembang', 'lembaga', 'independen', 'komprehensif', 'thd', 'kembang', 'zaman', 'kabinet', 'menteri', 'ganti'];0
kurikulum-baru_4.csv;1.83267e+18;Sun Sep 08 19:52:56 +0000 2024;1.0;"@zanatul_91 Apakah guru2 di Indonesia ini dipahamkan soal goals &amp; measurement yg digunakan utk mengukur hasil kinerja mereka?";1.83287e+18;;zanatul_91;in;;0.0;1.0;0.0;https://x.com/undefined/status/1832869753259790829;1.37534e+18;;apakah guru indonesia paham soal goals amp measurement guna utk ukur hasil kerja mereka;netral;['guru', 'indonesia', 'paham', 'goals', 'amp', 'measurement', 'utk', 'ukur', 'hasil', 'kerja'];4
kurikulum-baru_4.csv;1.83267e+18;Mon Sep 09 03:53:00 +0000 2024;1.0;@zanatul_91 Jaman KTSP kita sering mendengar siswa berprestasi di berita ICYS ISO dll sekarang jarang terdengar. Ayah saya sebelum pensiun sering ngeluh dipaksa nonton video untuk ngikuti kurikulum padahal cara lama lebih gampang dibuat buku panduan saja biar dibaca lagi saat ngajar.;1.83299e+18;;zanatul_91;in;;0.0;0.0;0.0;https://x.com/undefined/status/1832990565597860010;787140920.0;;jaman ktsp kita sering dengar siswa prestasi berita icys iso dll sekarang jarang dengar ayah saya belum pensiun sering ngeluh paksa nonton video ngikuti kurikulum padahal cara lama lebih gampang buat buku pandu biar baca saat ngajar;netral;['jaman', 'ktsp', 'dengar', 'siswa', 'prestasi', 'berita', 'icys', 'iso', 'dll', 'jarang', 'dengar', 'ayah', 'pensiun', 'ngeluh', 'paksa', 'nonton', 'video', 'ngikuti', 'kurikulum', 'gampang', 'buku', 'pandu', 'biar', 'baca', 'ngajar'];0
kurikulum-baru_4.csv;1.83267e+18;Mon Sep 09 12:07:35 +0000 2024;1.0;@zanatul_91 Menteri aplikasi nih boss... senggol dong... ;1.83312e+18;;zanatul_91;in;;0.0;0.0;0.0;https://x.com/undefined/status/1833115031866909079;1.1438e+18;;menteri aplikasi nih boss senggol;netral;['menteri', 'aplikasi', 'nih', 'boss', 'senggol'];0
kurikulum-baru_4.csv;1.83267e+18;Sun Sep 08 10:24:43 +0000 2024;0.0;@zanatul_91 Sebahai ortu yg anaknya disekolah negri beberapa jenjang. Kurikulum sekolah semenjak era pasca pak Harto. Anj33ng;1.83273e+18;;zanatul_91;in;;0.0;0.0;0.0;https://x.com/undefined/status/1832726753808441652;1.60374e+18;;sebahai ortu anak seko negri beberapa jenjang kurikulum sekolah semenjak era pasca pak harto anj ng;netral;['sebahai', 'ortu', 'anak', 'seko', 'negri', 'jenjang', 'kurikulum', 'sekolah', 'semenjak', 'era', 'pasca', 'harto', 'anj', 'ng'];4
kurikulum-baru_4.csv;1.83267e+18;Sun Sep 08 10:50:01 +0000 2024;0.0;@zanatul_91 Sejak kurtilas udah keliatan nggak cocok dg realita di lapangan apalagi kurmer. Kalau melihat kondisi lapangan kurikulum2 itu belum cocok untuk diterapkan. Nggak pernah ada refleksi dan evaluasi apa gimana sih.;1.83273e+18;;zanatul_91;in;;0.0;0.0;0.0;https://x.com/undefined/status/1832733121361707085;1.16562e+18;;sejak kurtilas liat nggak cocok realita lapang apalagi kurmer kalau lihat kondisi lapang kurikulum cocok terap nggak pernah ada refleksi evaluasi gimana sih;netral;['kurtilas', 'liat', 'nggak', 'cocok', 'realita', 'lapang', 'kurmer', 'lihat', 'kondisi', 'lapang', 'kurikulum', 'cocok', 'terap', 'nggak', 'refleksi', 'evaluasi', 'gimana', 'sih'];0
kurikulum-baru_4.csv;1.83267e+18;Sun Sep 08 11:54:30 +0000 2024;0.0;@zanatul_91 Nungguin kalo2 ada buzzer dan guru influencer komen;1.83275e+18;;zanatul_91;in;;0.0;0.0;0.0;https://x.com/undefined/status/1832749350403088816;1.17214e+18;;nungguin kalo ada buzzer guru influencer komen;netral;['nungguin', 'kalo', 'buzzer', 'guru', 'influencer', 'komen'];0
kurikulum-baru_4.csv;1.83267e+18;Sun Sep 08 14:49:07 +0000 2024;0.0;@zanatul_91 Tidak ada pengaruh ganti kurikulum dengan cara guru mengajar.;1.83279e+18;;zanatul_91;in;;0.0;0.0;0.0;https://x.com/undefined/status/1832793293723464117;1.25789e+18;;ada pengaruh ganti kurikulum cara guru ajar;netral;['pengaruh', 'ganti', 'kurikulum', 'guru', 'ajar'];0
kurikulum-baru_4.csv;1.83267e+18;Sun Sep 08 14:58:41 +0000 2024;0.0;@zanatul_91 Aku berpikir maka aku ada Zaman sekarang Aku direkam maka aku ada. Politik kehadiran kaya korps pasukan hajat ;1.8328e+18;;zanatul_91;in;;0.0;0.0;0.0;https://x.com/undefined/status/1832795702113755639;119684668.0;;aku pikir maka aku ada zaman sekarang aku rekam maka aku ada politik hadir kaya korps pasu hajat;netral;['pikir', 'zaman', 'rekam', 'politik', 'hadir', 'kaya', 'korps', 'pasu', 'hajat'];0
kurikulum-baru_5.csv;1.81776e+18;Mon Jul 29 03:21:40 +0000 2024;12.0;@WagimanDeep212_ Sudah turun temurun begitu kita juga sejak lama tidak mempermasalahkan. Buku adalah jembatan dunia buku adalah matahari bangsa. Sekarang sudah berubah mungkin artinya ;1.81776e+18;;WagimanDeep212_;in;;0.0;1.0;2.0;https://x.com/undefined/status/1817762389091307800;1.69608e+18;;turun turun begitu kita sejak lama masalah buku jembatan dunia buku matahari bangsa sekarang ubah mungkin arti;negatif;['turun', 'turun', 'buku', 'jembatan', 'dunia', 'buku', 'matahari', 'bangsa', 'ubah', 'arti'];0
kurikulum-baru_5.csv;1.81776e+18;Mon Jul 29 03:39:53 +0000 2024;5.0;@WagimanDeep212_ Sementara itu.... Pejabat menyekolahkan anak anaknya ke luar negeri. ;1.81777e+18;;WagimanDeep212_;in;;1.0;0.0;3.0;https://x.com/undefined/status/1817766972299620847;1.3387e+18;;sementara jabat sekolah anak anak luar negeri;netral;['jabat', 'sekolah', 'anak', 'anak', 'negeri'];1
kurikulum-baru_5.csv;1.81776e+18;Mon Jul 29 03:18:39 +0000 2024;5.0;@WagimanDeep212_ Tahun ini kurikulum merdeka mulai diterapkan Tahun depan ganti menteri siap siap aja ganti kurikulum lagi ;1.81776e+18;;WagimanDeep212_;in;;0.0;0.0;1.0;https://x.com/undefined/status/1817761630807335167;1.37469e+18;;tahun kurikulum merdeka mulai terap tahun depan ganti menteri siap siap ganti kurikulum;netral;['kurikulum', 'merdeka', 'terap', 'ganti', 'menteri', 'ganti', 'kurikulum'];0
kurikulum-baru_5.csv;1.81776e+18;Mon Jul 29 06:04:47 +0000 2024;3.0;@WagimanDeep212_ Kurikulum ganti tapi ilmu nya masih sama cuma beda penyampaian informasi nya saja. Kalau buku buku itu masuk ke perpustakaan desa walau dengan harga murah tujuan mencerdaskan bangsa tercapai. Tapi kalau tujuan cuan ya amsiong.;1.8178e+18;;WagimanDeep212_;in;;0.0;0.0;2.0;https://x.com/undefined/status/1817803437243043857;1.19139e+18;;kurikulum ganti tapi ilmu masih sama cuma beda sampai informasi kalau buku buku masuk pustaka desa walau harga murah tuju cerdas bangsa capai tapi kalau tuju cuan amsiong;positif;['kurikulum', 'ganti', 'ilmu', 'beda', 'informasi', 'buku', 'buku', 'masuk', 'pustaka', 'desa', 'harga', 'murah', 'tuju', 'cerdas', 'bangsa', 'capai', 'tuju', 'cuan', 'amsiong'];0
kurikulum-baru_5.csv;1.81776e+18;Mon Jul 29 06:02:33 +0000 2024;3.0;@WagimanDeep212_ Benang kasut dunia pendidikan yang harus dibenahi ditarik umur terus didukung menjadi sebuah benang yang bisa dipakai kapan waktu dibutuhkan. Dulu buku materi pelajaran bisa diwajibkan sekarang... Ahh... Mbohlah...;1.8178e+18;;WagimanDeep212_;in;;0.0;1.0;1.0;https://x.com/undefined/status/1817802877794148723;1.44276e+18;;benang kasut dunia didik harus benah tarik umur terus dukung jadi buah benang bisa pakai kapan waktu butuh dulu buku materi ajar bisa wajib sekarang ahh mbohlah;netral;['benang', 'kasut', 'dunia', 'didik', 'benah', 'tarik', 'umur', 'dukung', 'buah', 'benang', 'pakai', 'butuh', 'buku', 'materi', 'ajar', 'wajib', 'ahh', 'mbohlah'];0
kurikulum-baru_5.csv;1.81776e+18;Mon Jul 29 03:28:46 +0000 2024;2.0;@WagimanDeep212_ Cuan mbieb.;1.81776e+18;;WagimanDeep212_;es;;0.0;1.0;1.0;https://x.com/undefined/status/1817764176280117288;1.54853e+18;;cuan mbieb;netral;['cuan', 'mbieb'];2
kurikulum-baru_5.csv;1.81776e+18;Mon Jul 29 03:16:27 +0000 2024;3.0;@WagimanDeep212_ Kira2 kembali pakai Sabak g bng......;1.81776e+18;;WagimanDeep212_;in;;0.0;0.0;0.0;https://x.com/undefined/status/1817761074063839597;9.38456e+17;;kira kembali pakai sabak g bng;netral;['pakai', 'sabak', 'g', 'bng'];4
kurikulum-baru_5.csv;1.81776e+18;Mon Jul 29 03:22:28 +0000 2024;3.0;@WagimanDeep212_ Masarakat bapack2 mana bisa nabung . Mana bisa hidup sejahtera. Jatah buat beli vitamin dn kebutuhn kesehatan hrs teralihkan buat beli buku. Klo anaknya 3 beli buku semua... Stress kejet2 kami2 ini;1.81776e+18;;WagimanDeep212_;in;;0.0;0.0;0.0;https://x.com/undefined/status/1817762590300541245;1.60389e+18;;masarakat bapack mana bisa nabung mana bisa hidup sejahtera jatah buat beli vitamin dn kebutuhn sehat hrs alih buat beli buku kalau anak beli buku semua stress jet kami;netral;['masarakat', 'bapack', 'nabung', 'hidup', 'sejahtera', 'jatah', 'beli', 'vitamin', 'dn', 'kebutuhn', 'sehat', 'hrs', 'alih', 'beli', 'buku', 'anak', 'beli', 'buku', 'stress', 'jet'];0
kurikulum-baru_5.csv;1.81776e+18;Mon Jul 29 03:29:21 +0000 2024;3.0;@WagimanDeep212_ Tahun Ajaran berganti generasi bangsa makin linglung hebatnya kalau tauran membully atau ikut demo Yang makin cerdas justru Pejabatnya cerdas menciptakan peluang cuan dari Proyek-proyek an. Pendidikan.;1.81776e+18;;WagimanDeep212_;in;;0.0;0.0;0.0;https://x.com/undefined/status/1817764323210744046;1.60515e+18;;tahun ajar ganti generasi bangsa makin linglung hebat kalau taur membully ikut demo makin cerdas justru jabat cerdas cipta peluang cuan proyek proyek an didik;positif;['ajar', 'ganti', 'generasi', 'bangsa', 'linglung', 'hebat', 'taur', 'membully', 'demo', 'cerdas', 'jabat', 'cerdas', 'cipta', 'peluang', 'cuan', 'proyek', 'proyek', 'an', 'didik'];1
kurikulum-baru_5.csv;1.81776e+18;Mon Jul 29 05:47:18 +0000 2024;1.0;@WagimanDeep212_ Ndisik tahun ajaran baru ratau tuku buku pelajaran.. nganti mbaldus?bukune..;1.8178e+18;;WagimanDeep212_;in;;0.0;1.0;1.0;https://x.com/undefined/status/1817799040022847815;272817152.0;;ndisik tahun ajar baru ratau tuku buku ajar nganti mbaldus bukune;netral;['ndisik', 'ajar', 'ratau', 'tuku', 'buku', 'ajar', 'nganti', 'mbaldus', 'bukune'];0
kurikulum-baru_5.csv;1.81776e+18;Mon Jul 29 10:41:12 +0000 2024;3.0;@WagimanDeep212_ Jika bisa dibuat susah kenapa harus dibuat mudah? Demikian yang banyak terjadi ....;1.81787e+18;;WagimanDeep212_;in;;0.0;0.0;0.0;https://x.com/undefined/status/1817872999313277248;1.09782e+18;;jika bisa buat susah kenapa harus buat mudah demikian banyak jadi;positif;['susah', 'mudah'];2
kurikulum-baru_5.csv;1.81776e+18;Mon Jul 29 15:01:25 +0000 2024;1.0;@WagimanDeep212_ https://t.co/LiUHShCbqH;1.81794e+18;https://pbs.twimg.com/media/GTqda1iaMAAqikv.jpg;WagimanDeep212_;qme;;0.0;0.0;1.0;https://x.com/undefined/status/1817938486366019771;1.68932e+18;;;netral;['nan'];0
kurikulum-baru_5.csv;1.81776e+18;Mon Jul 29 05:32:48 +0000 2024;2.0;@WagimanDeep212_ Satu kebijakan orba yang aku sepakati adalah kurikulum yang stabil dan buku pelajaran yang dicetak oleh pusat dan bisa dipakai bertahun-tahun;1.8178e+18;;WagimanDeep212_;in;;0.0;0.0;0.0;https://x.com/undefined/status/1817795390445695408;1.31114e+18;;satu bijak orba aku sepakat kurikulum stabil buku ajar cetak oleh pusat bisa pakai tahun tahun;netral;['bijak', 'orba', 'sepakat', 'kurikulum', 'stabil', 'buku', 'ajar', 'cetak', 'pusat', 'pakai'];0
kurikulum-baru_5.csv;1.81776e+18;Mon Jul 29 05:51:50 +0000 2024;2.0;@WagimanDeep212_ Ini benar banget seperti ada upaya untuk mengambil keuntungan dari hasil jualan buku. 1 anak aja org tuanya harus keluarkan biaya hampir jutaan. Belum seragam ;1.8178e+18;;WagimanDeep212_;in;;0.0;0.0;0.0;https://x.com/undefined/status/1817800179996881185;1.29129e+18;;benar sangat seperti ada upaya ambil untung hasil jual buku anak org tua harus keluar biaya hampir juta seragam;netral;['upaya', 'ambil', 'untung', 'hasil', 'jual', 'buku', 'anak', 'org', 'tua', 'biaya', 'juta', 'seragam'];0
kurikulum-baru_5.csv;1.81776e+18;Mon Jul 29 06:03:18 +0000 2024;2.0;@WagimanDeep212_ sekarang parah min... bukunya tebal tebal dua semester dijadikan satu tas anakku yg masih SD beratnya minta ampun. ngapain juga pelajaran semester 2 dibawa ngalor ngidul kl belum waktunya kurikulum model opo iki;1.8178e+18;;WagimanDeep212_;in;;0.0;1.0;0.0;https://x.com/undefined/status/1817803064486895634;7.85046e+17;;sekarang parah min buku tebal tebal dua semester jadi satu tas anak masih sd berat minta ampun ngapain ajar semester bawa ngalor ngidul kl waktu kurikulum model opo iki;negatif;['parah', 'min', 'buku', 'tebal', 'tebal', 'semester', 'tas', 'anak', 'sd', 'berat', 'ampun', 'ngapain', 'ajar', 'semester', 'bawa', 'ngalor', 'ngidul', 'kl', 'kurikulum', 'model', 'opo', 'iki'];4
kurikulum-baru_5.csv;1.81776e+18;Mon Jul 29 08:15:21 +0000 2024;2.0;@WagimanDeep212_ Inget jaman dlu dpt warisan buku dr eks kakk kelas;1.81784e+18;;WagimanDeep212_;in;;0.0;0.0;0.0;https://x.com/undefined/status/1817836296666247457;2427875538.0;;inget jaman dlu dpt waris buku eks kakk kelas;netral;['inget', 'jaman', 'dlu', 'dpt', 'waris', 'buku', 'eks', 'kakk', 'kelas'];2
kurikulum-baru_5.csv;1.81776e+18;Mon Jul 29 12:49:14 +0000 2024;2.0;@WagimanDeep212_ pendidikan mahal. pendidikan bukan lg hak warga negara Sudah merdeka kah kita ??;1.81791e+18;;WagimanDeep212_;in;;0.0;0.0;0.0;https://x.com/undefined/status/1817905222976741491;1968375830.0;;didik mahal didik bukan lg hak warga negara merdeka kah kita;netral;['didik', 'mahal', 'didik', 'lg', 'hak', 'warga', 'negara', 'merdeka', 'kah'];0
kurikulum-baru_5.csv;1.81776e+18;Mon Jul 29 13:50:16 +0000 2024;2.0;"@WagimanDeep212_ Kalo kebijakan2 cuma berbasis projek demi cuan ya MPE kapan juga akan jdi bangsa terbelakang.REPELITA &amp; GBHN dimasa lalu seenggaknya nunjukin Kalo butuh yg namanya perencanaan yg gak akan bisa drubah seenak jidatnya.Minimal punya arah tau mau ngapain Dan kemana ";1.81792e+18;;WagimanDeep212_;in;;0.0;0.0;0.0;https://x.com/undefined/status/1817920578961244563;1.68761e+18;;kalo bijak cuma bas projek demi cuan mpe kapan jdi bangsa belakang repelita amp gbhn masa lalu enggak nunjukin kalo butuh nama rencana gak bisa drubah enak jidat minimal punya arah tau mau ngapain mana;netral;['kalo', 'bijak', 'bas', 'projek', 'cuan', 'mpe', 'jdi', 'bangsa', 'repelita', 'amp', 'gbhn', 'nunjukin', 'kalo', 'butuh', 'nama', 'rencana', 'gak', 'drubah', 'enak', 'jidat', 'minimal', 'arah', 'tau', 'ngapain'];2
kurikulum-baru_5.csv;1.81776e+18;Mon Jul 29 03:15:26 +0000 2024;1.0;@WagimanDeep212_ kualitas jg bs diadu ya bieb ;1.81776e+18;;WagimanDeep212_;in;;0.0;0.0;0.0;https://x.com/undefined/status/1817760818173493259;8.10271e+17;;kualitas bs adu bieb;netral;['kualitas', 'bs', 'adu', 'bieb'];0
kurikulum-baru_5.csv;1.81776e+18;Mon Jul 29 10:56:45 +0000 2024;1.0;@WagimanDeep212_ Bisnis.. Sekarang banyak yg mengaku penulis.. Cetak buku ini dan itu... Semua. Karena uang...;1.81788e+18;;WagimanDeep212_;in;;0.0;0.0;0.0;https://x.com/undefined/status/1817876915300286644;1.10464e+18;;bisnis sekarang banyak aku tulis cetak buku semua uang;netral;['bisnis', 'tulis', 'cetak', 'buku', 'uang'];0
kurikulum-baru_5.csv;1.81776e+18;Mon Jul 29 14:45:36 +0000 2024;1.0;@WagimanDeep212_ Kalau bisa dipersulit ngapain dibikin mudah;1.81793e+18;;WagimanDeep212_;in;;0.0;0.0;0.0;https://x.com/undefined/status/1817934506688720963;1.59132e+18;;kalau bisa sulit ngapain bikin mudah;positif;['sulit', 'ngapain', 'bikin', 'mudah'];2
kurikulum-baru_5.csv;1.81776e+18;Mon Jul 29 17:36:32 +0000 2024;1.0;@WagimanDeep212_ Saya salah satu orang tua siswa yang terkena dampak bieb. Ada dana bos untuk buku tapi tidak semua buku harus ada juga yang dibeli. Ntah lah pusing kepala.;1.81798e+18;;WagimanDeep212_;in;;0.0;0.0;0.0;https://x.com/undefined/status/1817977521184666059;1.28851e+18;;saya salah satu orang tua siswa kena dampak bieb ada dana bos buku tapi semua buku harus ada beli ntah pusing kepala;negatif;['salah', 'orang', 'tua', 'siswa', 'kena', 'dampak', 'bieb', 'dana', 'bos', 'buku', 'buku', 'beli', 'ntah', 'pusing', 'kepala'];0
kurikulum-baru_5.csv;1.81776e+18;Mon Jul 29 22:16:35 +0000 2024;1.0;@WagimanDeep212_ Di Konoha apa yg bisa dijadikan cuan harus dilakukan Bieb ini baru dunia pendidikan dunia kesehatan lebih parah lagi obat2an harus terjual habis persetan pasiennya mau sembuh ato gak ;1.81805e+18;;WagimanDeep212_;in;;0.0;0.0;0.0;https://x.com/undefined/status/1818047998037037417;1.64751e+18;;konoha bisa jadi cuan harus laku bieb baru dunia didik dunia sehat lebih parah obat an harus jual habis persetan pasien mau sembuh ato gak;negatif;['konoha', 'cuan', 'laku', 'bieb', 'dunia', 'didik', 'dunia', 'sehat', 'parah', 'obat', 'an', 'jual', 'habis', 'persetan', 'pasien', 'sembuh', 'ato', 'gak'];3
kurikulum-baru_5.csv;1.81776e+18;Tue Jul 30 04:45:01 +0000 2024;1.0;@WagimanDeep212_ Semasa SD SMP SMA buku pelajaran diturunkan dari kk;1.81815e+18;;WagimanDeep212_;in;;0.0;0.0;0.0;https://x.com/undefined/status/1818145751702380570;1.45289e+18;;masa sd smp sma buku ajar turun kk;netral;['sd', 'smp', 'sma', 'buku', 'ajar', 'turun', 'kk'];1
kurikulum-baru_5.csv;1.81776e+18;Tue Jul 30 05:58:46 +0000 2024;1.0;@WagimanDeep212_ Dulu kurikulum gak ganti ganti juga bisa nyetak banyak profesor dan ilmuan profseional . Sekarang nyetak apa??...;1.81816e+18;;WagimanDeep212_;in;;0.0;0.0;0.0;https://x.com/undefined/status/1818164311174578200;2471294520.0;;dulu kurikulum gak ganti ganti bisa nyetak banyak profesor ilmu profseional sekarang nyetak;netral;['kurikulum', 'gak', 'ganti', 'ganti', 'nyetak', 'profesor', 'ilmu', 'profseional', 'nyetak'];2
kurikulum-baru_5.csv;1.81776e+18;Tue Jul 30 17:29:00 +0000 2024;1.0;@WagimanDeep212_ Buku yg harus dibeli tiap semester kalo ditotal hampir 1 juta dan itu gabisa dicicil. Jaman sklh dulu emak beli buku bekas kakak kelas trus tuh buku msh bisa diturunin ke adek gue trus msh bisa dijual lg krn kurikulumnya ga ganti;1.81834e+18;;WagimanDeep212_;in;;0.0;0.0;0.0;https://x.com/undefined/status/1818338013245850043;1.07816e+18;;buku harus beli tiap semester kalo total hampir juta gabisa cicil jaman sklh dulu emak beli buku bekas kakak kelas trus tuh buku msh bisa diturunin adek saya trus msh bisa jual lg krn kurikulum ganti;netral;['buku', 'beli', 'semester', 'kalo', 'total', 'juta', 'gabisa', 'cicil', 'jaman', 'sklh', 'emak', 'beli', 'buku', 'bekas', 'kakak', 'kelas', 'trus', 'tuh', 'buku', 'msh', 'diturunin', 'adek', 'trus', 'msh', 'jual', 'lg', 'krn', 'kurikulum', 'ganti'];0
kurikulum-baru_5.csv;1.81776e+18;Tue Jul 30 23:36:02 +0000 2024;1.0;@WagimanDeep212_ Metode belajarnya juga berubah bib. Anak sekarang belajar bahasa inggris ga disuruh bawa kamus;1.81843e+18;;WagimanDeep212_;in;;0.0;0.0;0.0;https://x.com/undefined/status/1818430380330172661;622255142.0;;metode ajar ubah bib anak sekarang ajar bahasa inggris suruh bawa kamus;netral;['metode', 'ajar', 'ubah', 'bib', 'anak', 'ajar', 'bahasa', 'inggris', 'suruh', 'bawa', 'kamus'];4
kurikulum-baru_5.csv;1.81776e+18;Mon Jul 29 03:26:09 +0000 2024;0.0;@WagimanDeep212_ Menterinya keblinger pintar tapi bodoh;1.81776e+18;;WagimanDeep212_;in;;0.0;1.0;0.0;https://x.com/undefined/status/1817763516042076456;1.74005e+18;;menteri keblinger pintar tapi bodoh;netral;['menteri', 'keblinger', 'pintar', 'bodoh'];0
kurikulum-baru_5.csv;1.81776e+18;Mon Jul 29 12:47:47 +0000 2024;0.0;@WagimanDeep212_ setuju Bib mending kayak dulu buku kakaknya bisa dipakai adik jadi hemat biaya keluarga bisa sekolah semua;1.8179e+18;;WagimanDeep212_;in;;0.0;0.0;0.0;https://x.com/undefined/status/1817904857594081771;722231456.0;;tuju bib mending kayak dulu buku kakak bisa pakai adik hemat biaya keluarga bisa sekolah semua;netral;['tuju', 'bib', 'mending', 'kayak', 'buku', 'kakak', 'pakai', 'adik', 'hemat', 'biaya', 'keluarga', 'sekolah'];3
kurikulum-baru_5.csv;1.81776e+18;Mon Jul 29 11:14:27 +0000 2024;0.0;@WagimanDeep212_ lha gimana beda mentri beda kurikulum. sehingga beda proyeknya juga;1.81788e+18;;WagimanDeep212_;in;;0.0;0.0;0.0;https://x.com/undefined/status/1817881368338292822;2402369005.0;;lha gimana beda tri beda kurikulum sehingga beda proyek;netral;['lha', 'gimana', 'beda', 'tri', 'beda', 'kurikulum', 'beda', 'proyek'];3
kurikulum-baru_5.csv;1.81776e+18;Mon Jul 29 11:54:24 +0000 2024;0.0;@WagimanDeep212_ Keri kulum keri kulum keri kulum lagi!Rusak;1.81789e+18;;WagimanDeep212_;in;;0.0;0.0;0.0;https://x.com/undefined/status/1817891423032938667;1.41268e+18;;keri kulum keri kulum keri kulum rusak;netral;['keri', 'kulum', 'keri', 'kulum', 'keri', 'kulum', 'rusak'];3
kurikulum-baru_5.csv;1.81776e+18;Mon Jul 29 12:16:38 +0000 2024;0.0;@WagimanDeep212_ Buku mahal jadinya banyak yg putus sekolah . Sementara anak pejabatnya sekolah di luar negeri. Yg di dalam negri dg prestasi Cumlaude pun tipis bs dpt jabatan sementara yg cm 'Les' di LN bs dpt jabatan cihuy... Rak cetho blasss masseeh..;1.8179e+18;;WagimanDeep212_;in;;0.0;0.0;0.0;https://x.com/undefined/status/1817897016481263897;1.8058e+18;;buku mahal jadi banyak putus sekolah sementara anak jabat sekolah luar negeri dalam negri prestasi cumlaude tipis bs dpt jabat sementara cm les ln bs dpt jabat cihuy rak cetho blas masseeh;netral;['buku', 'mahal', 'putus', 'sekolah', 'anak', 'jabat', 'sekolah', 'negeri', 'negri', 'prestasi', 'cumlaude', 'tipis', 'bs', 'dpt', 'jabat', 'cm', 'les', 'ln', 'bs', 'dpt', 'jabat', 'cihuy', 'rak', 'cetho', 'blas', 'masseeh'];1
kurikulum-baru_5.csv;1.81776e+18;Mon Jul 29 12:58:57 +0000 2024;0.0;@WagimanDeep212_ Dulu pake merk Yu.. Thi.. Ra.. Sekarang dah g pake lg gimana itu nasib pabriknya..;1.81791e+18;;WagimanDeep212_;in;;0.0;0.0;0.0;https://x.com/undefined/status/1817907668474044725;1.42133e+18;;dulu pake merk yu thi ra sekarang g pake lg gimana nasib pabrik;netral;['pake', 'merk', 'yu', 'thi', 'ra', 'g', 'pake', 'lg', 'gimana', 'nasib', 'pabrik'];3
kurikulum-baru_5.csv;1.81776e+18;Mon Jul 29 13:00:26 +0000 2024;0.0;@WagimanDeep212_ Fulus bib..fulus;1.81791e+18;;WagimanDeep212_;in;;0.0;0.0;0.0;https://x.com/undefined/status/1817908038545682618;1355873708.0;;fulus bib fulus;netral;['fulus', 'bib', 'fulus'];3
kurikulum-baru_5.csv;1.81776e+18;Mon Jul 29 13:03:49 +0000 2024;0.0;@WagimanDeep212_ Lhoo emang salah satu tujuannya bikin buku baru om.... saya kan mesti bayar cicilan om....;1.81791e+18;;WagimanDeep212_;in;;0.0;0.0;0.0;https://x.com/undefined/status/1817908891927417019;1.72208e+18;;lhoo emang salah satu tuju bikin buku baru om saya mesti bayar cicil om;negatif;['lhoo', 'emang', 'salah', 'tuju', 'bikin', 'buku', 'om', 'mesti', 'bayar', 'cicil', 'om'];4
kurikulum-baru_5.csv;1.81776e+18;Mon Jul 29 13:10:57 +0000 2024;0.0;@WagimanDeep212_ Tahun ini beli buku doang 1 6jt Naik mulu;1.81791e+18;;WagimanDeep212_;in;;0.0;0.0;0.0;https://x.com/undefined/status/1817910686338478432;1.06539e+18;;tahun beli buku doang jt naik mulu;netral;['beli', 'buku', 'doang', 'jt', 'mulu'];0
kurikulum-baru_5.csv;1.81776e+18;Mon Jul 29 13:14:18 +0000 2024;0.0;@WagimanDeep212_ Akhirnya di beli tukang loak dgn harga Rp.500/kg.wkwk.;1.81791e+18;;WagimanDeep212_;in;;0.0;0.0;0.0;https://x.com/undefined/status/1817911528110350637;2302893134.0;;akhir beli tukang loak harga rp kg;netral;['beli', 'tukang', 'loak', 'harga', 'rp', 'kg'];1
kurikulum-baru_5.csv;1.81776e+18;Mon Jul 29 13:29:57 +0000 2024;0.0;@WagimanDeep212_ SEKARANG INI DUNIA PENDIDIKAN SUDAH MENCENG JAUH DARI TUJUAN AWAL SUDAH JADI LADANG BISNIS BARU .;1.81792e+18;;WagimanDeep212_;in;;0.0;0.0;0.0;https://x.com/undefined/status/1817915469606834660;1.56752e+18;;sekarang dunia didik menceng jauh tuju awal ladang bisnis baru;netral;['dunia', 'didik', 'menceng', 'tuju', 'ladang', 'bisnis'];3
kurikulum-baru_5.csv;1.81776e+18;Mon Jul 29 13:34:12 +0000 2024;0.0;@WagimanDeep212_ LAHAN BISNIS BARU TIAP AWAL PENDIDIKAN( REJEKI TIAP TAHUN AWAL PESERTA DIDIK BARU).;1.81792e+18;;WagimanDeep212_;in;;0.0;0.0;0.0;https://x.com/undefined/status/1817916537472462947;1.56752e+18;;lahan bisnis baru tiap awal didik rejeki tiap tahun awal serta didik baru;netral;['lahan', 'bisnis', 'didik', 'rejeki', 'didik'];1
kurikulum-baru_5.csv;1.81776e+18;Mon Jul 29 03:40:41 +0000 2024;0.0;@WagimanDeep212_ Yg penting kan proyek bib biar dah gonta ganti yg penting cuan kata kang proyek! Makanya rakyat bingung pemimpin bingung guru aja bingung apa lagi yg jadi murid tambah bingung semua serba bingung dan akhirnya kaget!;1.81777e+18;;WagimanDeep212_;in;;0.0;0.0;0.0;https://x.com/undefined/status/1817767173366194195;1.75886e+18;;penting proyek bib biar gonta ganti penting cuan kata kang proyek makanya rakyat bingung pimpin bingung guru bingung murid tambah bingung semua serba bingung akhir kaget;netral;['proyek', 'bib', 'biar', 'gonta', 'ganti', 'cuan', 'kang', 'proyek', 'rakyat', 'bingung', 'pimpin', 'bingung', 'guru', 'bingung', 'murid', 'bingung', 'serba', 'bingung', 'kaget'];3
kurikulum-baru_5.csv;1.81776e+18;Mon Jul 29 03:41:59 +0000 2024;0.0;@WagimanDeep212_ Yg repot pustakawan sekolah. Buku paket itu bagian dari sarana bukan milik perpustakaan jd kalo udh ada buku baru buku lama jd ditumpuk di gudang dan banyaaakk sekali;1.81777e+18;;WagimanDeep212_;in;;0.0;0.0;0.0;https://x.com/undefined/status/1817767500035268948;195002408.0;;repot pustakawan sekolah buku paket bagi sarana bukan milik pustaka jd kalo udh ada buku baru buku lama jd tumpuk gudang banyakk sekali;netral;['repot', 'pustakawan', 'sekolah', 'buku', 'paket', 'sarana', 'milik', 'pustaka', 'jd', 'kalo', 'udh', 'buku', 'buku', 'jd', 'tumpuk', 'gudang', 'banyakk'];0
kurikulum-baru_5.csv;1.81776e+18;Mon Jul 29 03:44:26 +0000 2024;0.0;@WagimanDeep212_ Kualitas pendidikan jg makin menurun kurikulum skrg kurikulum pembodohan;1.81777e+18;;WagimanDeep212_;in;;0.0;0.0;0.0;https://x.com/undefined/status/1817768119655604691;1.25463e+18;;kualitas didik makin turun kurikulum skrg kurikulum bodoh;netral;['kualitas', 'didik', 'turun', 'kurikulum', 'skrg', 'kurikulum', 'bodoh'];0
kurikulum-baru_5.csv;1.81776e+18;Mon Jul 29 03:47:17 +0000 2024;0.0;@WagimanDeep212_ Selama ada cuan bodo amat sama yg lain;1.81777e+18;;WagimanDeep212_;in;;0.0;0.0;0.0;https://x.com/undefined/status/1817768834411180065;1.80016e+18;;lama ada cuan bodo amat sama lain;netral;['cuan', 'bodo'];3
kurikulum-baru_5.csv;1.81776e+18;Mon Jul 29 03:54:14 +0000 2024;0.0;@WagimanDeep212_ kalo ente tanya ke menterinya jawbannya pasti : apa urusan ente kebijakan gue terserah gue..mau kasih kurikulum acak kadul..terserah gue.. ' enak gak ?;1.81777e+18;;WagimanDeep212_;in;;0.0;0.0;0.0;https://x.com/undefined/status/1817770582479610001;1.51447e+18;;kalo ente tanya menteri jawbannya pasti urus ente bijak saya serah saya mau kasih kurikulum acak kadul serah saya enak gak;netral;['kalo', 'ente', 'menteri', 'jawbannya', 'urus', 'ente', 'bijak', 'serah', 'kasih', 'kurikulum', 'acak', 'kadul', 'serah', 'enak', 'gak'];1
kurikulum-baru_5.csv;1.81776e+18;Mon Jul 29 03:59:27 +0000 2024;0.0;@WagimanDeep212_ Dulu buku SD .. ini budi ini ibu budi diwariskan dari kakak pertama sampai adek bungsu ke enam :D sekarang tiap2 tahun ganti buku :(;1.81777e+18;;WagimanDeep212_;in;;0.0;0.0;0.0;https://x.com/undefined/status/1817771898102821334;1.04803e+18;;dulu buku sd budi ibu budi waris kakak pertama sampai adek bungsu enam d sekarang tiap tahun ganti buku;netral;['buku', 'sd', 'budi', 'budi', 'waris', 'kakak', 'adek', 'bungsu', 'enam', 'd', 'ganti', 'buku'];0
kurikulum-baru_5.csv;1.81776e+18;Mon Jul 29 04:00:47 +0000 2024;0.0;@WagimanDeep212_ Sekarang jaman komputer harusnya dipikirkan anak2 sekolah diberikan semacam tablet pengganti buku dengan kontrol pemakaian yg ketat atau bisa pakai model kindle yg cuma bisa untuk baca buku menghemat kertas dan beban berat tas anak2.;1.81777e+18;;WagimanDeep212_;in;;0.0;0.0;0.0;https://x.com/undefined/status/1817772232632115298;1.04803e+18;;sekarang jaman komputer harus pikir anak sekolah beri macam tablet ganti buku kontrol pakai ketat bisa pakai model kindle cuma bisa baca buku hemat kertas beban berat tas anak;netral;['jaman', 'komputer', 'pikir', 'anak', 'sekolah', 'tablet', 'ganti', 'buku', 'kontrol', 'pakai', 'ketat', 'pakai', 'model', 'kindle', 'baca', 'buku', 'hemat', 'kertas', 'beban', 'berat', 'tas', 'anak'];2
kurikulum-baru_5.csv;1.81776e+18;Mon Jul 29 04:02:38 +0000 2024;0.0;@WagimanDeep212_ Si nadiem gak ngerti definisi pe didikan n gak paham kurikulum tu apa.;1.81777e+18;;WagimanDeep212_;in;;0.0;0.0;0.0;https://x.com/undefined/status/1817772700288590079;1.5569e+18;;nadiem gak ngerti definisi pe dik n gak paham kurikulum tu;netral;['nadiem', 'gak', 'ngerti', 'definisi', 'pe', 'dik', 'n', 'gak', 'paham', 'kurikulum', 'tu'];0
kurikulum-baru_5.csv;1.81776e+18;Mon Jul 29 04:05:51 +0000 2024;0.0;@WagimanDeep212_ ;1.81777e+18;;WagimanDeep212_;qme;;0.0;0.0;0.0;https://x.com/undefined/status/1817773505938853907;563962606.0;;;netral;['nan'];0
kurikulum-baru_5.csv;1.81776e+18;Mon Jul 29 04:13:31 +0000 2024;0.0;@WagimanDeep212_ Buku jadi bisnis Mbib... Zaman Soeharto lebih baik!;1.81778e+18;;WagimanDeep212_;in;;0.0;0.0;0.0;https://x.com/undefined/status/1817775436778348985;1.02387e+18;;buku bisnis mbib zaman soeharto lebih baik;positif;['buku', 'bisnis', 'mbib', 'zaman', 'soeharto'];4
kurikulum-baru_5.csv;1.81776e+18;Mon Jul 29 15:35:11 +0000 2024;0.0;@WagimanDeep212_ Pejabatnya kan goblok tau aja kan siapa padahal intinya anak2 sekolah juga harus bisa berhitung ;1.81795e+18;;WagimanDeep212_;in;;0.0;0.0;0.0;https://x.com/undefined/status/1817946986089414789;1.40282e+18;;jabat goblok tau siapa padahal inti anak sekolah harus bisa hitung;netral;['jabat', 'goblok', 'tau', 'inti', 'anak', 'sekolah', 'hitung'];1
kurikulum-baru_5.csv;1.81776e+18;Mon Jul 29 15:38:31 +0000 2024;0.0;@WagimanDeep212_ Ortu juga sulit mengajari anak2 ya karena tiap tahun beda kurikulum.;1.81795e+18;;WagimanDeep212_;in;;0.0;0.0;0.0;https://x.com/undefined/status/1817947823578771478;1.7536e+18;;ortu sulit ajar anak tiap tahun beda kurikulum;netral;['ortu', 'sulit', 'ajar', 'anak', 'beda', 'kurikulum'];4
kurikulum-baru_5.csv;1.81776e+18;Mon Jul 29 15:41:12 +0000 2024;0.0;@WagimanDeep212_ mentri nye anjink;1.81795e+18;;WagimanDeep212_;in;;0.0;0.0;0.0;https://x.com/undefined/status/1817948498429608132;796609140.0;;tri nye anjink;netral;['tri', 'nye', 'anjink'];1
kurikulum-baru_5.csv;1.81776e+18;Mon Jul 29 17:16:45 +0000 2024;0.0;@WagimanDeep212_ Nah ini nih.. Yg BANGSAAAATTTT;1.81797e+18;;WagimanDeep212_;in;;0.0;0.0;0.0;https://x.com/undefined/status/1817972545112654039;1.59318e+18;;nih bangsat;netral;['nih', 'bangsat'];4
kurikulum-baru_5.csv;1.81776e+18;Mon Jul 29 22:16:39 +0000 2024;0.0;@WagimanDeep212_ https://t.co/V13fFK7VGJ Pemerintah cenderung mengabaikan infrastruktur pendidikan... Pantesan guru guru TIDAK DIHARGAI... status honorer yg tdk jelas....;1.81805e+18;;WagimanDeep212_;in;;0.0;0.0;0.0;https://x.com/undefined/status/1818048018098307531;3243020725.0;;perintah cenderung abai infrastruktur didik pantesan guru guru harga status honorer jelas;netral;['perintah', 'cenderung', 'abai', 'infrastruktur', 'didik', 'pantesan', 'guru', 'guru', 'harga', 'status', 'honorer'];1
kurikulum-baru_5.csv;1.81776e+18;Mon Jul 29 22:45:25 +0000 2024;0.0;@WagimanDeep212_ Dan sebenernya mereka tutup mata;1.81806e+18;;WagimanDeep212_;in;;0.0;0.0;0.0;https://x.com/undefined/status/1818055258008076580;7.02088e+17;;sebenernya mereka tutup mata;netral;['sebenernya', 'tutup', 'mata'];4
kurikulum-baru_5.csv;1.81776e+18;Mon Jul 29 23:06:25 +0000 2024;0.0;@WagimanDeep212_ Buah dari era repotnasi eh reformasi. Melahirkan banyak manusia serakah dan perut buncit.;1.81806e+18;;WagimanDeep212_;in;;0.0;0.0;0.0;https://x.com/undefined/status/1818060541145006204;1.45531e+18;;buah era repotnasi eh reformasi lahir banyak manusia serakah perut buncit;netral;['buah', 'era', 'repotnasi', 'eh', 'reformasi', 'lahir', 'manusia', 'serakah', 'perut', 'buncit'];0
kurikulum-baru_5.csv;1.81776e+18;Mon Jul 29 23:15:23 +0000 2024;0.0;@WagimanDeep212_ Anak sy naik kelas 4 sd di suruh beli buku hrg 400 rb;1.81806e+18;;WagimanDeep212_;in;;0.0;0.0;0.0;https://x.com/undefined/status/1818062799282782414;1.65069e+18;;anak sy naik kelas sd suruh beli buku hrg rb;netral;['anak', 'sy', 'kelas', 'sd', 'suruh', 'beli', 'buku', 'hrg', 'rb'];0
kurikulum-baru_5.csv;1.81776e+18;Mon Jul 29 23:29:32 +0000 2024;0.0;@WagimanDeep212_ Kl sekolah negeri buka ga beli om dipinjemi sekolah. Ygbeli itu LKS nah ini masalah buat apa coba ada LKS? guru kasi soal dikelas kan bisa masa iya ngandelin lks mulu soalnya?;1.81807e+18;;WagimanDeep212_;in;;0.0;1.0;0.0;https://x.com/undefined/status/1818066357147381875;375922893.0;;kl sekolah negeri buka beli om dipinjemi sekolah ygbeli lks masalah buat coba ada lks guru kasi soal kelas bisa masa ngandelin lks mulu soal;negatif;['kl', 'sekolah', 'negeri', 'buka', 'beli', 'om', 'dipinjemi', 'sekolah', 'ygbeli', 'lks', 'coba', 'lks', 'guru', 'kasi', 'kelas', 'ngandelin', 'lks', 'mulu'];2
kurikulum-baru_5.csv;1.81776e+18;Mon Jul 29 23:36:33 +0000 2024;0.0;@WagimanDeep212_ Makin hari makin menyusahkan rakyat. Harap maklum menterinya dari orang kaya jadi ya mana peduli dengan kesulitan orang tua guru termasuk para penerbit saat berurusan dengan sekolah;1.81807e+18;;WagimanDeep212_;in;;0.0;0.0;0.0;https://x.com/undefined/status/1818068123133886958;1.7809e+18;;makin hari makin susah rakyat harap maklum menteri orang kaya mana peduli sulit orang tua guru masuk para terbit saat urus sekolah;positif;['susah', 'rakyat', 'harap', 'maklum', 'menteri', 'orang', 'kaya', 'peduli', 'sulit', 'orang', 'tua', 'guru', 'masuk', 'terbit', 'urus', 'sekolah'];1
kurikulum-baru_6.csv;1.31007e+18;Sun Sep 27 04:42:11 +0000 2020;3.0;@CNNIndonesia Sejarah masih perlu dipelajari lah hanya salah satu materi yg ga wajib dipelajari menurut gw itu tntg manusia purba;1.31008e+18;;CNNIndonesia;in;;0.0;0.0;0.0;https://x.com/undefined/status/1310077250931359744;7.95602e+17;;sejarah masih perlu ajar hanya salah satu materi wajib ajar turut gw tntg manusia purba;negatif;['sejarah', 'ajar', 'salah', 'materi', 'wajib', 'ajar', 'gw', 'tntg', 'manusia', 'purba'];3
kurikulum-baru_6.csv;1.31007e+18;Sun Sep 27 04:31:30 +0000 2020;0.0;@CNNIndonesia Lagu lama kurikulum baru yg disederhanakan selalu diulang tapi rumit juga pd akhirnya. Kerumitan birokrasi sistem pendidikan nasional yg akan buat kurikulum baru itu tdk sederhana. @Kemdikbud_RI @nadiemmakarim;1.31007e+18;;CNNIndonesia;in;;0.0;0.0;1.0;https://x.com/undefined/status/1310074562709606402;1.12633e+18;;lagu lama kurikulum baru sederhana selalu ulang tapi rumit pd akhir kerumit birokrasi sistem didik nasional buat kurikulum baru sederhana;negatif;['lagu', 'kurikulum', 'sederhana', 'ulang', 'rumit', 'pd', 'kerumit', 'birokrasi', 'sistem', 'didik', 'nasional', 'kurikulum', 'sederhana'];2
kurikulum-baru_6.csv;1.31007e+18;Sun Sep 27 05:53:08 +0000 2020;1.0;@CNNIndonesia Kenapa gak seni/berkarya yang tidak wajib gantiin sejarah ?;1.3101e+18;;CNNIndonesia;in;;0.0;0.0;0.0;https://x.com/undefined/status/1310095105852805125;1.09516e+18;;kenapa gak seni karya wajib gantiin sejarah;netral;['gak', 'seni', 'karya', 'wajib', 'gantiin', 'sejarah'];2
kurikulum-baru_6.csv;1.31007e+18;Sun Sep 27 06:26:17 +0000 2020;1.0;@CNNIndonesia Ini kan belum sah. Kok sudah disampaikan cc @PBPGRI_OFFICIAL;1.3101e+18;;CNNIndonesia;in;;0.0;0.0;0.0;https://x.com/undefined/status/1310103448038158339;223785448.0;;sah sampai cc;netral;['sah', 'cc'];3
kurikulum-baru_6.csv;1.31007e+18;Sun Sep 27 04:11:12 +0000 2020;0.0;@CNNIndonesia Kebanyakan itu IPA. Fisika/biologi/kimia salah satu aja napa;1.31007e+18;;CNNIndonesia;in;;0.0;1.0;0.0;https://x.com/undefined/status/1310069455410442242;197729048.0;;banyak ipa fisika biologi kimia salah satu napa;negatif;['ipa', 'fisika', 'biologi', 'kimia', 'salah', 'napa'];4
kurikulum-baru_6.csv;1.31007e+18;Sun Sep 27 04:13:47 +0000 2020;0.0;@CNNIndonesia Sangat tdk realistic #JadikanSejarahPelajaranWajib;1.31007e+18;;CNNIndonesia;in;;0.0;0.0;0.0;https://x.com/undefined/status/1310070105250783234;66965397.0;;sangat realistic jadikansejarahpelajaranwajib;netral;['realistic', 'jadikansejarahpelajaranwajib'];3
kurikulum-baru_6.csv;1.31007e+18;Sun Sep 27 04:24:24 +0000 2020;0.0;@CNNIndonesia HAH ? KOK GITU ?;1.31007e+18;;CNNIndonesia;in;;0.0;0.0;0.0;https://x.com/undefined/status/1310072776506503168;1.2456e+18;;hah begitu;netral;['hah'];3
kurikulum-baru_6.csv;1.31007e+18;Sun Sep 27 04:57:10 +0000 2020;0.0;@CNNIndonesia Hah maksudnya gimana? Bukannya dari dulu juga begini matpelnya? ;1.31008e+18;;CNNIndonesia;in;;0.0;1.0;0.0;https://x.com/undefined/status/1310081020708839424;1615076588.0;;hah maksud gimana bukan dulu begini matpelnya;netral;['hah', 'maksud', 'gimana', 'matpelnya'];3
kurikulum-baru_6.csv;1.31007e+18;Sun Sep 27 05:22:31 +0000 2020;0.0;@CNNIndonesia Menarik nih;1.31009e+18;;CNNIndonesia;in;;0.0;0.0;0.0;https://x.com/undefined/status/1310087402824720384;395896633.0;;tarik nih;netral;['tarik', 'nih'];2
kurikulum-baru_6.csv;1.31007e+18;Sun Sep 27 05:25:36 +0000 2020;0.0;@CNNIndonesia hmmm menariq;1.31009e+18;;CNNIndonesia;in;;0.0;0.0;0.0;https://x.com/undefined/status/1310088177881772033;1019361384.0;;hm menariq;netral;['hm', 'menariq'];1
kurikulum-baru_6.csv;1.31007e+18;Sun Sep 27 05:44:34 +0000 2020;0.0;@CNNIndonesia Perasaan ini blm resmi deh... coba liat video dri pak menteri di ig mendikbud.;1.31009e+18;;CNNIndonesia;in;;0.0;0.0;0.0;https://x.com/undefined/status/1310092952291532808;2737358840.0;;asa resmi coba liat video dri pak menteri ig mendikbud;netral;['asa', 'resmi', 'coba', 'liat', 'video', 'dri', 'menteri', 'ig', 'mendikbud'];1
kurikulum-baru_6.csv;1.31007e+18;Sun Sep 27 05:51:02 +0000 2020;0.0;"@CNNIndonesia Memperbaiki kurikulum &amp; gaya mengajar pelajaran sejarah Menjadikan pelajaran sejarah sbg mapel tidak wajib ? Makin aneh2 aja menteri2 pakde ";1.31009e+18;;CNNIndonesia;in;;0.0;0.0;0.0;https://x.com/undefined/status/1310094577429180416;1.10063e+18;;baik kurikulum amp gaya ajar ajar sejarah jadi ajar sejarah bagai mapel wajib makin aneh menteri pakde;netral;['kurikulum', 'amp', 'gaya', 'ajar', 'ajar', 'sejarah', 'ajar', 'sejarah', 'mapel', 'wajib', 'aneh', 'menteri', 'pakde'];3
kurikulum-baru_6.csv;1.31007e+18;Sun Sep 27 05:53:39 +0000 2020;0.0;@CNNIndonesia Enak informatika di adakan lagi;1.3101e+18;;CNNIndonesia;in;;0.0;0.0;0.0;https://x.com/undefined/status/1310095236945731590;1.10107e+18;;enak informatika adakan;netral;['enak', 'informatika', 'adakan'];2
kurikulum-baru_6.csv;1.31007e+18;Sun Sep 27 06:36:04 +0000 2020;0.0;@CNNIndonesia Ganti mentri Endingnya cuman ganti kurikulum.;1.31011e+18;;CNNIndonesia;in;;0.0;0.0;0.0;https://x.com/undefined/status/1310105912116355073;7.96198e+17;;ganti tri endingnya cuman ganti kurikulum;netral;['ganti', 'tri', 'endingnya', 'cuman', 'ganti', 'kurikulum'];0
kurikulum-baru_6.csv;1.31007e+18;Sun Sep 27 07:48:02 +0000 2020;0.0;@CNNIndonesia Matematika di banyakin sejarah dikurangi. Maunya apa;1.31012e+18;;CNNIndonesia;in;;0.0;0.0;0.0;https://x.com/undefined/status/1310124023490125824;299440064.0;;matematika banyakin sejarah rang mau;netral;['matematika', 'banyakin', 'sejarah', 'rang'];2
kurikulum-baru_6.csv;1.31007e+18;Sun Sep 27 09:59:23 +0000 2020;0.0;@CNNIndonesia gurunya yg ngajar sama belum banyak sosialisasi ya tetep aja kek biasanya. cuma formalitas biar lebih keren?;1.31016e+18;;CNNIndonesia;in;;0.0;0.0;0.0;https://x.com/undefined/status/1310157076883075078;1.23478e+18;;guru ngajar sama banyak sosialisasi tetep kek biasa cuma formalitas biar lebih keren;positif;['guru', 'ngajar', 'sosialisasi', 'tetep', 'kek', 'formalitas', 'biar', 'keren'];4
kurikulum-baru_8.csv;1.71953e+18;Wed Nov 01 05:03:26 +0000 2023;6.0;@ConversationIDN Bimbel tumbuh subur implikasi dari kurikulum yg kurang konsisten.;1.71958e+18;;ConversationIDN;in;;0.0;1.0;0.0;https://x.com/undefined/status/1719580886444941764;8.17063e+17;;bimbel tumbuh subur implikasi kurikulum kurang konsisten;negatif;['bimbel', 'tumbuh', 'subur', 'implikasi', 'kurikulum', 'konsisten'];3
kurikulum-baru_8.csv;1.71953e+18;Wed Nov 01 05:47:29 +0000 2023;5.0;@ConversationIDN Guru belum selesai training udah harus training materi baru.;1.71959e+18;;ConversationIDN;in;;0.0;0.0;0.0;https://x.com/undefined/status/1719591974142095811;1.59859e+18;;guru selesai training harus training materi baru;netral;['guru', 'selesai', 'training', 'training', 'materi'];0
kurikulum-baru_8.csv;1.71953e+18;Wed Nov 01 21:46:06 +0000 2023;3.0;"@ConversationIDN Sebenarnya kurikulum ganti Krn setiap generasi &amp; zaman berbeda. Yg TDK berubah dr pendidikan Indonesia adalah KKN dlm sistem pendidikan &amp; dualisme otoritas pendidikan yg menambah benang kusut";1.71983e+18;;ConversationIDN;in;;0.0;0.0;0.0;https://x.com/undefined/status/1719833215018652114;1449053263.0;;benar kurikulum ganti krn tiap generasi amp zaman beda ubah didik indonesia kkn dlm sistem didik amp dualisme otoritas didik tambah benang kusut;netral;['kurikulum', 'ganti', 'krn', 'generasi', 'amp', 'zaman', 'beda', 'ubah', 'didik', 'indonesia', 'kkn', 'dlm', 'sistem', 'didik', 'amp', 'dualisme', 'otoritas', 'didik', 'benang', 'kusut'];0
kurikulum-baru_8.csv;1.71953e+18;Wed Nov 01 04:21:11 +0000 2023;2.0;@ConversationIDN ganti ganti kebijakan menyebabkan muridnya plin plan;1.71957e+18;;ConversationIDN;in;;0.0;0.0;0.0;https://x.com/undefined/status/1719570254807052427;1.43777e+18;;ganti ganti bijak sebab murid plin plan;netral;['ganti', 'ganti', 'bijak', 'murid', 'plin', 'plan'];0
kurikulum-baru_8.csv;1.71953e+18;Wed Nov 01 04:31:58 +0000 2023;0.0;@ConversationIDN Merdeka Belajar RIBET!!!! kurikulum JADI PROYEK DI INDONESIA;1.71957e+18;;ConversationIDN;in;;0.0;0.0;1.0;https://x.com/undefined/status/1719572970656743518;95188606.0;;merdeka ajar ribet kurikulum proyek indonesia;negatif;['merdeka', 'ajar', 'ribet', 'kurikulum', 'proyek', 'indonesia'];4
kurikulum-baru_8.csv;1.71953e+18;Wed Nov 01 09:11:56 +0000 2023;2.0;@ConversationIDN Ganti kurikulum karena ada dana baru mungkin ya ;1.71964e+18;;ConversationIDN;in;;0.0;0.0;0.0;https://x.com/undefined/status/1719643425388237116;7.45736e+17;;ganti kurikulum ada dana baru mungkin;netral;['ganti', 'kurikulum', 'dana'];0
kurikulum-baru_8.csv;1.71953e+18;Wed Nov 01 04:54:06 +0000 2023;1.0;"@ConversationIDN Jawabannya satu; PROYEK!";1.71958e+18;;ConversationIDN;in;;0.0;0.0;0.0;https://x.com/undefined/status/1719578539534766220;2604993998.0;;jawab satu proyek;netral;['proyek'];3
kurikulum-baru_8.csv;1.71953e+18;Wed Nov 01 21:18:31 +0000 2023;1.0;@ConversationIDN Proyek;1.71983e+18;;ConversationIDN;in;;0.0;0.0;0.0;https://x.com/undefined/status/1719826273747472629;122124211.0;;proyek;netral;['proyek'];3
kurikulum-baru_8.csv;1.71953e+18;Wed Nov 01 08:03:32 +0000 2023;0.0;@ConversationIDN Menurut saya perubahan kurikulum itu keniscayaan. Toh negara kita masih hijau. Masih perlu banyak belajar dari kesalahan sampai nanti bisa menerapkan yg benar-benar tepat dan cocok sistematis dan berkelanjutan. Semoga.;1.71963e+18;;ConversationIDN;in;;0.0;0.0;0.0;https://x.com/undefined/status/1719626210903482511;88112824.0;;turut saya ubah kurikulum niscaya toh negara kita masih hijau masih perlu banyak ajar salah sampai nanti bisa terap benar benar tepat cocok sistematis lanjut moga;negatif;['ubah', 'kurikulum', 'niscaya', 'negara', 'hijau', 'ajar', 'salah', 'terap', 'cocok', 'sistematis', 'moga'];4
kurikulum-baru_8.csv;1.71953e+18;Wed Nov 01 10:33:32 +0000 2023;0.0;@ConversationIDN @anggitpngstu;1.71966e+18;;ConversationIDN;qam;;0.0;0.0;0.0;https://x.com/undefined/status/1719663959039729720;194957971.0;;;netral;['nan'];0
kurikulum-baru_8.csv;1.71953e+18;Wed Nov 01 14:09:56 +0000 2023;0.0;@ConversationIDN bukan cuma kurikulum min pola ini kelihatan hampir di semua aspek yang diatur pemerintah. pemimpin baru nggak melanjutkan program kerja pemimpin sebelumnya;1.71972e+18;;ConversationIDN;in;;0.0;0.0;0.0;https://x.com/undefined/status/1719718420739129784;266856019.0;;bukan cuma kurikulum min pola lihat hampir semua aspek atur perintah pimpin baru nggak lanjut program kerja pimpin belum;netral;['kurikulum', 'min', 'pola', 'lihat', 'aspek', 'atur', 'perintah', 'pimpin', 'nggak', 'program', 'kerja', 'pimpin'];4
kurikulum-baru_8.csv;1.71953e+18;Wed Nov 01 16:20:30 +0000 2023;0.0;@ConversationIDN Biasanya sekolah swasta apalagi yang internasional ga ngikutin kurikulum indonesia;1.71975e+18;;ConversationIDN;in;;0.0;0.0;0.0;https://x.com/undefined/status/1719751276177785042;635995777.0;;biasa sekolah swasta apalagi internasional ngikutin kurikulum indonesia;netral;['sekolah', 'swasta', 'internasional', 'ngikutin', 'kurikulum', 'indonesia'];0
kurikulum-baru_8.csv;1.71953e+18;Wed Nov 01 17:42:41 +0000 2023;0.0;@ConversationIDN Lagi asyik?ya kurikulum merdeka.... tolong terusin program2nya jangan maen ubah?seenaknya CGP PP SP PPG....;1.71977e+18;;ConversationIDN;in;;0.0;0.0;0.0;https://x.com/undefined/status/1719771958945169584;1.64077e+18;;asyik kurikulum merdeka tolong terusin program jangan maen ubah enak cgp pp sp ppg;netral;['asyik', 'kurikulum', 'merdeka', 'tolong', 'terusin', 'program', 'maen', 'ubah', 'enak', 'cgp', 'pp', 'sp', 'ppg'];4
kurikulum-baru_8.csv;1.71953e+18;Wed Nov 01 20:50:51 +0000 2023;0.0;@ConversationIDN wkwkwkw buku k13 aja belom sampe kelar tu revisi dah ganti aja nih ntar gatau deh menteri yg baru pasti ganti lagi.;1.71982e+18;;ConversationIDN;in;;0.0;0.0;0.0;https://x.com/undefined/status/1719819312628908429;231694873.0;;wkwkwkw buku k bom sampe kelar tu revisi ganti nih ntar gatau menteri baru pasti ganti;netral;['wkwkwkw', 'buku', 'k', 'bom', 'sampe', 'kelar', 'tu', 'revisi', 'ganti', 'nih', 'ntar', 'gatau', 'menteri', 'ganti'];2
kurikulum-baru_8.csv;1.71953e+18;Thu Nov 02 00:16:02 +0000 2023;0.0;@ConversationIDN Setuju ganti kurikulum itu wajib sih minimal revisit tiap 2-3 tahun...;1.71987e+18;;ConversationIDN;in;;0.0;0.0;0.0;https://x.com/undefined/status/1719870949607240076;1.60425e+18;;tuju ganti kurikulum wajib sih minimal revisit tiap tahun;netral;['tuju', 'ganti', 'kurikulum', 'wajib', 'sih', 'minimal', 'revisit'];0
kurikulum-baru_9.csv;1.78588e+18;Thu May 02 04:37:59 +0000 2024;25.0;@maidina__ Berarti aku bs cukup bangga sama anakku yg pilih aktif di organisasi n masuk Kongres skrg Ia bilang drpd magang. Memang dikit peminatnya. Kata teman2nya jg ia banyak baco*??;1.78589e+18;;maidina__;in;;1.0;1.0;0.0;https://x.com/undefined/status/1785891460338024539;93788107.0;;arti aku bs cukup bangga sama anak pilih aktif organisasi n masuk kongres skrg ia bilang drpd magang memang dikit minat kata teman ia banyak baco;netral;['arti', 'bs', 'bangga', 'anak', 'pilih', 'aktif', 'organisasi', 'n', 'masuk', 'kongres', 'skrg', 'bilang', 'drpd', 'magang', 'dikit', 'minat', 'teman', 'baco'];0
kurikulum-baru_9.csv;1.78588e+18;Thu May 02 12:16:31 +0000 2024;4.0;@maidina__ Sebelum ada kurikulum itu ada kok ungkapan-ungkapan mahasiswa angkatan tua/alumni ngapain ya dulu gue sibuk bgt di organisasi/himpunan ini itu? Bisa aja memang dapet sibuknya doang value addednya gak seberapa(?);1.78601e+18;;maidina__;in;;0.0;2.0;0.0;https://x.com/undefined/status/1786006855032131707;139976161.0;;belum ada kurikulum ada ungkap ungkap mahasiswa angkat tua alumni ngapain dulu saya sibuk bgt organisasi himpun bisa memang dapet sibuk doang value addednya gak berapa;netral;['kurikulum', 'mahasiswa', 'angkat', 'tua', 'alumni', 'ngapain', 'sibuk', 'bgt', 'organisasi', 'himpun', 'dapet', 'sibuk', 'doang', 'value', 'addednya', 'gak'];0
kurikulum-baru_9.csv;1.78588e+18;Thu May 02 16:04:20 +0000 2024;4.0;"@maidina__ Ya jelas males ikut organisasi isinya orang ga jelas ini pendapat &amp; pengalaman pribadi. Tapi juga bukan mending ikut magang berbayar. Kalo saya malah berakhir di organisasi non-kampus yg member &amp; lingkungannya jelas lebih bener buat masa depan.";1.78606e+18;;maidina__;in;;0.0;0.0;0.0;https://x.com/undefined/status/1786064187791495209;1.70054e+18;;jelas males ikut organisasi isi orang jelas dapat amp alam pribadi tapi bukan mending ikut magang bayar kalo saya malah akhir organisasi non kampus member amp lingkung jelas lebih bener buat masa depan;netral;['males', 'organisasi', 'isi', 'orang', 'amp', 'alam', 'pribadi', 'mending', 'magang', 'bayar', 'kalo', 'organisasi', 'non', 'kampus', 'member', 'amp', 'lingkung', 'bener'];1
kurikulum-baru_9.csv;1.78588e+18;Thu May 02 05:24:24 +0000 2024;3.0;@maidina__ Masalah senioritas di organisasi jg jadi faktor.. senior gagal membuat kemnyaman dalam berorganisasi;1.7859e+18;;maidina__;in;;0.0;0.0;0.0;https://x.com/undefined/status/1785903144683376661;177028699.0;;masalah senioritas organisasi faktor senior gagal buat kemnyaman dalam organ;negatif;['senioritas', 'organisasi', 'faktor', 'senior', 'gagal', 'kemnyaman', 'organ'];0
kurikulum-baru_9.csv;1.78588e+18;Thu May 02 05:31:56 +0000 2024;1.0;@maidina__ benerrr krn biaya kuliah yg mahal jd banyak mahasiswa yg mikir ahelah ngapain buang2 waktu buat mikirin ginian yg gak ada uangnya mending kerja. gak salah krn mereka jg butuh uang;1.78591e+18;;maidina__;in;;0.0;0.0;1.0;https://x.com/undefined/status/1785905038155784323;74956077.0;;bener krn biaya kuliah mahal jd banyak mahasiswa mikir ahelah ngapain buang waktu buat mikirin ginian gak ada uang mending kerja gak salah krn mereka butuh uang;negatif;['bener', 'krn', 'biaya', 'kuliah', 'mahal', 'jd', 'mahasiswa', 'mikir', 'ahelah', 'ngapain', 'buang', 'mikirin', 'ginian', 'gak', 'uang', 'mending', 'kerja', 'gak', 'salah', 'krn', 'butuh', 'uang'];1
kurikulum-baru_9.csv;1.78588e+18;Thu May 02 07:31:07 +0000 2024;3.0;@maidina__ Mungkin mereka (maba) lebih realistis sekarang. So called aktivis angkatan lama yg populer malah ikut2an politik praktis dan bukannya ngerubah malah terjangkit ama boroknya sistem. Ya mending kuliah buat cari duit sebanyak2nya;1.78594e+18;;maidina__;in;;0.0;0.0;0.0;https://x.com/undefined/status/1785935033024516583;231006442.0;;mungkin mereka maba lebih realistis sekarang so called aktivis angkat lama populer malah ikut an politik praktis bukan ngerubah malah jangkit ama borok sistem mending kuliah buat cari duit banyak;netral;['maba', 'realistis', 'so', 'called', 'aktivis', 'angkat', 'populer', 'an', 'politik', 'praktis', 'ngerubah', 'jangkit', 'ama', 'borok', 'sistem', 'mending', 'kuliah', 'cari', 'duit'];2
kurikulum-baru_9.csv;1.78588e+18;Thu May 02 05:32:07 +0000 2024;2.0;@maidina__ Mahasiswa dibuat sibuk dengan segala kegiatan magang lah studi independen pkl dan segala kegiatan2 terbaru biar gk ada waktu buat Aktivitas ... ;1.78591e+18;;maidina__;in;;0.0;0.0;0.0;https://x.com/undefined/status/1785905084490240434;1.56541e+18;;mahasiswa buat sibuk segala giat magang studi independen pkl segala giat baru biar ada waktu buat aktivitas;netral;['mahasiswa', 'sibuk', 'giat', 'magang', 'studi', 'independen', 'pkl', 'giat', 'biar', 'aktivitas'];1
kurikulum-baru_9.csv;1.78588e+18;Thu May 02 05:37:49 +0000 2024;2.0;@maidina__ stigma termasuk budaya dibeberapa organisasi kampus kita emang kurang efektif dalam maksimalin kesempatan rapatnya jadi duri tersendiri yg buat mahasiswa ga tertarik ambil bagian dinamika disana;1.78591e+18;;maidina__;in;;0.0;0.0;0.0;https://x.com/undefined/status/1785906520657678727;1.48369e+18;;stigma masuk budaya beberapa organisasi kampus kita emang kurang efektif dalam maksimalin sempat rapat duri sendiri buat mahasiswa tarik ambil bagi dinamika sana;netral;['stigma', 'masuk', 'budaya', 'organisasi', 'kampus', 'emang', 'efektif', 'maksimalin', 'rapat', 'duri', 'mahasiswa', 'tarik', 'ambil', 'dinamika'];0
kurikulum-baru_9.csv;1.78588e+18;Thu May 02 05:46:05 +0000 2024;0.0;@maidina__ Ditambah stigma aktivisme yang dipandang jelek sama mahasiswa saat ini (rambut gondrong bau dianggap ndakik ndakik tanpa solusi donatur kampus susah lulus dsb);1.78591e+18;;maidina__;in;;0.0;0.0;1.0;https://x.com/undefined/status/1785908602034925783;1.14095e+18;;tambah stigma aktivisme pandang jelek sama mahasiswa saat rambut gondrong bau anggap ndakik ndakik tanpa solusi donatur kampus susah lulus dsb;negatif;['stigma', 'aktivisme', 'pandang', 'jelek', 'mahasiswa', 'rambut', 'gondrong', 'bau', 'anggap', 'ndakik', 'ndakik', 'solusi', 'donatur', 'kampus', 'susah', 'lulus', 'dsb'];3
kurikulum-baru_9.csv;1.78588e+18;Thu May 02 12:39:21 +0000 2024;2.0;@maidina__ Organisasi ya harus disiplin jangan sk ngaret dan efektif manfaatin waktu. Kan banyak di sini organisasi mahasiswa yg rapat sampe malem tapi ga ada isinya.;1.78601e+18;;maidina__;in;;0.0;0.0;0.0;https://x.com/undefined/status/1786012601866141865;1704061873.0;;organisasi harus disiplin jangan sk ngaret efektif manfaatin waktu banyak sini organisasi mahasiswa rapat sampe malem tapi ada isi;positif;['organisasi', 'disiplin', 'sk', 'ngaret', 'efektif', 'manfaatin', 'organisasi', 'mahasiswa', 'rapat', 'sampe', 'malem', 'isi'];2
kurikulum-baru_9.csv;1.78588e+18;Thu May 02 17:36:52 +0000 2024;2.0;"@maidina__ ya gmn ya ga sedikit yg review punya banyak pengalaman organisasi &amp; jabatan mentereng tp ga berarti apa2 pas lamar kerja. Udh capek2 modal tenaga pikiran &amp; duit eh yg lebih dipilih kandidat yg minim organisasi tp banyak pengalaman kerja. Blm lg kl magangnya bisa dpt duit";1.78609e+18;;maidina__;in;;0.0;0.0;0.0;https://x.com/undefined/status/1786087473250197625;1.23433e+18;;gmn sedikit review punya banyak alam organisasi amp jabat mentereng tapi arti pas lamar kerja udh capek modal tenaga pikir amp duit eh lebih pilih kandidat minim organisasi tapi banyak alam kerja lg kl magang bisa dpt duit;netral;['gmn', 'review', 'alam', 'organisasi', 'amp', 'jabat', 'mentereng', 'arti', 'pas', 'lamar', 'kerja', 'udh', 'capek', 'modal', 'tenaga', 'pikir', 'amp', 'duit', 'eh', 'pilih', 'kandidat', 'minim', 'organisasi', 'alam', 'kerja', 'lg', 'kl', 'magang', 'dpt', 'duit'];2
kurikulum-baru_9.csv;1.78588e+18;Fri May 03 11:37:17 +0000 2024;2.0;@maidina__ Diskursus yg menarik. Ini POV sy ya. Semakin lama perkembangan dunia butuh org yg spesialis. Salah satu sebabnya peningkatan populasi medsos dll (butuh kajian khusus hanya dugaan). Masa2 aktivis organisasi itu sdh lewat. Bukan tidak ada aktivis. Tp ya org2 (cont);1.78636e+18;;maidina__;in;;0.0;1.0;0.0;https://x.com/undefined/status/1786359368583418306;1313777450.0;;diskursus tarik pov sy makin lama kembang dunia butuh org spesialis salah satu sebab tingkat populasi medsos dll butuh kaji khusus hanya duga masa aktivis organisasi lewat bukan ada aktivis tapi org cont;negatif;['diskursus', 'tarik', 'pov', 'sy', 'kembang', 'dunia', 'butuh', 'org', 'spesialis', 'salah', 'tingkat', 'populasi', 'medsos', 'dll', 'butuh', 'kaji', 'khusus', 'duga', 'aktivis', 'organisasi', 'aktivis', 'org', 'cont'];4
kurikulum-baru_9.csv;1.78588e+18;Thu May 02 05:23:15 +0000 2024;1.0;@maidina__ Beberapa tahun kebelakang susah banget regenerasi karena Covid sekarang susah karena saingannya MSIB. Tapi syukurlah masih ada Mahasiswa S2 yang masih mau aktif berorganisasi diluar kampus.;1.7859e+18;;maidina__;in;;0.0;0.0;0.0;https://x.com/undefined/status/1785902855804919881;1.608e+18;;beberapa tahun belakang susah sangat regenerasi covid sekarang susah saing msib tapi syukur masih ada mahasiswa s masih mau aktif organ luar kampus;netral;['susah', 'regenerasi', 'covid', 'susah', 'saing', 'msib', 'syukur', 'mahasiswa', 's', 'aktif', 'organ', 'kampus'];3
kurikulum-baru_9.csv;1.78588e+18;Thu May 02 06:39:07 +0000 2024;1.0;@maidina__ Betul organisasi kebanyakan mati. Dan yang cukup sadar untuk ikut organisasi pun akhirnya harus abstain ketika sudah waktunya mengingat kampus merdeka itu wajib diikuti di beberapa kampus. Belum lagi SK rektor yang mewajibkan ini dan itu sebagai syarat lulus...;1.78592e+18;;maidina__;in;;0.0;0.0;0.0;https://x.com/undefined/status/1785921947764977821;7.60261e+17;;betul organisasi banyak mati cukup sadar ikut organisasi akhir harus abstain ketika waktu ingat kampus merdeka wajib ikut beberapa kampus sk rektor wajib bagai syarat lulus;netral;['organisasi', 'mati', 'sadar', 'organisasi', 'abstain', 'kampus', 'merdeka', 'wajib', 'kampus', 'sk', 'rektor', 'wajib', 'syarat', 'lulus'];4
kurikulum-baru_9.csv;1.78588e+18;Thu May 02 07:46:39 +0000 2024;1.0;@maidina__ Beg to differ. Blaming sesuatu mmg easier. Root causenya beyond that [hipotesis w] ndak terbiasa utk independent-thinking(?) end up follow the crowd combined w/ FOMO FOPO boom. Dunno kindly cmiiw;1.78594e+18;;maidina__;en;;0.0;1.0;0.0;https://x.com/undefined/status/1785938939804872710;1.43957e+18;;beg to differ blaming sesuatu mmg easier root causenya beyond that hipotesis w ndak biasa utk independent thinking end up follow the crowd combined w fomo fopo boom dunno kindly cmiiw;netral;['beg', 'to', 'differ', 'blaming', 'mmg', 'easier', 'root', 'causenya', 'beyond', 'that', 'hipotesis', 'w', 'ndak', 'utk', 'independent', 'thinking', 'end', 'up', 'follow', 'the', 'crowd', 'combined', 'w', 'fomo', 'fopo', 'boom', 'dunno', 'kindly', 'cmiiw'];3
kurikulum-baru_9.csv;1.78588e+18;Thu May 02 13:16:13 +0000 2024;1.0;@maidina__ Lingkaran setan sih. Perusahaan maunya sarjana bukan diploma apalagi SMK orang terpaksa kuliah untuk dapat sarjana agar bisa kerja kampus mau ga mau menyesuaikan agar laku dan menarik minat mahasiswa. Pemerintah jadinya mendukung siklus ini agar angka pengangguran menurun ;1.78602e+18;;maidina__;in;;0.0;0.0;0.0;https://x.com/undefined/status/1786021881000427919;70039510.0;;lingkar setan sih usaha mau sarjana bukan diploma apalagi smk orang paksa kuliah dapat sarjana agar bisa kerja kampus mau mau sesuai agar laku tarik minat mahasiswa perintah jadi dukung siklus agar angka anggur turun;netral;['lingkar', 'setan', 'sih', 'usaha', 'sarjana', 'diploma', 'smk', 'orang', 'paksa', 'kuliah', 'sarjana', 'kerja', 'kampus', 'sesuai', 'laku', 'tarik', 'minat', 'mahasiswa', 'perintah', 'dukung', 'siklus', 'angka', 'anggur', 'turun'];2
kurikulum-baru_9.csv;1.78588e+18;Thu May 02 16:54:48 +0000 2024;1.0;@maidina__ Emang aktivis setelah lulus yg lama jadi apa? Jadi poli-tikus yg ujung nya gadai kan idealisme juga Kasih contoh aktivis berprestasi yg sukses selain jd poli-tikus kl kt bambang pacul jd Korea ;1.78608e+18;;maidina__;in;;0.0;1.0;0.0;https://x.com/undefined/status/1786076886369722799;1.6204e+18;;emang aktivis telah lulus lama pol tikus ujung gadai idealisme kasih contoh aktivis prestasi sukses selain jd pol tikus kl kt bambang pacul jd korea;positif;['emang', 'aktivis', 'lulus', 'pol', 'tikus', 'ujung', 'gadai', 'idealisme', 'kasih', 'contoh', 'aktivis', 'prestasi', 'sukses', 'jd', 'pol', 'tikus', 'kl', 'kt', 'bambang', 'pacul', 'jd', 'korea'];4
kurikulum-baru_9.csv;1.78588e+18;Thu May 02 22:05:37 +0000 2024;1.0;@maidina__ Kan memang tujuan oendidikan kita mencetak mitra tangguh disegala kondisi untuk kemajuan korporasi;1.78616e+18;;maidina__;in;;0.0;0.0;0.0;https://x.com/undefined/status/1786155108985717102;115047780.0;;memang tuju oendidikan kita cetak mitra tangguh segala kondisi maju korporasi;netral;['tuju', 'oendidikan', 'cetak', 'mitra', 'tangguh', 'kondisi', 'maju', 'korporasi'];4
kurikulum-baru_9.csv;1.78588e+18;Thu May 02 05:09:39 +0000 2024;0.0;@maidina__ Organ ekstra atau intra yang benar-benar kritis dan jelas visinya itu pada ditendangin ama kampus tinggal sisa sisa organ gak jelas. Makanya gua sebagai mahasiswa malas ikut organ organ mahasiwa yang ada di kampus.;1.7859e+18;;maidina__;in;;0.0;0.0;0.0;https://x.com/undefined/status/1785899430962737175;1.68348e+18;;organ ekstra intra benar benar kritis jelas visi ditendangin ama kampus tinggal sisa sisa organ gak jelas makanya gua bagai mahasiswa malas ikut organ organ mahasiwa ada kampus;negatif;['organ', 'ekstra', 'intra', 'kritis', 'visi', 'ditendangin', 'ama', 'kampus', 'tinggal', 'sisa', 'sisa', 'organ', 'gak', 'gua', 'mahasiswa', 'malas', 'organ', 'organ', 'mahasiwa', 'kampus'];4
kurikulum-baru_9.csv;1.78588e+18;Thu May 02 06:35:55 +0000 2024;0.0;@maidina__ Nyari mahasiswa untuk masuk organisasi itu basically sama kyk hiring orang buat company. Justru malah bagus kalau bisa positioning-nya beda bomat dgn kurikulumnya Dulu mimpin organisasi yg nerd-nya minta ampun - tapi hiring pipeline kami masih aman dn org-nya populer.;1.78592e+18;;maidina__;in;;0.0;0.0;0.0;https://x.com/undefined/status/1785921141842039170;1.31568e+18;;nyari mahasiswa masuk organisasi basically sama kyk hiring orang buat company justru malah bagus kalau bisa positioning beda bomat kurikulum dulu mimpin organisasi nerd minta ampun tapi hiring pipeline kami masih aman dn org populer;positif;['nyari', 'mahasiswa', 'masuk', 'organisasi', 'basically', 'kyk', 'hiring', 'orang', 'company', 'bagus', 'positioning', 'beda', 'bomat', 'kurikulum', 'mimpin', 'organisasi', 'nerd', 'ampun', 'hiring', 'pipeline', 'aman', 'dn', 'org', 'populer'];2
kurikulum-baru_9.csv;1.78588e+18;Thu May 02 12:26:19 +0000 2024;0.0;@maidina__ @sughafaiz10;1.78601e+18;;maidina__;qam;;0.0;1.0;0.0;https://x.com/undefined/status/1786009323946307729;1.60377e+18;;;netral;['nan'];0
kurikulum-baru_9.csv;1.78588e+18;Thu May 02 05:19:39 +0000 2024;0.0;@maidina__ @strike_bravo_b @RadityoDharmaP @nurfaiq_azzamd;1.7859e+18;;maidina__;qam;;0.0;0.0;0.0;https://x.com/undefined/status/1785901948274962642;1.56881e+18;;;netral;['nan'];0
kurikulum-baru_9.csv;1.78588e+18;Thu May 02 05:36:48 +0000 2024;0.0;@maidina__ Tebak pelaku industri juga menganggap dgn kurikulum banci ini justru tidak cocok juga;1.78591e+18;;maidina__;in;;0.0;0.0;0.0;https://x.com/undefined/status/1785906263211249922;72884031.0;;tebak laku industri anggap kurikulum banci justru cocok;netral;['tebak', 'laku', 'industri', 'anggap', 'kurikulum', 'banci', 'cocok'];3
kurikulum-baru_9.csv;1.78588e+18;Thu May 02 05:41:25 +0000 2024;0.0;@maidina__ kurikulum baru? kan udah dri lama pendidikan kita disiapin buat menciptakan tenaga kerja hehe;1.78591e+18;;maidina__;in;;0.0;0.0;0.0;https://x.com/undefined/status/1785907426442834333;8.26363e+17;;kurikulum baru dri lama didik kita disiapin buat cipta tenaga kerja;netral;['kurikulum', 'dri', 'didik', 'disiapin', 'cipta', 'tenaga', 'kerja'];0
kurikulum-baru_9.csv;1.78588e+18;Thu May 02 05:49:31 +0000 2024;0.0;@maidina__ Selain itu terkadang anak ormawa nya juga yg bikin kesel. Trauma dari pkkmb masih melekat ke mereka kecuali orang-orang yg emang dekat sama kating ormawa. Ya mending milih nyari duit dari magang;1.78591e+18;;maidina__;in;;0.0;0.0;0.0;https://x.com/undefined/status/1785909463742116281;9.83287e+17;;selain terkadang anak ormawa bikin kesel trauma pkkmb masih lekat mereka kecuali orang orang emang dekat sama kating ormawa mending milih nyari duit magang;netral;['terkadang', 'anak', 'ormawa', 'bikin', 'kesel', 'trauma', 'pkkmb', 'lekat', 'kecuali', 'orang', 'orang', 'emang', 'kating', 'ormawa', 'mending', 'milih', 'nyari', 'duit', 'magang'];3
kurikulum-baru_9.csv;1.78588e+18;Thu May 02 05:56:06 +0000 2024;0.0;@maidina__ Yee di organisasi udah capek keluar duit ga dapet apa-apaan lagi;1.78591e+18;;maidina__;in;;0.0;0.0;0.0;https://x.com/undefined/status/1785911122467676354;1.51671e+18;;yee organisasi capek keluar duit dapet apa;netral;['yee', 'organisasi', 'capek', 'duit', 'dapet'];2
kurikulum-baru_9.csv;1.78588e+18;Thu May 02 06:04:03 +0000 2024;0.0;@maidina__ Meh at least I'm paid for being industrialist machine cog;1.78591e+18;;maidina__;en;;0.0;0.0;0.0;https://x.com/undefined/status/1785913121946886172;1.44689e+18;;meh at least i m paid for being industrialist machine cog;netral;['meh', 'at', 'least', 'i', 'm', 'paid', 'for', 'being', 'industrialist', 'machine', 'cog'];1
kurikulum-baru_9.csv;1.78588e+18;Thu May 02 06:04:12 +0000 2024;0.0;@maidina__ Yaaa gimana ya kak;1.78591e+18;;maidina__;in;;0.0;0.0;0.0;https://x.com/undefined/status/1785913159469224089;370533313.0;;gimana kak;netral;['gimana', 'kak'];1
kurikulum-baru_9.csv;1.78588e+18;Thu May 02 06:08:09 +0000 2024;0.0;@maidina__ @opinipartek;1.78591e+18;;maidina__;qam;;0.0;0.0;0.0;https://x.com/undefined/status/1785914153250758828;1.0341e+18;;;netral;['nan'];0
kurikulum-baru_9.csv;1.78588e+18;Thu May 02 06:19:08 +0000 2024;0.0;@maidina__ ukt mahal rumah mahal apa-apa semakin mahal. jadi ya organisasi sekarang itu tempat menuhin cv supaya siap dan eligible jadi calon buruh aja selama masi digaji orang kita semua buruh kan?;1.78592e+18;;maidina__;in;;0.0;0.0;0.0;https://x.com/undefined/status/1785916919029407975;9.78468e+17;;ukt mahal rumah mahal makin mahal organisasi sekarang tempat menuhin cv supaya siap eligible calon buruh lama mas gaji orang kita semua buruh;netral;['ukt', 'mahal', 'rumah', 'mahal', 'mahal', 'organisasi', 'menuhin', 'cv', 'eligible', 'calon', 'buruh', 'mas', 'gaji', 'orang', 'buruh'];0
kurikulum-baru_9.csv;1.78588e+18;Thu May 02 06:48:17 +0000 2024;0.0;@maidina__ walah emang dimana2 bgini juga yah;1.78592e+18;;maidina__;in;;0.0;0.0;0.0;https://x.com/undefined/status/1785924253076119568;1.2693e+18;;walah emang mana bgini yah;netral;['walah', 'emang', 'bgini', 'yah'];1
kurikulum-merdeka_1.csv;1.93693e+18;Sun Jun 22 23:29:58 +0000 2025;13.0;@DosenGarisLucu Kalau lihat hasil begini apakah salah kalau punya pendapat bahwa Nadiem itu punya niat merusak generasi muda Indonesia?;1.93693e+18;;DosenGarisLucu;in;;0.0;9.0;0.0;https://x.com/undefined/status/1936929688527798658;548979786.0;;kalau lihat hasil begini apakah salah kalau punya dapat bahwa nadiem punya niat rusak generasi muda indonesia;negatif;['lihat', 'hasil', 'salah', 'nadiem', 'niat', 'rusak', 'generasi', 'muda', 'indonesia'];0
kurikulum-merdeka_1.csv;1.93693e+18;Mon Jun 23 03:39:51 +0000 2025;219.0;@DosenGarisLucu Kurikulum merdeka was implemented under jokowi's 2nd term in 2020. The IFLS 5 data was from 2014/2015. Having kurikulum merdeka be responsible for the result in IFLS 5 is a temporal impossibility. Dosen garis lucu ? You should grasp the basic factual matters before commenting.;1.93699e+18;;DosenGarisLucu;en;;2.0;8.0;26.0;https://x.com/undefined/status/1936992571970208124;1.46785e+18;;kurikulum merdeka was implemented under jokowi s nd term in the ifls data was from having kurikulum merdeka be responsible for the result in ifls is a temporal impossibility dosen garis lucu you should grasp the basic factual matters before commenting;netral;['kurikulum', 'merdeka', 'was', 'implemented', 'under', 'jokowi', 's', 'nd', 'term', 'in', 'the', 'ifls', 'data', 'was', 'from', 'having', 'kurikulum', 'merdeka', 'be', 'responsible', 'for', 'the', 'result', 'in', 'ifls', 'is', 'a', 'temporal', 'impossibility', 'dosen', 'garis', 'lucu', 'you', 'should', 'grasp', 'the', 'basic', 'factual', 'matters', 'before', 'commenting'];0
kurikulum-merdeka_1.csv;1.93693e+18;Mon Jun 23 09:56:18 +0000 2025;0.0;@DosenGarisLucu Loh datanya IFLS 5 kan udh 10 tahun yg lalu belum ada kurikulum merdeka itu gimana sih;1.93709e+18;;DosenGarisLucu;in;;0.0;1.0;0.0;https://x.com/undefined/status/1937087307942887506;94079831.0;;loh data ifls udh tahun lalu ada kurikulum merdeka gimana sih;netral;['loh', 'data', 'ifls', 'udh', 'kurikulum', 'merdeka', 'gimana', 'sih'];0
kurikulum-merdeka_1.csv;1.93693e+18;Mon Jun 23 05:53:10 +0000 2025;16.0;@DosenGarisLucu Kalau ngeliat sourcenya IFLS5 berarti ini proyeksi apa gimana si? Di tahun segitu kan Menterinya Abah? Wkwkwk https://t.co/g3dSxuxaTY;1.93703e+18;https://pbs.twimg.com/media/GuGy_SRWwAA1Jvy.jpg;DosenGarisLucu;in;;0.0;2.0;1.0;https://x.com/undefined/status/1937026124116308375;1.61083e+18;;kalau ngeliat sourcenya ifls arti proyeksi gimana tahun segitu menteri abah wkwkwk;netral;['ngeliat', 'sourcenya', 'ifls', 'arti', 'proyeksi', 'gimana', 'segitu', 'menteri', 'abah', 'wkwkwk'];1
kurikulum-merdeka_1.csv;1.93693e+18;Mon Jun 23 08:32:45 +0000 2025;47.0;@DosenGarisLucu https://t.co/vXmE8JQzUx ini dari sini kan ambilnya? ditulis disana dari tahun 2000 sudah memburuk jadi bukan hanya kurikulum merdeka tapi pendidikan di Indonesia emang hancur dari masa reformasi gimana ngga hancur setiap ganti menteri ganti kurikulum ?;1.93707e+18;;DosenGarisLucu;in;;1.0;2.0;8.0;https://x.com/undefined/status/1937066284149330361;53289501.0;;sini ambil tulis sana tahun buruk bukan hanya kurikulum merdeka tapi didik indonesia emang hancur masa reformasi gimana ngga hancur tiap ganti menteri ganti kurikulum;negatif;['ambil', 'tulis', 'buruk', 'kurikulum', 'merdeka', 'didik', 'indonesia', 'emang', 'hancur', 'reformasi', 'gimana', 'ngga', 'hancur', 'ganti', 'menteri', 'ganti', 'kurikulum'];0
kurikulum-merdeka_1.csv;1.93693e+18;Mon Jun 23 11:22:28 +0000 2025;12.0;@DosenGarisLucu Nerapin ala finlandia tp problem utamanya gak diselesaikan. Sangat pejabat indo sekali.;1.93711e+18;;DosenGarisLucu;in;;0.0;0.0;2.0;https://x.com/undefined/status/1937108992372998206;42642987.0;;nerapin ala finlandia tapi problem utama gak selesai sangat jabat indo sekali;netral;['nerapin', 'ala', 'finlandia', 'problem', 'utama', 'gak', 'selesai', 'jabat', 'indo'];1
kurikulum-merdeka_1.csv;1.93693e+18;Mon Jun 23 00:00:03 +0000 2025;5.0;@DosenGarisLucu Dokumennya bisa diakses di mana min?;1.93694e+18;;DosenGarisLucu;in;;0.0;1.0;0.0;https://x.com/undefined/status/1936937257052803260;1.52118e+18;;dokumen bisa akses mana min;netral;['dokumen', 'akses', 'min'];4
kurikulum-merdeka_1.csv;1.93693e+18;Mon Jun 23 08:32:59 +0000 2025;20.0;@DosenGarisLucu Guru dipaksa katrol nilai walau nilai siswa jelek kayak tai. Akhirnya murid sombong merasa pintar karena nilai di rapot tertulis 80 lebih semua. Memberi nilai di bawah itu maka guru dianggap tolol sekolah dianggap gagal. Manusia bodoh yang merasa pintar akan selamanya bodoh.;1.93707e+18;;DosenGarisLucu;in;;0.0;2.0;2.0;https://x.com/undefined/status/1937066342773064131;1.6057e+18;;guru paksa katrol nilai walau nilai siswa jelek kayak tai akhir murid sombong rasa pintar nilai rapot tulis lebih semua beri nilai bawah maka guru anggap tolol sekolah anggap gagal manusia bodoh rasa pintar lama bodoh;negatif;['guru', 'paksa', 'katrol', 'nilai', 'nilai', 'siswa', 'jelek', 'kayak', 'tai', 'murid', 'sombong', 'pintar', 'nilai', 'rapot', 'tulis', 'nilai', 'guru', 'anggap', 'tolol', 'sekolah', 'anggap', 'gagal', 'manusia', 'bodoh', 'pintar', 'bodoh'];4
kurikulum-merdeka_1.csv;1.93693e+18;Mon Jun 23 12:04:26 +0000 2025;6.0;@DosenGarisLucu The IFLS5 [..] was fielded between late October 2014 and the end of April 2015 with long distance tracking extending through the end of August 2015 https://t.co/Lb9DMkkO7x Kenapa jadi Nadiem yang dibahas? Menteri Pendidikan siapa di periode ini?;1.93712e+18;;DosenGarisLucu;en;;0.0;0.0;0.0;https://x.com/undefined/status/1937119553261281754;15687008.0;;the ifls was fielded between late october and the end of april with long distance tracking extending through the end of august kenapa nadiem bahas menteri didik siapa periode;netral;['the', 'ifls', 'was', 'fielded', 'between', 'late', 'october', 'and', 'the', 'end', 'of', 'april', 'with', 'long', 'distance', 'tracking', 'extending', 'through', 'the', 'end', 'of', 'august', 'nadiem', 'bahas', 'menteri', 'didik', 'periode'];0
kurikulum-merdeka_1.csv;1.93693e+18;Mon Jun 23 14:54:46 +0000 2025;2.0;@DosenGarisLucu Bukan kurikulum merdeka yang bermasalah tapai seringnya ganti kurikulum. Ini yang bikin guru sibuk administrasi sampai ngajar cuma seadanya Beban paling berat guru tuh harusnya ngajar bukan administrasi.;1.93716e+18;;DosenGarisLucu;in;;0.0;0.0;0.0;https://x.com/undefined/status/1937162421837390068;7.49476e+17;;bukan kurikulum merdeka masalah tapai sering ganti kurikulum bikin guru sibuk administrasi sampai ngajar cuma ada beban paling berat guru tuh harus ngajar bukan administrasi;negatif;['kurikulum', 'merdeka', 'tapai', 'ganti', 'kurikulum', 'bikin', 'guru', 'sibuk', 'administrasi', 'ngajar', 'beban', 'berat', 'guru', 'tuh', 'ngajar', 'administrasi'];4
kurikulum-merdeka_1.csv;1.93693e+18;Mon Jun 23 13:45:33 +0000 2025;2.0;@DosenGarisLucu Ini maksudnya ngelucu? Soalnya menyedihkan kalo engga. Dosen gitu lho...;1.93714e+18;;DosenGarisLucu;in;;0.0;0.0;0.0;https://x.com/undefined/status/1937144999730430055;90809267.0;;maksud ngelucu soal sedih kalo engga dosen begitu lho;netral;['maksud', 'ngelucu', 'sedih', 'kalo', 'engga', 'dosen', 'lho'];1
kurikulum-merdeka_1.csv;1.93693e+18;Mon Jun 23 06:07:55 +0000 2025;0.0;@DosenGarisLucu Kurikulum merdeka itu baru diimplementasikan blm 1-2 thn blm ada yg lulusan kurikulum merdeka. Itupun blm semua sekolah menerapkan. Bagaimana mungkin kita bsa menyimpulkan itu hasil kurikulim merdeka?. Ada2 aja;1.93703e+18;;DosenGarisLucu;in;;0.0;0.0;0.0;https://x.com/undefined/status/1937029836398297208;236845088.0;;kurikulum merdeka baru implementasi thn ada lulus kurikulum merdeka itu semua sekolah terap bagaimana mungkin kita bsa simpul hasil kurikulim merdeka ada;netral;['kurikulum', 'merdeka', 'implementasi', 'thn', 'lulus', 'kurikulum', 'merdeka', 'sekolah', 'terap', 'bsa', 'simpul', 'hasil', 'kurikulim', 'merdeka'];0
kurikulum-merdeka_1.csv;1.93693e+18;Mon Jun 23 13:30:03 +0000 2025;0.0;@DosenGarisLucu Kurikulum Merdeka baru kemarin diimplementasikan. Itu pun belum keseluruhan sekolah karena sifatnya opsional (bagi sekolah yg fasilitasnya mumpuni aja). Kayanya bukan karena KurMer ;1.93714e+18;;DosenGarisLucu;in;;0.0;0.0;0.0;https://x.com/undefined/status/1937141102655803681;1.54925e+18;;kurikulum merdeka baru kemarin implementasi seluruh sekolah sifat opsional bagi sekolah fasilitas mumpuni kaya bukan kurmer;netral;['kurikulum', 'merdeka', 'kemarin', 'implementasi', 'sekolah', 'sifat', 'opsional', 'sekolah', 'fasilitas', 'mumpuni', 'kaya', 'kurmer'];0
kurikulum-merdeka_1.csv;1.93693e+18;Tue Jun 24 01:07:38 +0000 2025;1.0;@DosenGarisLucu yang dievaluasi dari era menteri yahya muhaimin sampai M Nuh jadi Kurmer belum tercakup dalam penelitian tsb meskipun aku yakin it's the worst ever. tadi cari-cari nemu full papernya barangkali minat baca https://t.co/puSmQJaDjo https://t.co/6o79hcDk7s;1.93732e+18;https://pbs.twimg.com/media/GuK4FkIXoAAjcQO.png;DosenGarisLucu;in;;0.0;0.0;0.0;https://x.com/undefined/status/1937316655098413438;105400206.0;;evaluasi era menteri yahya muhaimin sampai m nuh kurmer cakup dalam teliti tsb meski aku yakin it s the worst ever tadi cari cari nemu full papernya barangkali minat baca;netral;['evaluasi', 'era', 'menteri', 'yahya', 'muhaimin', 'm', 'nuh', 'kurmer', 'cakup', 'teliti', 'tsb', 'it', 's', 'the', 'worst', 'ever', 'cari', 'cari', 'nemu', 'full', 'papernya', 'barangkali', 'minat', 'baca'];0
kurikulum-merdeka_1.csv;1.93693e+18;Tue Jun 24 07:29:50 +0000 2025;0.0;@DosenGarisLucu mana kok diam aja akunnya jawab dong pertanyaan di komentarnya. jangan pengecut lah masa cuma bisa asbun terus ngendog gitu ;1.93741e+18;;DosenGarisLucu;in;;0.0;0.0;0.0;https://x.com/undefined/status/1937412837766480231;285031271.0;;mana diam akun jawab tanya komentar jangan kecut masa cuma bisa asbun terus ngendog begitu;netral;['diam', 'akun', 'komentar', 'kecut', 'asbun', 'ngendog'];4
kurikulum-merdeka_1.csv;1.93693e+18;Mon Jun 23 03:11:49 +0000 2025;0.0;@DosenGarisLucu PGP PSP PMM CB IKM....;1.93699e+18;;DosenGarisLucu;in;;0.0;0.0;0.0;https://x.com/undefined/status/1936985516756676662;218375747.0;;pgp psp pmm cb ikm;netral;['pgp', 'psp', 'pmm', 'cb', 'ikm'];0
kurikulum-merdeka_1.csv;1.93693e+18;Tue Jun 24 00:36:12 +0000 2025;0.0;@DosenGarisLucu Memang benar kiblat pendidikan kita mesti belajar ke China. Gausah muluk2 ke Europe;1.93731e+18;;DosenGarisLucu;in;;0.0;0.0;0.0;https://x.com/undefined/status/1937308744259440791;528023230.0;;memang benar kiblat didik kita mesti ajar china gausah muluk europe;netral;['kiblat', 'didik', 'mesti', 'ajar', 'china', 'gausah', 'muluk', 'europe'];4
kurikulum-merdeka_1.csv;1.93693e+18;Mon Jun 23 03:48:04 +0000 2025;3.0;@DosenGarisLucu Ada konten dimana Anak SMP dan Anak SMA ditanya 10 : 1/2 pada jawab ngawur. Itu soal sederhana banget dan gue berharap ada konten dimana suruh jawab jam berapa dgn gunain jam analog alias jam dinding !;1.93699e+18;;DosenGarisLucu;in;;0.0;0.0;0.0;https://x.com/undefined/status/1936994641653702722;1.90273e+18;;ada konten mana anak smp anak sma tanya jawab ngawur soal sederhana sangat saya harap ada konten mana suruh jawab jam berapa gunain jam analog alias jam dinding;negatif;['konten', 'anak', 'smp', 'anak', 'sma', 'ngawur', 'sederhana', 'harap', 'konten', 'suruh', 'jam', 'gunain', 'jam', 'analog', 'alias', 'jam', 'dinding'];2
kurikulum-merdeka_1.csv;1.93693e+18;Mon Jun 23 22:12:46 +0000 2025;0.0;@DosenGarisLucu lu juga kayanya kagak pake kurmer tapi ngambil kesimpulan datanya ngaco bener ;1.93727e+18;;DosenGarisLucu;in;;0.0;0.0;0.0;https://x.com/undefined/status/1937272645302755550;97671645.0;;kamu kaya kagak pake kurmer tapi ngambil simpul data ngaco bener;netral;['kaya', 'kagak', 'pake', 'kurmer', 'ngambil', 'simpul', 'data', 'ngaco', 'bener'];0
kurikulum-merdeka_1.csv;1.93693e+18;Mon Jun 23 07:15:32 +0000 2025;0.0;@DosenGarisLucu 20 28 bukannya ga ngerasain kurikulum merdeka ya?;1.93705e+18;;DosenGarisLucu;in;;0.0;0.0;0.0;https://x.com/undefined/status/1937046852857368844;1.44203e+18;;bukan ngerasain kurikulum merdeka;netral;['ngerasain', 'kurikulum', 'merdeka'];0
kurikulum-merdeka_1.csv;1.93693e+18;Mon Jun 23 14:22:55 +0000 2025;0.0;@DosenGarisLucu Harus pakai data dari BPS pak agar terlihat bagusssss;1.93715e+18;;DosenGarisLucu;in;;0.0;0.0;0.0;https://x.com/undefined/status/1937154404354044182;1.06326e+18;;harus pakai data bps pak agar lihat bagus;positif;['pakai', 'data', 'bps', 'lihat', 'bagus'];0
kurikulum-merdeka_1.csv;1.93693e+18;Mon Jun 23 04:15:48 +0000 2025;0.0;@DosenGarisLucu the kurikulum was a mistake;1.937e+18;;DosenGarisLucu;en;;0.0;0.0;0.0;https://x.com/undefined/status/1937001617813053603;1.34464e+18;;the kurikulum was a mistake;netral;['the', 'kurikulum', 'was', 'a', 'mistake'];0
kurikulum-merdeka_1.csv;1.93693e+18;Mon Jun 23 10:38:21 +0000 2025;0.0;@DosenGarisLucu @lunatictwister malam ini request bahas ini dong. Bentar juga gapapa;1.9371e+18;;DosenGarisLucu;in;;0.0;0.0;0.0;https://x.com/undefined/status/1937097892101280151;1.78107e+18;;malam request bahas bentar gapapa;netral;['malam', 'request', 'bahas', 'bentar', 'gapapa'];0
kurikulum-merdeka_1.csv;1.93693e+18;Mon Jun 23 12:36:15 +0000 2025;0.0;@DosenGarisLucu Bonus demografi jadi bencana;1.93713e+18;;DosenGarisLucu;in;;0.0;0.0;0.0;https://x.com/undefined/status/1937127560426754488;1.10321e+18;;bonus demografi bencana;netral;['bonus', 'demografi', 'bencana'];4
kurikulum-merdeka_1.csv;1.93693e+18;Mon Jun 23 12:03:31 +0000 2025;0.0;@DosenGarisLucu Data tahun berapa bang.;1.93712e+18;;DosenGarisLucu;in;;0.0;0.0;0.0;https://x.com/undefined/status/1937119322410987678;2275973118.0;;data tahun berapa bang;netral;['data', 'bang'];0
kurikulum-merdeka_1.csv;1.93693e+18;Mon Jun 23 10:43:04 +0000 2025;1.0;@DosenGarisLucu Infonya menyesatkan;1.9371e+18;;DosenGarisLucu;in;;0.0;0.0;0.0;https://x.com/undefined/status/1937099078644666638;1229758292.0;;info sesat;netral;['info', 'sesat'];1
kurikulum-merdeka_1.csv;1.93693e+18;Mon Jun 23 04:39:34 +0000 2025;0.0;@DosenGarisLucu Hasil kumer atau hasil zonasi?;1.93701e+18;;DosenGarisLucu;in;;0.0;0.0;0.0;https://x.com/undefined/status/1937007598735352071;242222324.0;;hasil kumer hasil zonasi;netral;['hasil', 'kumer', 'hasil', 'zonasi'];1
kurikulum-merdeka_1.csv;1.93693e+18;Mon Jun 23 03:08:31 +0000 2025;1.0;@DosenGarisLucu Akhibat dari kebijakan ga napak tanah negara ini sekarang panen SDM ora mutu.;1.93698e+18;;DosenGarisLucu;in;;0.0;0.0;0.0;https://x.com/undefined/status/1936984688306057405;1.50777e+18;;akhibat bijak napak tanah negara sekarang panen sdm ora mutu;netral;['akhibat', 'bijak', 'napak', 'tanah', 'negara', 'panen', 'sdm', 'ora', 'mutu'];0
kurikulum-merdeka_1.csv;1.93693e+18;Mon Jun 23 18:29:52 +0000 2025;0.0;@DosenGarisLucu Jadi bahan uji coba;1.93722e+18;;DosenGarisLucu;in;;0.0;0.0;0.0;https://x.com/undefined/status/1937216553365434788;1.09478e+18;;bahan uji coba;netral;['bahan', 'uji', 'coba'];3
kurikulum-merdeka_1.csv;1.93693e+18;Mon Jun 23 16:10:42 +0000 2025;0.0;@DosenGarisLucu Nadiem harus tanggung jawab.;1.93718e+18;;DosenGarisLucu;in;;0.0;0.0;0.0;https://x.com/undefined/status/1937181531912761627;82480219.0;;nadiem harus tanggung jawab;netral;['nadiem', 'tanggung'];4
kurikulum-merdeka_10.csv;1.83292e+18;Mon Sep 09 00:08:35 +0000 2024;8.0;@tvOneNews Dulu yg mengusulkan nadiem jadi menteri pendidikan bener2 gak lihat latar belakangnya semoga di pemerintahan yg baru dapat menteri pendidikan yg mengerti dan paham memajukan murid dan tenaga pengajar lebih baik mencapai keilmuwan yg unggul;1.83293e+18;;tvOneNews;in;;0.0;0.0;0.0;https://x.com/undefined/status/1832934088891904501;95581423.0;;dulu usul nadiem menteri didik bener gak lihat latar belakang moga perintah baru dapat menteri didik erti paham maju murid tenaga ajar lebih baik capai keilmuwan unggul;positif;['usul', 'nadiem', 'menteri', 'didik', 'bener', 'gak', 'lihat', 'latar', 'moga', 'perintah', 'menteri', 'didik', 'erti', 'paham', 'maju', 'murid', 'tenaga', 'ajar', 'capai', 'keilmuwan', 'unggul'];1
kurikulum-merdeka_10.csv;1.83292e+18;Sun Sep 08 23:04:13 +0000 2024;7.0;@tvOneNews Nadiem telah merusak sistem pendidikan Indonesia.;1.83292e+18;;tvOneNews;in;;1.0;1.0;0.0;https://x.com/undefined/status/1832917888929513859;121425273.0;;nadiem telah rusak sistem didik indonesia;netral;['nadiem', 'rusak', 'sistem', 'didik', 'indonesia'];0
kurikulum-merdeka_10.csv;1.83292e+18;Sun Sep 08 23:04:34 +0000 2024;4.0;@tvOneNews Niat nya ingin merusak bangsa dan negara ini... Siapa sih nadim ini??? Apa dia benar org Indonesia.. Yg punya rasa terhadap bangsa dan negara ini....;1.83292e+18;;tvOneNews;in;;0.0;0.0;0.0;https://x.com/undefined/status/1832917975747400060;1.62255e+18;;niat ingin rusak bangsa negara siapa sih nadim dia benar org indonesia punya rasa hadap bangsa negara;netral;['niat', 'rusak', 'bangsa', 'negara', 'sih', 'nadim', 'org', 'indonesia', 'hadap', 'bangsa', 'negara'];0
kurikulum-merdeka_10.csv;1.83292e+18;Sun Sep 08 23:42:16 +0000 2024;4.0;@tvOneNews Ucapan seorang negarawan sejati yg sllu tulus mengabdi pada bangsa dan negeri ini perlu dipahami dan diteladani ;1.83293e+18;;tvOneNews;in;;0.0;0.0;0.0;https://x.com/undefined/status/1832927466148761996;1.75196e+18;;ucap orang negarawan sejati sllu tulus abdi bangsa negeri perlu paham teladan;netral;['orang', 'negarawan', 'sejati', 'sllu', 'tulus', 'abdi', 'bangsa', 'negeri', 'paham', 'teladan'];2
kurikulum-merdeka_10.csv;1.83292e+18;Mon Sep 09 00:10:58 +0000 2024;3.0;@tvOneNews Kalau menterinya membuat program seperti itu dan dijalankan artinya atasan menteri sdh setuju....;1.83293e+18;;tvOneNews;in;;0.0;0.0;0.0;https://x.com/undefined/status/1832934689608478800;69804623.0;;kalau menteri buat program seperti jalan arti atas menteri tuju;netral;['menteri', 'program', 'jalan', 'arti', 'menteri', 'tuju'];1
kurikulum-merdeka_10.csv;1.83292e+18;Mon Sep 09 01:39:56 +0000 2024;3.0;@tvOneNews Inilah akibat buruknya bila suatu urusan diberikan kepada orang yang bukan ahlinya tunggu kehancurannya...;1.83296e+18;;tvOneNews;in;;0.0;0.0;0.0;https://x.com/undefined/status/1832957078543167855;305025889.0;;ini akibat buruk bila suatu urus beri kepada orang bukan ahli tunggu hancur;negatif;['akibat', 'buruk', 'urus', 'orang', 'ahli', 'tunggu', 'hancur'];2
kurikulum-merdeka_10.csv;1.83292e+18;Mon Sep 09 11:44:30 +0000 2024;3.0;@tvOneNews Emang bangke si nadiem spp sekolah sekarang mahal banget. Sekolah SMA saja spp nya setara bayar kuliah jaman SBY trus biaya kuliah sekarang lebih gila lagi. Pendidikan sekarang dijadikan ajang komersil;1.83311e+18;;tvOneNews;in;;0.0;1.0;0.0;https://x.com/undefined/status/1833109221749198990;2518915579.0;;emang bangke nadiem spp sekolah sekarang mahal sangat sekolah sma spp tara bayar kuliah jaman sby trus biaya kuliah sekarang lebih gila didik sekarang jadi ajang komersil;netral;['emang', 'bangke', 'nadiem', 'spp', 'sekolah', 'mahal', 'sekolah', 'sma', 'spp', 'tara', 'bayar', 'kuliah', 'jaman', 'sby', 'trus', 'biaya', 'kuliah', 'gila', 'didik', 'ajang', 'komersil'];1
kurikulum-merdeka_10.csv;1.83292e+18;Mon Sep 09 00:47:47 +0000 2024;2.0;@tvOneNews Anaknya yg merdeka belajar ortunya yg mumet jadi ikutan sekolah lagi .;1.83294e+18;;tvOneNews;in;;0.0;1.0;0.0;https://x.com/undefined/status/1832943951898456377;193416229.0;;anak merdeka ajar ortunya mumet ikut sekolah;netral;['anak', 'merdeka', 'ajar', 'ortunya', 'mumet', 'sekolah'];1
kurikulum-merdeka_10.csv;1.83292e+18;Sun Sep 08 23:25:45 +0000 2024;1.0;@tvOneNews Mungkin anak2 Indonesia di suruh jdi tukang ojol aza;1.83292e+18;;tvOneNews;in;;0.0;0.0;0.0;https://x.com/undefined/status/1832923308825923922;1.07395e+18;;mungkin anak indonesia suruh jdi tukang ojol aza;netral;['anak', 'indonesia', 'suruh', 'jdi', 'tukang', 'ojol', 'aza'];0
kurikulum-merdeka_10.csv;1.83292e+18;Mon Sep 09 04:05:24 +0000 2024;1.0;@tvOneNews Betul kata Pak JK. Bukan sistem nya yg salah .. tp penerapan sistem nya belum cocok utk di Indonesia dg kondisi sosial ekonomi yg berbeda dg negara maju;1.83299e+18;;tvOneNews;in;;0.0;0.0;0.0;https://x.com/undefined/status/1832993682913706391;81565069.0;;betul kata pak jk bukan sistem salah tapi terap sistem cocok utk indonesia kondisi sosial ekonomi beda negara maju;negatif;['jk', 'sistem', 'salah', 'terap', 'sistem', 'cocok', 'utk', 'indonesia', 'kondisi', 'sosial', 'ekonomi', 'beda', 'negara', 'maju'];2
kurikulum-merdeka_10.csv;1.83292e+18;Mon Sep 09 10:50:34 +0000 2024;1.0;@tvOneNews Mereka sekarang punya misi membodohi generasi bangsa;1.8331e+18;;tvOneNews;in;;0.0;0.0;0.0;https://x.com/undefined/status/1833095648822071598;1.65761e+18;;mereka sekarang punya misi bodoh generasi bangsa;netral;['misi', 'bodoh', 'generasi', 'bangsa'];2
kurikulum-merdeka_10.csv;1.83292e+18;Mon Sep 09 11:37:22 +0000 2024;1.0;@tvOneNews Kayaknya memang tugasnya menteri skrg memperbodoh rakyta...;1.83311e+18;;tvOneNews;in;;0.0;0.0;0.0;https://x.com/undefined/status/1833107424179548458;1.59746e+18;;kayak memang tugas menteri skrg bodoh rakyta;netral;['kayak', 'tugas', 'menteri', 'skrg', 'bodoh', 'rakyta'];0
kurikulum-merdeka_10.csv;1.83292e+18;Mon Sep 09 02:06:59 +0000 2024;0.0;@tvOneNews Emang benar. Pendidikan kita skrg ini sdh rusak dimulai dari aturan dan kebijakan2 dari pusat. Generasi skrg yg msh sekolah menjadi korban atas rusaknya sistem pendidikan kita.;1.83296e+18;;tvOneNews;in;;0.0;0.0;0.0;https://x.com/undefined/status/1832963882333491540;98551340.0;;emang benar didik kita skrg rusak mulai atur bijak pusat generasi skrg msh sekolah jadi korban atas rusak sistem didik kita;netral;['emang', 'didik', 'skrg', 'rusak', 'atur', 'bijak', 'pusat', 'generasi', 'skrg', 'msh', 'sekolah', 'korban', 'rusak', 'sistem', 'didik'];0
kurikulum-merdeka_10.csv;1.83292e+18;Mon Sep 09 02:21:49 +0000 2024;0.0;@tvOneNews Nadiem kan manusia langka dia lahir dari lobang pantat @nadiemmakarim;1.83297e+18;;tvOneNews;in;;0.0;0.0;0.0;https://x.com/undefined/status/1832967618975957203;116969718.0;;nadiem manusia langka dia lahir lobang pantat;netral;['nadiem', 'manusia', 'langka', 'lahir', 'lobang', 'pantat'];3
kurikulum-merdeka_10.csv;1.83292e+18;Mon Sep 09 03:01:09 +0000 2024;0.0;@tvOneNews ;1.83298e+18;;tvOneNews;qme;;0.0;0.0;0.0;https://x.com/undefined/status/1832977515750494356;1.74576e+18;;;netral;['nan'];0
kurikulum-merdeka_10.csv;1.83292e+18;Mon Sep 09 06:27:19 +0000 2024;0.0;@tvOneNews Sabar pak bukan depan udah gak jadi menteri;1.83303e+18;;tvOneNews;in;;0.0;0.0;0.0;https://x.com/undefined/status/1833029400058900981;8.84709e+17;;sabar pak bukan depan gak menteri;netral;['sabar', 'gak', 'menteri'];1
kurikulum-merdeka_10.csv;1.83292e+18;Mon Sep 09 11:43:34 +0000 2024;0.0;@tvOneNews Menyala p Yusuf kala Terima kasih sudah membela rakyat;1.83311e+18;;tvOneNews;in;;0.0;0.0;0.0;https://x.com/undefined/status/1833108987648364916;1.53859e+18;;nyala p yusuf kala terima kasih bela rakyat;netral;['nyala', 'p', 'yusuf', 'terima', 'kasih', 'bela', 'rakyat'];3
kurikulum-merdeka_10.csv;1.83292e+18;Mon Sep 09 13:12:07 +0000 2024;0.0;@tvOneNews Emg bener gak ada UN anak2 pd males belajar;1.83313e+18;;tvOneNews;in;;0.0;0.0;0.0;https://x.com/undefined/status/1833131272497246716;7.88018e+17;;emg bener gak ada un anak pd males ajar;netral;['emg', 'bener', 'gak', 'un', 'anak', 'pd', 'males', 'ajar'];3
kurikulum-merdeka_10.csv;1.83292e+18;Mon Sep 09 14:35:38 +0000 2024;0.0;@tvOneNews Ancuuuuur?;1.83315e+18;;tvOneNews;in;;0.0;0.0;0.0;https://x.com/undefined/status/1833152288732684788;1.31918e+18;;ancur;netral;['ancur'];2
kurikulum-merdeka_10.csv;1.83292e+18;Mon Sep 09 15:20:56 +0000 2024;0.0;@tvOneNews Pdhl kurikulum merdeka klo dibaca tuh mirip kurikulum cikal cuma lagi2 sebenernya sistemnya belum siap jd mungkin ga jelas eksekusinya pengajar belum siap ortu ga dikasih pengetahuan yg jelas jd marah2 korbannya ke anak jd ga jelas mau kmn arahnya;1.83316e+18;;tvOneNews;in;;0.0;0.0;0.0;https://x.com/undefined/status/1833163689601749487;1.5729e+18;;pdhl kurikulum merdeka kalau baca tuh mirip kurikulum cikal cuma sebenernya sistem siap jd mungkin jelas eksekusi ajar siap ortu kasih tahu jelas jd marah korban anak jd jelas mau kmn arah;netral;['pdhl', 'kurikulum', 'merdeka', 'baca', 'tuh', 'kurikulum', 'cikal', 'sebenernya', 'sistem', 'jd', 'eksekusi', 'ajar', 'ortu', 'kasih', 'jd', 'marah', 'korban', 'anak', 'jd', 'kmn', 'arah'];3
kurikulum-merdeka_11.csv;1.78808e+18;Wed May 08 10:29:02 +0000 2024;10.0;@PartaiSocmed eaakk emang bener ternyata lu buzzer ;1.78815e+18;;PartaiSocmed;in;;0.0;2.0;0.0;https://x.com/undefined/status/1788154132064526773;116374572.0;;eaakk emang bener nyata kamu buzzer;netral;['eaakk', 'emang', 'bener', 'nyata', 'buzzer'];2
kurikulum-merdeka_11.csv;1.78808e+18;Wed May 08 06:46:38 +0000 2024;29.0;@PartaiSocmed Sejahterakan dulu gurunya Sistem gaji guru di Indonesia itu paling miris. guru honorer dgn gaji 500rb/bln dia harus mikirin anak murid dgn konsep merdeka belajar guru aja blm merdeka dr sistem gaji yang kelewat kolonial. kasian mrk banyak tuntutan.;1.7881e+18;;PartaiSocmed;in;;3.0;9.0;4.0;https://x.com/undefined/status/1788098166807802246;2961824143.0;;sejahtera dulu guru sistem gaji guru indonesia paling miris guru honorer gaji rb bln dia harus mikirin anak murid konsep merdeka ajar guru merdeka sistem gaji lewat kolonial kasi mrk banyak tuntut;netral;['sejahtera', 'guru', 'sistem', 'gaji', 'guru', 'indonesia', 'miris', 'guru', 'honorer', 'gaji', 'rb', 'bln', 'mikirin', 'anak', 'murid', 'konsep', 'merdeka', 'ajar', 'guru', 'merdeka', 'sistem', 'gaji', 'kolonial', 'kasi', 'mrk', 'tuntut'];4
kurikulum-merdeka_11.csv;1.78808e+18;Wed May 08 12:26:45 +0000 2024;24.0;@PartaiSocmed Sekolah anakku merdeka belajar dulu awal2 banyak dicibir sekolah kok gak pake seragam gak ada LKS ternyata sekarang banyak yg mulai aware sama kurikulum merdeka belajar terutama sekolah swasta sih yang mengutamakan kebutuhan dan minat anak daripada nilai akademik semata ;1.78818e+18;;PartaiSocmed;in;;0.0;4.0;6.0;https://x.com/undefined/status/1788183759030022426;8.08468e+17;;sekolah anak merdeka ajar dulu awal banyak cibir sekolah gak pake seragam gak ada lks nyata sekarang banyak mulai aware sama kurikulum merdeka ajar utama sekolah swasta sih utama butuh minat anak daripada nilai akademik semata;netral;['sekolah', 'anak', 'merdeka', 'ajar', 'cibir', 'sekolah', 'gak', 'pake', 'seragam', 'gak', 'lks', 'nyata', 'aware', 'kurikulum', 'merdeka', 'ajar', 'utama', 'sekolah', 'swasta', 'sih', 'utama', 'butuh', 'minat', 'anak', 'nilai', 'akademik'];1
kurikulum-merdeka_11.csv;1.78808e+18;Wed May 08 13:43:51 +0000 2024;12.0;@PartaiSocmed Di balik beberapa kekurangan mengenai Kurikulum Merdeka sy malah senang dg adanya kurikulum ini karena siswa bisa fokus mengembangkan bakat dan minatnya guru seperti sy juga bisa mengeksplor konten pembelajaran yg tidak sestrict K13;1.7882e+18;;PartaiSocmed;in;;0.0;1.0;7.0;https://x.com/undefined/status/1788203159904833807;1353329744.0;;balik beberapa kurang kena kurikulum merdeka sy malah senang ada kurikulum siswa bisa fokus kembang bakat minat guru seperti sy bisa mengeksplor konten ajar sestrict k;negatif;['kena', 'kurikulum', 'merdeka', 'sy', 'senang', 'kurikulum', 'siswa', 'fokus', 'kembang', 'bakat', 'minat', 'guru', 'sy', 'mengeksplor', 'konten', 'ajar', 'sestrict', 'k'];4
kurikulum-merdeka_11.csv;1.78808e+18;Wed May 08 12:55:08 +0000 2024;11.0;@PartaiSocmed Seperti sekolah anakku..tiap tahun pasti dpt kunjungan dr disdik saat ada exhibition(biasanya saat tema engineer atau science) pdhl tdk terdaftar diknas karena menerapkan kurikulum mandiri based by weekly project..anak2 dibiasakan berani untuk mengeluarkan ide -cont;1.78819e+18;;PartaiSocmed;in;;0.0;2.0;5.0;https://x.com/undefined/status/1788190899949977913;465585330.0;;seperti sekolah anak tiap tahun pasti dpt kunjung disdik saat ada exhibition biasa saat tema engineer science pdhl daftar diknas terap kurikulum mandiri based by weekly project anak biasa berani keluar ide cont;netral;['sekolah', 'anak', 'dpt', 'kunjung', 'disdik', 'exhibition', 'tema', 'engineer', 'science', 'pdhl', 'daftar', 'diknas', 'terap', 'kurikulum', 'mandiri', 'based', 'by', 'weekly', 'project', 'anak', 'berani', 'ide', 'cont'];1
kurikulum-merdeka_11.csv;1.78808e+18;Wed May 08 08:05:56 +0000 2024;6.0;@PartaiSocmed Kalau boleh usul ke @prabowo @gibran_tweet Mendiknas @nadiemmakarim dipertahankan kasihan anak2 ku nanti kalau kurikulum berubah lagi. Program Nadiem sdh bagus lanjutkan;1.78812e+18;;PartaiSocmed;in;;0.0;5.0;2.0;https://x.com/undefined/status/1788118123109122465;18233723.0;;kalau boleh usul mendiknas tahan kasihan anak ku nanti kalau kurikulum ubah program nadiem bagus lanjut;positif;['usul', 'mendiknas', 'tahan', 'kasihan', 'anak', 'ku', 'kurikulum', 'ubah', 'program', 'nadiem', 'bagus'];0
kurikulum-merdeka_11.csv;1.78808e+18;Wed May 08 10:15:44 +0000 2024;8.0;@PartaiSocmed Sebelum menghina guru tidak mau berubah coba benahi dulu sistem gaji guru. Guru honorer SD Negeri di Jawa Timur tahun 2024 aja masih ada yg digaji 100 ribu/bulan. Gimana mau maksimal mendidik kalau gaji untuk hidup saja gak bisa?;1.78815e+18;;PartaiSocmed;in;;0.0;4.0;1.0;https://x.com/undefined/status/1788150786620633307;1.6057e+18;;belum hina guru mau ubah coba benah dulu sistem gaji guru guru honorer sd negeri jawa timur tahun masih ada gaji ribu bulan gimana mau maksimal didik kalau gaji hidup gak bisa;netral;['hina', 'guru', 'ubah', 'coba', 'benah', 'sistem', 'gaji', 'guru', 'guru', 'honorer', 'sd', 'negeri', 'jawa', 'timur', 'gaji', 'ribu', 'gimana', 'maksimal', 'didik', 'gaji', 'hidup', 'gak'];2
kurikulum-merdeka_11.csv;1.78808e+18;Wed May 08 07:42:06 +0000 2024;4.0;@PartaiSocmed Guru ini salah pilih jalur kehidupan Harusnya mereka masuk ke jalur pemerintahan Lebih banyak job utk mensejahterakan keluarga mereka Ngapain jg cari masa depan dengan menjadi guru Sudah dibilang guru pahlawan tanpa tanda jasa Eh ngeyel;1.78811e+18;;PartaiSocmed;in;;0.0;1.0;1.0;https://x.com/undefined/status/1788112124889477607;1.51478e+18;;guru salah pilih jalur hidup harus mereka masuk jalur perintah lebih banyak job utk sejahtera keluarga mereka ngapain cari masa depan jadi guru bilang guru pahlawan tanpa tanda jasa eh ngeyel;negatif;['guru', 'salah', 'pilih', 'jalur', 'hidup', 'masuk', 'jalur', 'perintah', 'job', 'utk', 'sejahtera', 'keluarga', 'ngapain', 'cari', 'guru', 'bilang', 'guru', 'pahlawan', 'tanda', 'jasa', 'eh', 'ngeyel'];2
kurikulum-merdeka_11.csv;1.78808e+18;Wed May 08 12:26:09 +0000 2024;4.0;@PartaiSocmed Pro kontra selalu ada menyebut guru tidak mau berubah itu wadiwaw bgt. Gini amat dah ngecounter org yg kontra sma kumer;1.78818e+18;;PartaiSocmed;in;;0.0;1.0;1.0;https://x.com/undefined/status/1788183606315393456;1.03651e+18;;pro kontra selalu ada sebut guru mau ubah wadiwaw bgt gin amat ngecounter org kontra sma kumer;netral;['pro', 'kontra', 'guru', 'ubah', 'wadiwaw', 'bgt', 'gin', 'ngecounter', 'org', 'kontra', 'sma', 'kumer'];2
kurikulum-merdeka_11.csv;1.78808e+18;Wed May 08 06:43:39 +0000 2024;0.0;@PartaiSocmed Monggo ditanggapi pak @zanatul_91;1.7881e+18;;PartaiSocmed;in;;0.0;0.0;0.0;https://x.com/undefined/status/1788097415658209379;1.43448e+18;;monggo tanggap pak;netral;['monggo', 'tanggap'];4
kurikulum-merdeka_11.csv;1.78808e+18;Wed May 08 09:33:05 +0000 2024;0.0;@PartaiSocmed Buzzerp;1.78814e+18;;PartaiSocmed;en;;0.0;0.0;0.0;https://x.com/undefined/status/1788140052415177041;1.6906e+18;;buzzerp;netral;['buzzerp'];1
kurikulum-merdeka_11.csv;1.78808e+18;Wed May 08 09:37:40 +0000 2024;0.0;@PartaiSocmed Makan gratis;1.78814e+18;;PartaiSocmed;in;;0.0;0.0;0.0;https://x.com/undefined/status/1788141206788358486;1.04264e+18;;makan gratis;netral;['makan', 'gratis'];3
kurikulum-merdeka_11.csv;1.78808e+18;Wed May 08 10:54:41 +0000 2024;0.0;@PartaiSocmed Alah alah ;1.78816e+18;;PartaiSocmed;in;;0.0;0.0;0.0;https://x.com/undefined/status/1788160589459857569;421858459.0;;alah alah;netral;['alah', 'alah'];1
kurikulum-merdeka_11.csv;1.78808e+18;Wed May 08 11:11:31 +0000 2024;0.0;@PartaiSocmed Ehem @pppkguru @Guru_PNS ;1.78816e+18;;PartaiSocmed;pl;;0.0;0.0;0.0;https://x.com/undefined/status/1788164824930865449;102102899.0;;ehem;netral;['ehem'];2
kurikulum-merdeka_11.csv;1.78808e+18;Wed May 08 11:23:44 +0000 2024;0.0;@PartaiSocmed Teorinya sangat ideal dan sangat bagus tetapi belum bisa d implementasikan secara nasional karena keterbatasan banyak hal;1.78817e+18;;PartaiSocmed;in;;0.0;0.0;0.0;https://x.com/undefined/status/1788167901754929509;1.19533e+18;;teori sangat ideal sangat bagus tetapi bisa d implementasi cara nasional batas banyak hal;positif;['teori', 'ideal', 'bagus', 'd', 'implementasi', 'nasional', 'batas'];1
kurikulum-merdeka_11.csv;1.78808e+18;Wed May 08 11:47:11 +0000 2024;0.0;@PartaiSocmed Saya kira @Kurz_Gesagt;1.78817e+18;;PartaiSocmed;in;;0.0;0.0;0.0;https://x.com/undefined/status/1788173799374107098;67860164.0;;saya kira;netral;[];0
kurikulum-merdeka_11.csv;1.78808e+18;Wed May 08 12:37:44 +0000 2024;0.0;@PartaiSocmed Untuk mengimplementasikan kurikulum baru memang butuh waktu tum.;1.78819e+18;;PartaiSocmed;in;;0.0;0.0;0.0;https://x.com/undefined/status/1788186524498219103;9.86208e+17;;implementasi kurikulum baru memang butuh waktu tum;netral;['implementasi', 'kurikulum', 'butuh', 'tum'];3
kurikulum-merdeka_11.csv;1.78808e+18;Wed May 08 13:09:02 +0000 2024;0.0;@PartaiSocmed anakku yg TK disuruh apalin lagu Indonesia raya Pancasila. TK TK?!?!?!? mertua gw yg daftarin TK gajelas jadi mau gamau anakku sekolah disitu. ;1.78819e+18;;PartaiSocmed;in;;0.0;0.0;0.0;https://x.com/undefined/status/1788194399479869753;1.36405e+18;;anak tk suruh apalin lagu indonesia raya pancasila tk tk mertua gw daftarin tk gajelas mau gamau anak sekolah situ;netral;['anak', 'tk', 'suruh', 'apalin', 'lagu', 'indonesia', 'raya', 'pancasila', 'tk', 'tk', 'mertua', 'gw', 'daftarin', 'tk', 'gajelas', 'gamau', 'anak', 'sekolah', 'situ'];1
kurikulum-merdeka_11.csv;1.78808e+18;Wed May 08 13:27:34 +0000 2024;0.0;@PartaiSocmed Membela yg bayar eh yg benar ;1.7882e+18;;PartaiSocmed;in;;0.0;0.0;0.0;https://x.com/undefined/status/1788199063181197722;1.12516e+18;;bela bayar eh benar;netral;['bela', 'bayar', 'eh'];0
kurikulum-merdeka_11.csv;1.78808e+18;Wed May 08 13:55:52 +0000 2024;0.0;@PartaiSocmed Tapi gajinya besaar hh;1.78821e+18;;PartaiSocmed;in;;0.0;0.0;0.0;https://x.com/undefined/status/1788206183964455052;608839364.0;;tapi gaji besaar hh;netral;['gaji', 'besaar', 'hh'];4
kurikulum-merdeka_11.csv;1.78808e+18;Wed May 08 14:07:29 +0000 2024;0.0;@PartaiSocmed Setuju tapi harus ada standar sih apa yang wajib apa yang Sunnah buat semua nya kaya misal berhitung harus bisa apa gak harus yang expert expert;1.78821e+18;;PartaiSocmed;in;;0.0;0.0;0.0;https://x.com/undefined/status/1788209109101392159;1.53915e+18;;tuju tapi harus ada standar sih wajib sunnah buat semua kaya misal hitung harus bisa gak harus expert expert;netral;['tuju', 'standar', 'sih', 'wajib', 'sunnah', 'kaya', 'hitung', 'gak', 'expert', 'expert'];3
kurikulum-merdeka_11.csv;1.78808e+18;Wed May 08 14:07:31 +0000 2024;0.0;@PartaiSocmed Merdeka belajar malah gurunya yg ga merdeka wkwk;1.78821e+18;;PartaiSocmed;in;;0.0;0.0;0.0;https://x.com/undefined/status/1788209115682193582;1.11435e+18;;merdeka ajar malah guru merdeka;netral;['merdeka', 'ajar', 'guru', 'merdeka'];4
kurikulum-merdeka_11.csv;1.78808e+18;Wed May 08 15:06:42 +0000 2024;0.0;@PartaiSocmed Yang ppdp dong ditinjau ulang tentang jarak tempat tinggal dengan sekolah terdekat didaerah yg sdikit sekolah negrinya kerepotan mendaftarkan anak ke sma;1.78822e+18;;PartaiSocmed;in;;0.0;0.0;0.0;https://x.com/undefined/status/1788224009747964075;1.58926e+18;;ppdp tinjau ulang tentang jarak tempat tinggal sekolah dekat daerah sdikit sekolah negrinya kerepot daftar anak sma;netral;['ppdp', 'tinjau', 'ulang', 'jarak', 'tinggal', 'sekolah', 'daerah', 'sdikit', 'sekolah', 'negrinya', 'kerepot', 'daftar', 'anak', 'sma'];1
kurikulum-merdeka_11.csv;1.78808e+18;Wed May 08 17:13:50 +0000 2024;0.0;@PartaiSocmed Dunia pendidikan kita sdh salah arah sejak bbrp dekade- sejak dikangkangi o birokrat politisi demi ideologi eksklusif- yg mana produknya bkn siswa yg memiliki keterbukaan wawasan tp ketertutupan. Tdk berani memandang setara thd yg berbeda tp dominasi dan tdk mampu berkolaborasi.;1.78826e+18;;PartaiSocmed;in;;0.0;0.0;0.0;https://x.com/undefined/status/1788256006931357830;82710328.0;;dunia didik kita salah arah sejak bbrp dekade sejak kangkang o birokrat politis demi ideologi eksklusif mana produk bkn siswa milik buka wawas tapi tutup berani pandang tara thd beda tapi dominasi mampu kolaborasi;negatif;['dunia', 'didik', 'salah', 'arah', 'bbrp', 'dekade', 'kangkang', 'o', 'birokrat', 'politis', 'ideologi', 'eksklusif', 'produk', 'bkn', 'siswa', 'milik', 'buka', 'wawas', 'tutup', 'berani', 'pandang', 'tara', 'thd', 'beda', 'dominasi', 'kolaborasi'];3
kurikulum-merdeka_11.csv;1.78808e+18;Wed May 08 18:17:45 +0000 2024;0.0;@PartaiSocmed Nitip;1.78827e+18;;PartaiSocmed;en;;0.0;0.0;0.0;https://x.com/undefined/status/1788272091206394060;1.22219e+18;;nitip;netral;['nitip'];1
kurikulum-merdeka_11.csv;1.78808e+18;Wed May 08 18:39:10 +0000 2024;0.0;@PartaiSocmed Diserang komentar organik;1.78828e+18;;PartaiSocmed;in;;0.0;0.0;0.0;https://x.com/undefined/status/1788277480249500105;86892059.0;;serang komentar organik;netral;['serang', 'komentar', 'organik'];1
kurikulum-merdeka_11.csv;1.78808e+18;Wed May 08 23:55:25 +0000 2024;0.0;@PartaiSocmed Makan siang gratis...solutip inovatip;1.78836e+18;;PartaiSocmed;in;;0.0;0.0;0.0;https://x.com/undefined/status/1788357066924671218;348312624.0;;makan siang gratis solutip inovatip;netral;['makan', 'siang', 'gratis', 'solutip', 'inovatip'];2
kurikulum-merdeka_11.csv;1.78808e+18;Thu May 09 00:55:16 +0000 2024;0.0;@PartaiSocmed Lu coba praktekin sendiri dah sama tuh murid2.;1.78837e+18;;PartaiSocmed;in;;0.0;0.0;0.0;https://x.com/undefined/status/1788372126950740282;124210773.0;;kamu coba praktekin sendiri sama tuh murid;netral;['coba', 'praktekin', 'tuh', 'murid'];1
kurikulum-merdeka_11.csv;1.78808e+18;Thu May 09 01:15:54 +0000 2024;0.0;@PartaiSocmed Sdh ganti berapa kali kurikulum dul?;1.78838e+18;;PartaiSocmed;in;;0.0;0.0;0.0;https://x.com/undefined/status/1788377322405695699;1.31479e+18;;ganti berapa kali kurikulum dul;netral;['ganti', 'kali', 'kurikulum', 'dul'];0
kurikulum-merdeka_11.csv;1.78808e+18;Wed May 08 12:16:43 +0000 2024;2.0;@PartaiSocmed Gaji buzzer ga sama ama gaji guru honorer .dasar otak buzzer yg penting cuan ga paham konteks;1.78818e+18;;PartaiSocmed;in;;0.0;0.0;1.0;https://x.com/undefined/status/1788181233907962164;1.18824e+18;;gaji buzzer sama ama gaji guru honorer dasar otak buzzer penting cuan paham konteks;netral;['gaji', 'buzzer', 'ama', 'gaji', 'guru', 'honorer', 'dasar', 'otak', 'buzzer', 'cuan', 'paham', 'konteks'];3
kurikulum-merdeka_11.csv;1.78808e+18;Wed May 08 13:45:22 +0000 2024;1.0;@PartaiSocmed Wkwkwkwk masalah utama negeri ini terletak pada pemerintahan beserta pejabat2nya sepaket ma buzer2 laknat seperti anda dan keluarga anda;1.7882e+18;;PartaiSocmed;in;;0.0;0.0;0.0;https://x.com/undefined/status/1788203542177784272;1.71389e+18;;wkwkwkwk masalah utama negeri letak perintah serta jabat paket ma buzer laknat seperti anda keluarga anda;negatif;['wkwkwkwk', 'utama', 'negeri', 'letak', 'perintah', 'jabat', 'paket', 'ma', 'buzer', 'laknat', 'keluarga'];1
kurikulum-merdeka_11.csv;1.78808e+18;Wed May 08 05:43:11 +0000 2024;0.0;@PartaiSocmed Semoga @PBPGRI_OFFICIAL dan @Itjen_Kemdikbud @Kemdikbud_RI @nadiemmakarim @Nadiem_Makarim harus berbenah diri ...ini industri sudah 4.0;1.78808e+18;;PartaiSocmed;in;;0.0;1.0;0.0;https://x.com/undefined/status/1788082196609478836;7.10448e+17;;moga harus benah diri industri;netral;['moga', 'benah', 'industri'];2
kurikulum-merdeka_11.csv;1.78808e+18;Wed May 08 07:24:11 +0000 2024;0.0;@PartaiSocmed Rockefeller School System adalah perbudakan berkedok pendidikan. https://t.co/d3V7GbZDbf;1.78811e+18;https://pbs.twimg.com/media/GNCiBICboAAcQen.png;PartaiSocmed;in;;0.0;0.0;0.0;https://x.com/undefined/status/1788107616323022950;1.37941e+18;;rockefeller school system budak kedok didik;netral;['rockefeller', 'school', 'system', 'budak', 'kedok', 'didik'];1
kurikulum-merdeka_11.csv;1.78808e+18;Wed May 08 10:52:37 +0000 2024;0.0;@PartaiSocmed sebelum ngomong tenteng merdeka. lebih baik birokrasi di dunia pendidikan di benahi dulu min. kalau udah bagus guru guru pun siap dengan filosofi kurikulum merdeka kok mau belajar 24 jam juga hayuk;1.78816e+18;;PartaiSocmed;in;;0.0;0.0;0.0;https://x.com/undefined/status/1788160070150455639;1.31152e+18;;belum ngomong tenteng merdeka lebih baik birokrasi dunia didik benah dulu min kalau bagus guru guru siap filosofi kurikulum merdeka mau ajar jam hayuk;positif;['ngomong', 'tenteng', 'merdeka', 'birokrasi', 'dunia', 'didik', 'benah', 'min', 'bagus', 'guru', 'guru', 'filosofi', 'kurikulum', 'merdeka', 'ajar', 'jam', 'hayuk'];0
kurikulum-merdeka_11.csv;1.78808e+18;Wed May 08 14:06:29 +0000 2024;0.0;@PartaiSocmed setelah tes ombak negatifikasi dokter berhasil menghasilkan UU Kesehatan Omnibuslaw..kini bajeRp tes ombak negatifikasi guru demi omnibuslaw pendidikan jugakah??! @PNS_Ababil @ardisatriawan;1.78821e+18;;PartaiSocmed;in;;0.0;0.0;0.0;https://x.com/undefined/status/1788208856310722609;1.36957e+18;;telah tes ombak negatifikasi dokter hasil hasil uu sehat omnibuslaw kini bajerp tes ombak negatifikasi guru demi omnibuslaw didik juga;netral;['tes', 'ombak', 'negatifikasi', 'dokter', 'hasil', 'hasil', 'uu', 'sehat', 'omnibuslaw', 'bajerp', 'tes', 'ombak', 'negatifikasi', 'guru', 'omnibuslaw', 'didik'];1
kurikulum-merdeka_13.csv;1.74822e+18;Fri Jan 19 14:50:36 +0000 2024;286.0;@strngrindacity karna ya balik lagi yg diuntungkan disini cm swasta/pebisnis. mahasiswa diuntungkan itu cm ilusi karna ujung2nya yg merasa diuntungkan jg jd GAGAL KRITIS menilai kebijakan dan yg ga diuntungkan jd MAKIN hopeless fighting the system. ini dampak dari kebijakan neolib.;1.74836e+18;;strngrindacity;in;;4.0;0.0;34.0;https://x.com/undefined/status/1748357296034570385;1.03751e+18;;karna balik untung sini cm swasta bisnis mahasiswa untung cm ilusi karna ujung rasa untung jd gagal kritis nilai bijak untung jd makin hopeless fighting the system dampak bijak neolib;negatif;['karna', 'untung', 'cm', 'swasta', 'bisnis', 'mahasiswa', 'untung', 'cm', 'ilusi', 'karna', 'ujung', 'untung', 'jd', 'gagal', 'kritis', 'nilai', 'bijak', 'untung', 'jd', 'hopeless', 'fighting', 'the', 'system', 'dampak', 'bijak', 'neolib'];4
kurikulum-merdeka_13.csv;1.74822e+18;Fri Jan 19 07:42:56 +0000 2024;151.0;@strngrindacity mjb. rill banget. buat apply magang aja dimana termasuk buat cari pengalaman malah disuruh punya bekal pengalaman terlebih dahulu.;1.74825e+18;;strngrindacity;in;;0.0;1.0;11.0;https://x.com/undefined/status/1748249668184891526;1.14275e+18;;mjb rill sangat buat apply magang mana masuk buat cari alam malah suruh punya bekal alam lebih dahulu;netral;['mjb', 'rill', 'apply', 'magang', 'masuk', 'cari', 'alam', 'suruh', 'bekal', 'alam'];0
kurikulum-merdeka_13.csv;1.74822e+18;Fri Jan 19 17:06:00 +0000 2024;18.0;@strngrindacity Magang mandiri ngerusak pasar kerja;1.74839e+18;;strngrindacity;in;;0.0;0.0;0.0;https://x.com/undefined/status/1748391368635084857;1937089796.0;;magang mandiri ngerusak pasar kerja;netral;['magang', 'mandiri', 'ngerusak', 'pasar', 'kerja'];2
kurikulum-merdeka_13.csv;1.74822e+18;Fri Jan 19 18:00:53 +0000 2024;8.0;@strngrindacity Aku kira cuma aku yang pernah mikir gini. Ternyata ada juga ya. Setidaknya ada.;1.74841e+18;;strngrindacity;in;;0.0;0.0;0.0;https://x.com/undefined/status/1748405179765162440;252943515.0;;aku kira cuma aku pernah mikir gin nyata ada tidak ada;netral;['mikir', 'gin', 'nyata'];2
kurikulum-merdeka_13.csv;1.74822e+18;Fri Jan 19 23:24:24 +0000 2024;6.0;@strngrindacity Dan kuota magang merdeka itu terbatas gak semua mahasiswa tu punya privilege ikut magang merdeka ;1.74849e+18;;strngrindacity;in;;0.0;0.0;0.0;https://x.com/undefined/status/1748486597329518641;1.63846e+18;;kuota magang merdeka batas gak semua mahasiswa tu punya privilege ikut magang merdeka;netral;['kuota', 'magang', 'merdeka', 'batas', 'gak', 'mahasiswa', 'tu', 'privilege', 'magang', 'merdeka'];1
kurikulum-merdeka_13.csv;1.74822e+18;Sat Jan 20 01:46:42 +0000 2024;2.0;@strngrindacity Bener bro jadi anggepan orang2 lu gak magang = lu nganggur nolep Wkwk;1.74852e+18;;strngrindacity;in;;0.0;0.0;0.0;https://x.com/undefined/status/1748522407214588318;1.63092e+18;;bener bro anggepan orang kamu gak magang kamu nganggur nolep;netral;['bener', 'bro', 'anggepan', 'orang', 'gak', 'magang', 'nganggur', 'nolep'];3
kurikulum-merdeka_13.csv;1.74822e+18;Fri Jan 19 23:37:09 +0000 2024;1.0;@strngrindacity Nah ini ngaruhnya malah ke ekosistem requirement. Jadinya nyebar kemana-mana. Padahal idenya cukup oke sih? Tp mungkin blm waktunya diterapkan dgn SDM kita yang.... Begini.....;1.74849e+18;;strngrindacity;in;;0.0;0.0;0.0;https://x.com/undefined/status/1748489806483763563;1.08877e+18;;ngaruhnya malah ekosistem requirement jadi nyebar mana mana padahal ide cukup oke sih tapi mungkin waktu terap sdm kita begini;netral;['ngaruhnya', 'ekosistem', 'requirement', 'nyebar', 'ide', 'oke', 'sih', 'terap', 'sdm'];0
kurikulum-merdeka_13.csv;1.74822e+18;Fri Jan 19 14:14:34 +0000 2024;0.0;@strngrindacity gw mau RT ribuan kali;1.74835e+18;;strngrindacity;in;;0.0;0.0;0.0;https://x.com/undefined/status/1748348224761725302;9.75411e+17;;gw mau ribu kali;netral;['gw', 'ribu', 'kali'];4
kurikulum-merdeka_13.csv;1.74822e+18;Fri Jan 19 22:44:06 +0000 2024;0.0;@strngrindacity Seneng banget nyusahin;1.74848e+18;;strngrindacity;in;;0.0;0.0;0.0;https://x.com/undefined/status/1748476454105743762;1.44171e+18;;neng sangat nyusahin;netral;['neng', 'nyusahin'];3
kurikulum-merdeka_13.csv;1.74822e+18;Sat Jan 20 02:20:09 +0000 2024;0.0;@strngrindacity ini yg jadinya bikin rekrutmen itu s1 harus maksimal 24 pengalaman 2 tahun ;1.74853e+18;;strngrindacity;in;;0.0;0.0;0.0;https://x.com/undefined/status/1748530824356761891;8.87685e+17;;jadi bikin rekrutmen s harus maksimal alam tahun;netral;['bikin', 'rekrutmen', 's', 'maksimal', 'alam'];1
kurikulum-merdeka_13.csv;1.74822e+18;Sat Jan 20 05:22:51 +0000 2024;0.0;@strngrindacity apalagi kadang intern aja syaratnya min pengalaman 1 tahun terus belum lg birokrasi jurusan yg ribet masalah konversi;1.74858e+18;;strngrindacity;in;;0.0;0.0;0.0;https://x.com/undefined/status/1748576802421805118;2990853770.0;;apalagi kadang intern syarat min alam tahun terus lg birokrasi jurus ribet masalah konversi;negatif;['kadang', 'intern', 'syarat', 'min', 'alam', 'lg', 'birokrasi', 'jurus', 'ribet', 'konversi'];3
kurikulum-merdeka_14.csv;1.69929e+18;Wed Sep 06 06:39:39 +0000 2023;21.0;@__AnakKolong @Kemdikbud_RI Masa2 SMA gue belum ada yg mabok agama. Semua fun asyik dan toleransi tinggi.. Guru menghargai murid murid menghormati guru... https://t.co/FL5baIJS4r;1.69931e+18;https://pbs.twimg.com/media/F5UqsZgbIAA8oR9.jpg;__AnakKolong;in;;0.0;1.0;1.0;https://x.com/undefined/status/1699311379512234032;1.29466e+18;;masa sma saya ada mabok agama semua fun asyik toleransi tinggi guru harga murid murid hormat guru;netral;['sma', 'mabok', 'agama', 'fun', 'asyik', 'toleransi', 'guru', 'harga', 'murid', 'murid', 'hormat', 'guru'];3
kurikulum-merdeka_14.csv;1.69929e+18;Wed Sep 06 05:21:33 +0000 2023;13.0;@__AnakKolong @Kemdikbud_RI kalo ini anakku tak tuntut gurunya..;1.69929e+18;;__AnakKolong;in;;0.0;2.0;1.0;https://x.com/undefined/status/1699291724571644095;315040374.0;;kalo anak tak tuntut guru;netral;['kalo', 'anak', 'tuntut', 'guru'];4
kurikulum-merdeka_14.csv;1.69929e+18;Wed Sep 06 05:01:02 +0000 2023;7.0;@__AnakKolong @Kemdikbud_RI ngga gitu caranya pak Menteri..pecat itu gurunya..tidak bisakah rambut dimasukkan ke seragam baru pakai jilbab....gurunya keterlaluan..;1.69929e+18;;__AnakKolong;in;;0.0;0.0;0.0;https://x.com/undefined/status/1699286564390699152;318208739.0;;ngga begitu cara pak menteri pecat guru bisa rambut masuk seragam baru pakai jilbab guru terlalu;netral;['ngga', 'menteri', 'pecat', 'guru', 'rambut', 'masuk', 'seragam', 'pakai', 'jilbab', 'guru'];2
kurikulum-merdeka_14.csv;1.69929e+18;Wed Sep 06 05:03:27 +0000 2023;5.0;@__AnakKolong @Kemdikbud_RI Mendikbud sebagai pembina gagal membina guru?yang setress;1.69929e+18;;__AnakKolong;in;;0.0;0.0;0.0;https://x.com/undefined/status/1699287171071652025;1.68483e+18;;mendikbud bagai bina gagal bina guru setress;negatif;['mendikbud', 'bina', 'gagal', 'bina', 'guru', 'setress'];4
kurikulum-merdeka_14.csv;1.69929e+18;Wed Sep 06 09:19:34 +0000 2023;2.0;@__AnakKolong @Kemdikbud_RI hiyahiya https://t.co/fTjJAZudgk;1.69935e+18;https://pbs.twimg.com/ext_tw_video_thumb/1699351599666311168/pu/img/L07N_i9gHjxfZPmV.jpg;__AnakKolong;tl;;0.0;1.0;1.0;https://x.com/undefined/status/1699351625322942752;1.23122e+18;;hiyahiya;netral;['hiyahiya'];0
kurikulum-merdeka_14.csv;1.69929e+18;Wed Sep 06 05:04:25 +0000 2023;2.0;@__AnakKolong @Kemdikbud_RI Gara-gara kelihatan 1 helai rambut masuk neraka jahanam....ihhhh takuuuuuuttt.;1.69929e+18;;__AnakKolong;in;;0.0;1.0;0.0;https://x.com/undefined/status/1699287414748110916;1.27612e+18;;gara gara lihat helai rambut masuk neraka jahanam ih takut;netral;['gara', 'gara', 'lihat', 'helai', 'rambut', 'masuk', 'neraka', 'jahanam', 'ih', 'takut'];0
kurikulum-merdeka_14.csv;1.69929e+18;Wed Sep 06 05:09:46 +0000 2023;2.0;@__AnakKolong @Kemdikbud_RI Wah ini sdh terlaluu..iki...;1.69929e+18;;__AnakKolong;in;;0.0;0.0;0.0;https://x.com/undefined/status/1699288761031651539;1.56912e+18;;wah terlaluu iki;netral;['terlaluu', 'iki'];1
kurikulum-merdeka_14.csv;1.69929e+18;Wed Sep 06 05:55:15 +0000 2023;2.0;@__AnakKolong @Kemdikbud_RI Makin konyol aja kelakuan nya kyk ga ada kemajuan nya bisa di tebak yg bgtu biasanya punya paham yg salah ;1.6993e+18;;__AnakKolong;in;;0.0;0.0;0.0;https://x.com/undefined/status/1699300207362748461;1.42213e+18;;makin konyol laku kyk ada maju bisa tebak bgtu biasa punya paham salah;negatif;['konyol', 'laku', 'kyk', 'maju', 'tebak', 'bgtu', 'paham', 'salah'];3
kurikulum-merdeka_14.csv;1.69929e+18;Wed Sep 06 05:55:39 +0000 2023;2.0;@__AnakKolong @Kemdikbud_RI PECAT !;1.6993e+18;;__AnakKolong;en;;0.0;0.0;0.0;https://x.com/undefined/status/1699300307585659349;7.31376e+17;;pecat;netral;['pecat'];2
kurikulum-merdeka_14.csv;1.69929e+18;Wed Sep 06 08:36:19 +0000 2023;2.0;@__AnakKolong @Mangjohan10 @Kemdikbud_RI Kurikulum merdeka Dimana kemerdekaan siswa? Padahal di dekati di nasehati dari hati kehati malah mereka akan nurut. Bukankah nabi Muhammad berdakwah dengan kebaikan dan kesantunan dengan asah asih dan asuh;1.69934e+18;;__AnakKolong;in;;0.0;0.0;0.0;https://x.com/undefined/status/1699340742458794262;1.42359e+18;;kurikulum merdeka mana merdeka siswa padahal dekat nasehat hati hati malah mereka nurut bukankah nabi muhammad dakwah baik santun asah asih asuh;positif;['kurikulum', 'merdeka', 'merdeka', 'siswa', 'nasehat', 'hati', 'hati', 'nurut', 'nabi', 'muhammad', 'dakwah', 'santun', 'asah', 'asih', 'asuh'];4
kurikulum-merdeka_14.csv;1.69929e+18;Wed Sep 06 09:26:00 +0000 2023;2.0;@__AnakKolong @Kemdikbud_RI Gurune iri soale gak nduwe rambut...;1.69935e+18;;__AnakKolong;in;;0.0;0.0;0.0;https://x.com/undefined/status/1699353245033054355;2406635768.0;;gurune iri soale gak nduwe rambut;netral;['gurune', 'iri', 'soale', 'gak', 'nduwe', 'rambut'];0
kurikulum-merdeka_14.csv;1.69929e+18;Wed Sep 06 05:20:58 +0000 2023;1.0;@__AnakKolong @Kemdikbud_RI Ganas amat ;1.69929e+18;;__AnakKolong;in;;0.0;0.0;0.0;https://x.com/undefined/status/1699291577875919184;1.50702e+18;;ganas amat;netral;['ganas'];3
kurikulum-merdeka_14.csv;1.69929e+18;Wed Sep 06 05:21:03 +0000 2023;1.0;@__AnakKolong @OnayRiano @Kemdikbud_RI Guru mendidik yg tak terdidik;1.69929e+18;;__AnakKolong;in;;0.0;0.0;0.0;https://x.com/undefined/status/1699291600890044827;1.55627e+18;;guru didik tak didik;netral;['guru', 'didik', 'didik'];1
kurikulum-merdeka_14.csv;1.69929e+18;Wed Sep 06 05:26:04 +0000 2023;1.0;@__AnakKolong @Kemdikbud_RI Guru edan;1.69929e+18;;__AnakKolong;eu;;0.0;0.0;0.0;https://x.com/undefined/status/1699292862402466188;1.39682e+18;;guru edan;netral;['guru', 'edan'];3
kurikulum-merdeka_14.csv;1.69929e+18;Wed Sep 06 05:26:25 +0000 2023;1.0;@__AnakKolong @Kemdikbud_RI Cc @Kemdikbud_RI @nadiemmakarim piye iki mas mentri kok iso ngene??? ;1.69929e+18;;__AnakKolong;in;;0.0;0.0;0.0;https://x.com/undefined/status/1699292949417431407;1.25515e+18;;cc piye iki mas tri iso ngene;netral;['cc', 'piye', 'iki', 'mas', 'tri', 'iso', 'ngene'];3
kurikulum-merdeka_14.csv;1.69929e+18;Wed Sep 06 05:36:23 +0000 2023;1.0;@__AnakKolong @Kemdikbud_RI Guru bgnian modelnya. Sakit jiwa!!!!;1.6993e+18;;__AnakKolong;in;;0.0;0.0;0.0;https://x.com/undefined/status/1699295460547334506;1964748001.0;;guru bgnian model sakit jiwa;netral;['guru', 'bgnian', 'model', 'sakit', 'jiwa'];2
kurikulum-merdeka_14.csv;1.69929e+18;Wed Sep 06 05:38:30 +0000 2023;1.0;@__AnakKolong @Kemdikbud_RI Wahh... NYALON kok disekolah Apa iya Merdeka bro;1.6993e+18;;__AnakKolong;in;;0.0;0.0;0.0;https://x.com/undefined/status/1699295991676154252;1.08913e+18;;wahh nyalon seko merdeka bro;netral;['wahh', 'nyalon', 'seko', 'merdeka', 'bro'];4
kurikulum-merdeka_14.csv;1.69929e+18;Wed Sep 06 05:46:59 +0000 2023;1.0;@__AnakKolong @Kemdikbud_RI Pak @nadiemmakarim kok gak pernah kelihatan ya???;1.6993e+18;;__AnakKolong;in;;0.0;0.0;0.0;https://x.com/undefined/status/1699298125247340788;2923501148.0;;pak gak pernah lihat;netral;['gak', 'lihat'];0
kurikulum-merdeka_14.csv;1.69929e+18;Wed Sep 06 05:59:26 +0000 2023;1.0;@__AnakKolong @ada_ndie @Kemdikbud_RI Wkwk mantap tegas guru ini pantas jadi menteri di @Kemdikbud_RI klu @aniesbaswedan terpilih jangan dipecat pak menteri;1.6993e+18;;__AnakKolong;in;;0.0;0.0;0.0;https://x.com/undefined/status/1699301260049231984;1.18649e+18;;mantap tegas guru pantas menteri kalau pilih jangan pecat pak menteri;positif;['mantap', 'guru', 'menteri', 'pilih', 'pecat', 'menteri'];1
kurikulum-merdeka_14.csv;1.69929e+18;Wed Sep 06 06:19:15 +0000 2023;1.0;@__AnakKolong @Kemdikbud_RI Fokus dgn logo . https://t.co/MMbdBgQfw1;1.69931e+18;https://pbs.twimg.com/media/F5UmBVEaEAAYbGl.jpg;__AnakKolong;in;;0.0;0.0;0.0;https://x.com/undefined/status/1699306245231083915;1.1765e+18;;fokus logo;netral;['fokus', 'logo'];4
kurikulum-merdeka_14.csv;1.69929e+18;Wed Sep 06 06:36:02 +0000 2023;1.0;@__AnakKolong @Kemdikbud_RI Guru yg begini nih yg menghambat kreativitas muridnya.... Kenapa harus dipotong paksa sih..?? ;1.69931e+18;;__AnakKolong;in;;0.0;0.0;0.0;https://x.com/undefined/status/1699310471596454160;1.27435e+18;;guru begini nih hambat kreativitas murid kenapa harus potong paksa sih;netral;['guru', 'nih', 'hambat', 'kreativitas', 'murid', 'potong', 'paksa', 'sih'];3
kurikulum-merdeka_14.csv;1.69929e+18;Wed Sep 06 06:50:38 +0000 2023;1.0;@__AnakKolong @Kemdikbud_RI Benar?kurikulum mardeka . ;1.69931e+18;;__AnakKolong;in;;0.0;0.0;0.0;https://x.com/undefined/status/1699314143558611249;1.16439e+18;;benar kurikulum mardeka;netral;['kurikulum', 'mardeka'];0
kurikulum-merdeka_14.csv;1.69929e+18;Wed Sep 06 07:40:57 +0000 2023;1.0;@__AnakKolong @Kemdikbud_RI Gemeezz lihat gurunya https://t.co/J58cFtyeXG;1.69933e+18;https://pbs.twimg.com/tweet_video_thumb/F5U4uAuaMAA5UVh.jpg;__AnakKolong;in;;0.0;0.0;0.0;https://x.com/undefined/status/1699326808867713224;1.6036e+18;;gemeezz lihat guru;netral;['gemeezz', 'lihat', 'guru'];4
kurikulum-merdeka_14.csv;1.69929e+18;Wed Sep 06 07:52:56 +0000 2023;1.0;@__AnakKolong @Kemdikbud_RI Uraaaa...;1.69933e+18;;__AnakKolong;und;;0.0;0.0;0.0;https://x.com/undefined/status/1699329821795578313;2917116386.0;;ura;netral;['ura'];0
kurikulum-merdeka_14.csv;1.69929e+18;Wed Sep 06 08:11:56 +0000 2023;1.0;"@__AnakKolong @Kemdikbud_RI Ibu Guru yg kurang kerjaan. Anak sdh berhijab sj kelihatan rambut sdikit main gunting bgmn dg yg tdk berhijab? Jgn heran deh jk byk akhlak&amp;prilaku para Muslimah yg buruk/negatif krn hijab digunakan jg krn paksaan/terpaksa";1.69933e+18;;__AnakKolong;in;;0.0;0.0;0.0;https://x.com/undefined/status/1699334603709042806;1.68866e+18;;ibu guru kurang kerja anak hijab sj lihat rambut sdikit main gunting bgmn hijab jgn heran jk byk akhlak amp prilaku para muslimah buruk negatif krn hijab guna krn paksa paksa;negatif;['guru', 'kerja', 'anak', 'hijab', 'sj', 'lihat', 'rambut', 'sdikit', 'main', 'gunting', 'bgmn', 'hijab', 'jgn', 'heran', 'jk', 'byk', 'akhlak', 'amp', 'prilaku', 'muslimah', 'buruk', 'negatif', 'krn', 'hijab', 'krn', 'paksa', 'paksa'];3
kurikulum-merdeka_14.csv;1.69929e+18;Wed Sep 06 09:26:40 +0000 2023;1.0;@__AnakKolong @Kemdikbud_RI . . Soalnya guru?dah belajar dari kekurangan?yg kemaren?kalah di pengadilan..... . Dan sekarang mrk bawa materai karena itu bisa menjadi juru damai dlm pertikaian.... ;1.69935e+18;;__AnakKolong;in;;0.0;0.0;0.0;https://x.com/undefined/status/1699353413690224993;1.32599e+18;;soal guru ajar kurang kemaren kalah adil sekarang mrk bawa materai bisa jadi juru damai dlm tikai;negatif;['guru', 'ajar', 'kemaren', 'kalah', 'adil', 'mrk', 'bawa', 'materai', 'juru', 'damai', 'dlm', 'tikai'];1
kurikulum-merdeka_14.csv;1.69929e+18;Wed Sep 06 09:45:41 +0000 2023;1.0;"@__AnakKolong @Kemdikbud_RI Kemdikbud sepertinya sudah tak berdaya menghadapi hal2 yg nyata terjadi di lapangan malah sibuk dng teknologi. Guru2 seperti ini tidak pernah ditindak tegas shg berkembang terus dimana-mana. Satu kata PECAT &amp; pidanakan krn merusak moral anak bangsa";1.69936e+18;;__AnakKolong;in;;0.0;0.0;0.0;https://x.com/undefined/status/1699358197591793756;1.46642e+18;;kemdikbud seperti tak daya hadap hal nyata jadi lapang malah sibuk dng teknologi guru seperti pernah tindak tegas shg kembang terus mana mana satu kata pecat amp pidana krn rusak moral anak bangsa;netral;['kemdikbud', 'daya', 'hadap', 'nyata', 'lapang', 'sibuk', 'dng', 'teknologi', 'guru', 'tindak', 'shg', 'kembang', 'pecat', 'amp', 'pidana', 'krn', 'rusak', 'moral', 'anak', 'bangsa'];4
kurikulum-merdeka_14.csv;1.69929e+18;Wed Sep 06 05:29:06 +0000 2023;0.0;@__AnakKolong @Kemdikbud_RI https://t.co/GuPkXBIyS6;1.69929e+18;;__AnakKolong;qme;;0.0;0.0;0.0;https://x.com/undefined/status/1699293625736409398;1.42421e+18;;;netral;['nan'];0
kurikulum-merdeka_14.csv;1.69929e+18;Wed Sep 06 09:58:40 +0000 2023;0.0;@__AnakKolong @Kemdikbud_RI Merdeka bagi pendidik membiarkan Indonesia dibawa punya kakak besar juga ya ;1.69936e+18;;__AnakKolong;in;;0.0;0.0;0.0;https://x.com/undefined/status/1699361466418442379;1.62797e+18;;merdeka bagi didik biar indonesia bawa punya kakak besar;netral;['merdeka', 'didik', 'biar', 'indonesia', 'bawa', 'kakak'];0
kurikulum-merdeka_14.csv;1.69929e+18;Wed Sep 06 10:00:56 +0000 2023;0.0;@__AnakKolong @Kemdikbud_RI Budaya pendidikan brengsek...!!!;1.69936e+18;;__AnakKolong;in;;0.0;0.0;0.0;https://x.com/undefined/status/1699362036692766924;1.60909e+18;;budaya didik brengsek;netral;['budaya', 'didik', 'brengsek'];1
kurikulum-merdeka_15.csv;1.8329e+18;Mon Sep 09 00:32:25 +0000 2024;1.0;@tvOneNews Ya orang gak ngerti Pendididikan tambah lagi bosnya cuma jadi pengusaha negara ya hancurlah;1.83294e+18;;tvOneNews;in;;0.0;0.0;0.0;https://x.com/undefined/status/1832940086947963018;1.66223e+18;;orang gak ngerti didik tambah bos cuma usaha negara hancur;netral;['orang', 'gak', 'ngerti', 'didik', 'bos', 'usaha', 'negara', 'hancur'];3
kurikulum-merdeka_15.csv;1.8329e+18;Sun Sep 08 22:33:36 +0000 2024;0.0;@tvOneNews just hyper experiment the hell out of everything you do selama menjabat mentri pendidikan cuma jadi bahan experiment doang gak bisa kerja ni orang aslinya asal tiru negara maju gk mikir resource dan mafioso yg bahkan sekelas mentri aja gk berkutik;1.83291e+18;;tvOneNews;in;;0.0;0.0;0.0;https://x.com/undefined/status/1832910184106369266;8.41502e+17;;just hyper experiment the hell out of everything you do lama jabat tri didik cuma bahan experiment doang gak bisa kerja ni orang asli asal tiru negara maju mikir resource mafioso bahkan kelas tri kutik;netral;['just', 'hyper', 'experiment', 'the', 'hell', 'out', 'of', 'everything', 'you', 'do', 'jabat', 'tri', 'didik', 'bahan', 'experiment', 'doang', 'gak', 'kerja', 'ni', 'orang', 'asli', 'tiru', 'negara', 'maju', 'mikir', 'resource', 'mafioso', 'kelas', 'tri', 'kutik'];3
kurikulum-merdeka_15.csv;1.8329e+18;Sun Sep 08 22:45:04 +0000 2024;0.0;@tvOneNews Ada juga pernah ketemu anak SMK mesin jadi seles panci..;1.83291e+18;;tvOneNews;in;;0.0;0.0;0.0;https://x.com/undefined/status/1832913071033172391;74649984.0;;ada pernah ketemu anak smk mesin les panci;netral;['ketemu', 'anak', 'smk', 'mesin', 'les', 'panci'];3
kurikulum-merdeka_15.csv;1.8329e+18;Sun Sep 08 22:56:58 +0000 2024;0.0;@tvOneNews Salah satu menteri yg minim prestasi sbg menteri;1.83292e+18;;tvOneNews;in;;0.0;0.0;0.0;https://x.com/undefined/status/1832916065363665164;232558172.0;;salah satu menteri minim prestasi bagai menteri;negatif;['salah', 'menteri', 'minim', 'prestasi', 'menteri'];1
kurikulum-merdeka_15.csv;1.8329e+18;Mon Sep 09 01:06:39 +0000 2024;0.0;@tvOneNews Terimakasih JK sudah menyuarakan aspirasi rakyat Indonesia kebanyakan;1.83295e+18;;tvOneNews;in;;0.0;0.0;0.0;https://x.com/undefined/status/1832948701763092537;1.74522e+18;;terimakasih jk suara aspirasi rakyat indonesia banyak;netral;['terimakasih', 'jk', 'suara', 'aspirasi', 'rakyat', 'indonesia'];1
kurikulum-merdeka_15.csv;1.8329e+18;Mon Sep 09 01:07:53 +0000 2024;0.0;@tvOneNews Nadiem sebagai Menteri bekerja sesuai dengan keahliannya membuat aplikasi pembelajaran dan administrasinya sebagaimana dia telah berhasil membuat aplikasi gojek yg memberikan kemudahan bagi para pelanggannya. Pendidikan Nasional=Gojek.;1.83295e+18;;tvOneNews;in;;0.0;0.0;0.0;https://x.com/undefined/status/1832949012309446956;1.11961e+18;;nadiem bagai menteri kerja sesuai ahli buat aplikasi ajar administrasi bagaimana dia telah hasil buat aplikasi gojek beri mudah bagi para langgan didik nasional gojek;positif;['nadiem', 'menteri', 'kerja', 'sesuai', 'ahli', 'aplikasi', 'ajar', 'administrasi', 'hasil', 'aplikasi', 'gojek', 'mudah', 'langgan', 'didik', 'nasional', 'gojek'];4
kurikulum-merdeka_15.csv;1.8329e+18;Mon Sep 09 01:52:03 +0000 2024;0.0;"@tvOneNews Pengangguran butuh bea milyaran &amp; lama waktu 12 Tahun";1.83296e+18;;tvOneNews;in;;0.0;0.0;0.0;https://x.com/undefined/status/1832960124849471974;1201488523.0;;anggur butuh bea milyaran amp lama waktu tahun;netral;['anggur', 'butuh', 'bea', 'milyaran', 'amp'];2
kurikulum-merdeka_15.csv;1.8329e+18;Mon Sep 09 02:18:20 +0000 2024;0.0;@tvOneNews Jgn jadi menteri lagi;1.83297e+18;;tvOneNews;in;;0.0;0.0;0.0;https://x.com/undefined/status/1832966742542582081;8.84709e+17;;jgn menteri;netral;['jgn', 'menteri'];1
kurikulum-merdeka_15.csv;1.8329e+18;Mon Sep 09 09:16:19 +0000 2024;0.0;@tvOneNews Kalau tidak ada keahlian dalam mengelola suatu urusan maka tunggulah kehancuran nya (hadist nabi) untuk memperbaiki butuh waktu rugi nya bangsa ini negeri sebelah maju 10th kita mundur 10 tahun tamat sekolah hanya nambh pengangguran miris nasib anak negeri ini;1.83307e+18;;tvOneNews;in;;0.0;0.0;0.0;https://x.com/undefined/status/1833071930628583702;1.33511e+18;;kalau ada ahli dalam kelola suatu urus maka tunggu hancur hadist nabi baik butuh waktu rugi bangsa negeri belah maju th kita mundur tahun tamat sekolah hanya nambh anggur miris nasib anak negeri;positif;['ahli', 'kelola', 'urus', 'tunggu', 'hancur', 'hadist', 'nabi', 'butuh', 'rugi', 'bangsa', 'negeri', 'belah', 'maju', 'th', 'mundur', 'tamat', 'sekolah', 'nambh', 'anggur', 'miris', 'nasib', 'anak', 'negeri'];2
kurikulum-merdeka_15.csv;1.8329e+18;Mon Sep 09 10:16:37 +0000 2024;0.0;@tvOneNews Yg S1 aja banyak yg ojol pak @Pak_JK;1.83309e+18;;tvOneNews;in;;0.0;0.0;0.0;https://x.com/undefined/status/1833087104538358072;1.50621e+18;;s banyak ojol pak;netral;['s', 'ojol'];0
kurikulum-merdeka_16.csv;1.83295e+18;Mon Sep 09 02:37:24 +0000 2024;3.0;@geloraco Tapi Jan ngusulin Anies Mendikbud pak! Bisa bisa dia di reshuffle dijalan. Terus namanya pake Bulian pembenci Anies;1.83297e+18;;geloraco;in;;0.0;0.0;0.0;https://x.com/undefined/status/1832971540587295073;1.12891e+18;;tapi jan ngusulin anies mendikbud pak bisa bisa dia reshuffle jalan terus nama pake bulian benci anies;negatif;['jan', 'ngusulin', 'anies', 'mendikbud', 'reshuffle', 'jalan', 'nama', 'pake', 'bulian', 'benci', 'anies'];0
kurikulum-merdeka_16.csv;1.83295e+18;Mon Sep 09 01:27:12 +0000 2024;2.0;@geloraco Merdeka itu artinya bebas Pak JK... Jd kurikulum merdeka itu bebas mau belajar mau nggak Bgtu kan Dim?...;1.83295e+18;;geloraco;in;;0.0;0.0;0.0;https://x.com/undefined/status/1832953871830044814;1.51787e+18;;merdeka arti bebas pak jk jd kurikulum merdeka bebas mau ajar mau nggak bgtu dim;netral;['merdeka', 'arti', 'bebas', 'jk', 'jd', 'kurikulum', 'merdeka', 'bebas', 'ajar', 'nggak', 'bgtu', 'dim'];3
kurikulum-merdeka_16.csv;1.83295e+18;Mon Sep 09 02:52:50 +0000 2024;2.0;@geloraco Intinya semua mentri bikinan JOKOWI gak ada yang bagus terlebih NADIEM. Hanya bu Sri mendingan bisa ngutang banyak. Kekayaan Negara di KORUPSI untuk menutup RAPBN Busri ngutang.;1.83298e+18;;geloraco;in;;0.0;0.0;0.0;https://x.com/undefined/status/1832975423271206939;9.66444e+17;;inti semua tri bikin jokowi gak ada bagus lebih nadiem hanya bu sri mending bisa ngutang banyak kaya negara korupsi tutup rapbn busri ngutang;positif;['inti', 'tri', 'bikin', 'jokowi', 'gak', 'bagus', 'nadiem', 'bu', 'sri', 'mending', 'ngutang', 'kaya', 'negara', 'korupsi', 'tutup', 'rapbn', 'busri', 'ngutang'];3
kurikulum-merdeka_16.csv;1.83295e+18;Mon Sep 09 03:08:13 +0000 2024;2.0;@geloraco Iya merdeka dari belajar.skrg anak2 merdeka dari mikirin nilai yg bakal didapet.mereka yakin semales2nya mereka belajar nilainya ttp bagus.;1.83298e+18;;geloraco;in;;0.0;0.0;0.0;https://x.com/undefined/status/1832979292214751719;1.32163e+18;;merdeka ajar skrg anak merdeka mikirin nilai bakal didapet mereka yakin semales mereka ajar nilai ttp bagus;positif;['merdeka', 'ajar', 'skrg', 'anak', 'merdeka', 'mikirin', 'nilai', 'didapet', 'semales', 'ajar', 'nilai', 'ttp', 'bagus'];4
kurikulum-merdeka_16.csv;1.83295e+18;Mon Sep 09 04:29:21 +0000 2024;1.0;@geloraco Terima kasih pak JK mewakili rakyat Indonesia yang jd korban ketidakadilan;1.833e+18;;geloraco;in;;0.0;0.0;0.0;https://x.com/undefined/status/1832999713353891932;1.53859e+18;;terima kasih pak jk wakil rakyat indonesia jd korban ketidakadilan;netral;['terima', 'kasih', 'jk', 'wakil', 'rakyat', 'indonesia', 'jd', 'korban', 'ketidakadilan'];3
kurikulum-merdeka_16.csv;1.83295e+18;Mon Sep 09 07:06:53 +0000 2024;1.0;@geloraco Lah...nadiem itu 2 periode kan? Periode pertama anda wapresnya pak JK. Kemana anda selama itu dan tidak meminta presiden memberhentikan nadiem?;1.83304e+18;;geloraco;in;;0.0;1.0;0.0;https://x.com/undefined/status/1833039357462323437;1.72603e+18;;nadiem periode periode pertama anda wapresnya pak jk mana anda lama minta presiden henti nadiem;netral;['nadiem', 'periode', 'periode', 'wapresnya', 'jk', 'presiden', 'henti', 'nadiem'];1
kurikulum-merdeka_16.csv;1.83295e+18;Mon Sep 09 16:12:16 +0000 2024;1.0;@geloraco Itu kurikulum bikin kacau anak?sekolah. Pdhl dgn menggunakan buku?model ini banyak pejabat?yg sukses sekarang https://t.co/rr1rMExX4u;1.83318e+18;https://pbs.twimg.com/media/GXDAaBfaQAABkG2.jpg;geloraco;in;;0.0;0.0;0.0;https://x.com/undefined/status/1833176604803236018;1.63164e+18;;kurikulum bikin kacau anak sekolah pdhl guna buku model banyak jabat sukses sekarang;netral;['kurikulum', 'bikin', 'kacau', 'anak', 'sekolah', 'pdhl', 'buku', 'model', 'jabat', 'sukses'];1
kurikulum-merdeka_16.csv;1.83295e+18;Mon Sep 09 01:34:04 +0000 2024;0.0;@geloraco Njirrr;1.83296e+18;;geloraco;in;;0.0;0.0;0.0;https://x.com/undefined/status/1832955599774233019;1.75777e+18;;njir;netral;['njir'];3
kurikulum-merdeka_16.csv;1.83295e+18;Mon Sep 09 03:33:29 +0000 2024;0.0;@geloraco LGBT ??? ;1.83299e+18;;geloraco;in;;0.0;0.0;0.0;https://x.com/undefined/status/1832985654302835153;1.73622e+18;;lgbt;netral;['lgbt'];3
kurikulum-merdeka_16.csv;1.83295e+18;Mon Sep 09 03:42:28 +0000 2024;0.0;@geloraco Pemprov gandeng Universitas Pertahanan biar Rumah Apung Jakut bersih https://t.co/TdOTzvqYKv;1.83299e+18;;geloraco;in;;0.0;0.0;0.0;https://x.com/undefined/status/1832987914181235112;2258023286.0;;pemprov gandeng universitas tahan biar rumah apung jakut bersih;netral;['pemprov', 'gandeng', 'universitas', 'tahan', 'biar', 'rumah', 'apung', 'jakut', 'bersih'];0
kurikulum-merdeka_16.csv;1.83295e+18;Mon Sep 09 05:10:11 +0000 2024;0.0;@geloraco Nadiem.mentri salah pilih. Biasa ngurus. Gojek malah ngurus pendidikan. Yg bego yg mengangkstnya;1.83301e+18;;geloraco;in;;0.0;1.0;0.0;https://x.com/undefined/status/1833009986953216310;1.79306e+18;;nadiem tri salah pilih biasa ngurus gojek malah ngurus didik bego mengangkstnya;negatif;['nadiem', 'tri', 'salah', 'pilih', 'ngurus', 'gojek', 'ngurus', 'didik', 'bego', 'mengangkstnya'];0
kurikulum-merdeka_16.csv;1.83295e+18;Mon Sep 09 05:11:00 +0000 2024;0.0;@geloraco https://t.co/DZYJuhFgxk;1.83301e+18;https://pbs.twimg.com/media/GXApDS6asAATGQQ.jpg;geloraco;qme;;0.0;0.0;0.0;https://x.com/undefined/status/1833010192453357718;1.81754e+18;;;netral;['nan'];0
kurikulum-merdeka_16.csv;1.83295e+18;Mon Sep 09 10:49:57 +0000 2024;0.0;@geloraco Hati2 pak JK dia udah diberkati paus loh .........lihat kemaren kan........;1.8331e+18;;geloraco;in;;0.0;0.0;0.0;https://x.com/undefined/status/1833095494555541761;1.58555e+18;;hati pak jk dia kati paus loh lihat kemaren;netral;['hati', 'jk', 'kati', 'paus', 'loh', 'lihat', 'kemaren'];1
kurikulum-merdeka_16.csv;1.83295e+18;Mon Sep 09 11:42:08 +0000 2024;0.0;@geloraco Maksud JK pelajaran agama di hilangkan dari kurikulum sekolah.;1.83311e+18;;geloraco;in;;0.0;0.0;0.0;https://x.com/undefined/status/1833108626418040975;2858263997.0;;maksud jk ajar agama hilang kurikulum sekolah;netral;['maksud', 'jk', 'ajar', 'agama', 'hilang', 'kurikulum', 'sekolah'];1
kurikulum-merdeka_16.csv;1.83295e+18;Mon Sep 09 14:18:47 +0000 2024;0.0;@geloraco Pak JK luar biasa hati nurani dan akal sehatnya terus menyala menyuarakan tentang kondisi bangsa yang sedang tidak baik baik saja.;1.83315e+18;;geloraco;in;;0.0;0.0;0.0;https://x.com/undefined/status/1833148047657996486;1.74794e+18;;pak jk luar biasa hati nurani akal sehat terus nyala suara tentang kondisi bangsa sedang baik baik;positif;['jk', 'hati', 'nurani', 'akal', 'sehat', 'nyala', 'suara', 'kondisi', 'bangsa'];2
kurikulum-merdeka_16.csv;1.83295e+18;Mon Sep 09 15:02:59 +0000 2024;0.0;@geloraco Wajarlah.... Wong menterinya bisnisman pendidikanpun dijadikan model bisnis.;1.83316e+18;;geloraco;in;;0.0;0.0;0.0;https://x.com/undefined/status/1833159173166739623;1.60377e+18;;wajar wong menteri bisnisman didik jadi model bisnis;netral;['wajar', 'menteri', 'bisnisman', 'didik', 'model', 'bisnis'];1
kurikulum-merdeka_16.csv;1.83295e+18;Mon Sep 09 17:57:10 +0000 2024;0.0;@geloraco @nadiemmakarim : Lagi narik ojol ya pak? Koq gak ada suaranya ke pers? @DPR_RI @Kemdikbud_RI @Pak_JK;1.8332e+18;;geloraco;in;;0.0;0.0;0.0;https://x.com/undefined/status/1833203003907777016;244416359.0;;narik ojol pak koq gak ada suara pers;netral;['narik', 'ojol', 'koq', 'gak', 'suara', 'pers'];0
kurikulum-merdeka_16.csv;1.83295e+18;Mon Sep 09 18:06:44 +0000 2024;0.0;@geloraco Terutama UKT mahal sekali;1.83321e+18;;geloraco;in;;0.0;0.0;0.0;https://x.com/undefined/status/1833205414927995205;4779772152.0;;utama ukt mahal sekali;netral;['utama', 'ukt', 'mahal'];1
kurikulum-merdeka_16.csv;1.83295e+18;Tue Sep 10 00:24:37 +0000 2024;0.0;@geloraco Maaf Pak JK mantan tukang ojek. Saya yakin waktu diangkat jd mentri pun mungkin....;1.8333e+18;;geloraco;in;;0.0;0.0;0.0;https://x.com/undefined/status/1833300511447232737;1.809e+18;;maaf pak jk mantan tukang ojek saya yakin waktu angkat jd tri mungkin;netral;['maaf', 'jk', 'mantan', 'tukang', 'ojek', 'angkat', 'jd', 'tri'];3
kurikulum-merdeka_16.csv;1.83295e+18;Tue Sep 10 00:24:48 +0000 2024;0.0;@geloraco Itulah agenda rezim Mulyono atau Jokowi membuat masyarakat bodoh dan terbelakang. Mereka telah membuat kurikulum merdeka yaitu merdeka utk jadi bodoh merdeka tidak belajar merdeka dari bimbingan guru dan merdeka segalanya. Itulah misi komunis atau PKI gaya baru.;1.8333e+18;;geloraco;in;;0.0;0.0;0.0;https://x.com/undefined/status/1833300556234035327;2331235970.0;;itu agenda rezim mulyono jokowi buat masyarakat bodoh belakang mereka telah buat kurikulum merdeka yaitu merdeka utk bodoh merdeka ajar merdeka bimbing guru merdeka segala itu misi komunis pki gaya baru;netral;['agenda', 'rezim', 'mulyono', 'jokowi', 'masyarakat', 'bodoh', 'kurikulum', 'merdeka', 'merdeka', 'utk', 'bodoh', 'merdeka', 'ajar', 'merdeka', 'bimbing', 'guru', 'merdeka', 'misi', 'komunis', 'pki', 'gaya'];4
kurikulum-merdeka_16.csv;1.83295e+18;Tue Sep 10 00:52:15 +0000 2024;0.0;@geloraco Iq negri ini kan emang paling jongkok di asen.tentunya ada peran mendikbud nya tuh.;1.83331e+18;;geloraco;in;;0.0;0.0;0.0;https://x.com/undefined/status/1833307463095025933;1.6628e+18;;iq negri emang paling jongkok asen tentu ada peran mendikbud tuh;netral;['iq', 'negri', 'emang', 'jongkok', 'asen', 'peran', 'mendikbud', 'tuh'];4
kurikulum-merdeka_16.csv;1.83295e+18;Tue Sep 10 01:05:53 +0000 2024;0.0;@geloraco PENDIDIKAN SAAT INI MENGGUNAKAN KURIKULUM GOJEK;1.83331e+18;;geloraco;in;;0.0;0.0;0.0;https://x.com/undefined/status/1833310894484558063;1.78291e+18;;didik saat guna kurikulum gojek;netral;['didik', 'kurikulum', 'gojek'];0
kurikulum-merdeka_16.csv;1.83295e+18;Tue Sep 10 02:15:27 +0000 2024;0.0;@geloraco Konspirasi global blok cina dan amerika melalui kaki tangannya para elit politik dan pejabat negara. Agar rakyat indonesia ini jangan sampai berpendidikan tinggi lbh dari 5%. Jadi mulai dari level paling bawah hingga perguruan tinggi harus dilemahkan.;1.83333e+18;;geloraco;in;;0.0;0.0;0.0;https://x.com/undefined/status/1833328404390879537;1.70717e+18;;konspirasi global blok cina amerika lalu kaki tangan para elit politik jabat negara agar rakyat indonesia jangan sampai didik tinggi lbh mulai level paling bawah hingga guru tinggi harus lemah;negatif;['konspirasi', 'global', 'blok', 'cina', 'amerika', 'kaki', 'tangan', 'elit', 'politik', 'jabat', 'negara', 'rakyat', 'indonesia', 'didik', 'lbh', 'level', 'guru', 'lemah'];1
kurikulum-merdeka_16.csv;1.83295e+18;Tue Sep 10 04:34:50 +0000 2024;0.0;@geloraco Kurikulumnya anya utk merusak akhlak d membodohi anak2 bgsa mulyono demen org2 sperti ini;1.83336e+18;;geloraco;in;;0.0;0.0;0.0;https://x.com/undefined/status/1833363480545792238;1.75215e+18;;kurikulum anya utk rusak akhlak d bodoh anak bgsa mulyono demen org sperti;netral;['kurikulum', 'anya', 'utk', 'rusak', 'akhlak', 'd', 'bodoh', 'anak', 'bgsa', 'mulyono', 'demen', 'org', 'sperti'];1
kurikulum-merdeka_16.csv;1.83295e+18;Mon Sep 09 03:30:37 +0000 2024;0.0;@geloraco DPRD sementara bilang Heru gercep beresin masalah warga https://t.co/xxLfgCrWSs;1.83298e+18;;geloraco;in;;0.0;0.0;0.0;https://x.com/undefined/status/1832984932035055957;2258028973.0;;dprd sementara bilang heru gercep resin masalah warga;negatif;['dprd', 'bilang', 'heru', 'gercep', 'resin', 'warga'];0
kurikulum-merdeka_16.csv;1.83295e+18;Mon Sep 09 04:22:16 +0000 2024;0.0;@geloraco Demokrat anggap Heru Budi pemimpin mentereng masa jabatan mesti diperpanjang https://t.co/g60HEmPPrT;1.833e+18;;geloraco;in;;0.0;0.0;0.0;https://x.com/undefined/status/1832997929310879995;1.75199e+18;;demokrat anggap heru budi pimpin mentereng masa jabat mesti panjang;netral;['demokrat', 'anggap', 'heru', 'budi', 'pimpin', 'mentereng', 'jabat', 'mesti'];4
kurikulum-merdeka_16.csv;1.83295e+18;Mon Sep 09 04:42:49 +0000 2024;0.0;@geloraco Heru dapet pujian dari pimpinan sementara DPRD soal urus warga https://t.co/YqzF4Ymhb9;1.833e+18;;geloraco;in;;0.0;0.0;0.0;https://x.com/undefined/status/1833003102833955160;1.75199e+18;;heru dapet puji pimpin sementara dprd soal urus warga;netral;['heru', 'dapet', 'puji', 'pimpin', 'dprd', 'urus', 'warga'];4
kurikulum-merdeka_16.csv;1.83295e+18;Mon Sep 09 05:25:10 +0000 2024;0.0;@geloraco Heru dinilai hebat oleh DPRD DKI dalam tangani masalah warga https://t.co/9d4SbMv2l0;1.83301e+18;;geloraco;in;;0.0;0.0;0.0;https://x.com/undefined/status/1833013760245866879;1.75199e+18;;heru nilai hebat oleh dprd dki dalam tangan masalah warga;netral;['heru', 'nilai', 'hebat', 'dprd', 'dki', 'tangan', 'warga'];4
kurikulum-merdeka_16.csv;1.83295e+18;Mon Sep 09 07:41:30 +0000 2024;0.0;@geloraco Yup betul. 5 tahun benar2 waktu yg sia2 di dunia pendidikan;1.83305e+18;;geloraco;in;;0.0;0.0;0.0;https://x.com/undefined/status/1833048067521810730;1.48798e+18;;yup betul tahun benar waktu sia dunia didik;netral;['yup', 'sia', 'dunia', 'didik'];1
kurikulum-merdeka_16.csv;1.83295e+18;Mon Sep 09 13:01:39 +0000 2024;0.0;@geloraco BOHIR MULAI NONGOL https://t.co/dlZDLGGdMy;1.83313e+18;https://pbs.twimg.com/media/GXCUx8saUAAuy_n.jpg;geloraco;in;;0.0;0.0;0.0;https://x.com/undefined/status/1833128636792410229;1.43091e+18;;bohir mulai nongol;netral;['bohir', 'nongol'];1
kurikulum-merdeka_16.csv;1.83295e+18;Mon Sep 09 18:13:42 +0000 2024;0.0;@geloraco @nadiemmakarim bisa klimpungan di semprot pak Yusuf Kalla;1.83321e+18;;geloraco;in;;0.0;0.0;0.0;https://x.com/undefined/status/1833207168465834176;1.78013e+18;;bisa klimpungan semprot pak yusuf kalla;netral;['klimpungan', 'semprot', 'yusuf', 'kalla'];0
kurikulum-merdeka_16.csv;1.83295e+18;Mon Sep 09 21:05:10 +0000 2024;0.0;@geloraco Kok baru skrng pak kemana aja 5tHun;1.83325e+18;;geloraco;in;;0.0;0.0;0.0;https://x.com/undefined/status/1833250315849871367;85517554.0;;baru skrng pak mana thun;netral;['skrng', 'thun'];1
kurikulum-merdeka_16.csv;1.83295e+18;Tue Sep 10 08:27:53 +0000 2024;0.0;@geloraco Heru Budi Hatono uji coba makan bergizi gratis di SD-SMP Jakarta anak-anak pada suka dan habis sebulan https://t.co/suTmkPMLtr;1.83342e+18;;geloraco;in;;0.0;0.0;0.0;https://x.com/undefined/status/1833422129519595814;1.75199e+18;;heru budi hatono uji coba makan gizi gratis sd smp jakarta anak anak suka habis bulan;netral;['heru', 'budi', 'hatono', 'uji', 'coba', 'makan', 'gizi', 'gratis', 'sd', 'smp', 'jakarta', 'anak', 'anak', 'suka', 'habis'];3
kurikulum-merdeka_17.csv;1.84543e+18;Sun Oct 13 15:56:09 +0000 2024;38.0;@zanatul_91 di TK dilarang Calistung tpi kelas 1 SD soal MTK nya kek soal tes CPNS. memang udah sesakit itu sistem pendidikan di Indonesia;1.84549e+18;;zanatul_91;in;;0.0;2.0;11.0;https://x.com/undefined/status/1845493738065510707;154057896.0;;tk larang calistung tpi kelas sd soal mtk kek soal tes cpns memang sakit sistem didik indonesia;netral;['tk', 'larang', 'calistung', 'tpi', 'kelas', 'sd', 'mtk', 'kek', 'tes', 'cpns', 'sakit', 'sistem', 'didik', 'indonesia'];1
kurikulum-merdeka_17.csv;1.84543e+18;Sun Oct 13 12:59:21 +0000 2024;22.0;@zanatul_91 Jangankan SMA mas. SMP saja sudah amburadul.;1.84545e+18;;zanatul_91;in;;1.0;1.0;0.0;https://x.com/undefined/status/1845449243500347882;1175628738.0;;jangan sma mas smp amburadul;negatif;['sma', 'mas', 'smp', 'amburadul'];3
kurikulum-merdeka_17.csv;1.84543e+18;Sun Oct 13 12:11:48 +0000 2024;17.0;@zanatul_91 Guru gembul dong abis nonton debatnya yg di UI kemaren ya kang iman? tapi jadi makin yakin sih guru gembul emang ngawur karena ngomong ngawur tanpa dasar refrensinya apa ;1.84544e+18;;zanatul_91;in;;0.0;1.0;1.0;https://x.com/undefined/status/1845437277108920387;129431559.0;;guru gembul abis nonton debat ui kemaren kang iman tapi makin yakin sih guru gembul emang ngawur ngomong ngawur tanpa dasar refrensinya;negatif;['guru', 'gembul', 'abis', 'nonton', 'debat', 'ui', 'kemaren', 'kang', 'iman', 'sih', 'guru', 'gembul', 'emang', 'ngawur', 'ngomong', 'ngawur', 'dasar', 'refrensinya'];1
kurikulum-merdeka_17.csv;1.84543e+18;Sun Oct 13 15:34:35 +0000 2024;15.0;@zanatul_91 Setelah 20 Oktober semua yg berbau merdeka akan berakhir berganti kurikulum yg baru sesuai dengan keinginan menteri yg baru..lagian nomenklatur yg ada nti akan dipecah jadi 2 Dikti sendiri pendidikan dasar sendiri;1.84549e+18;;zanatul_91;in;;0.0;2.0;0.0;https://x.com/undefined/status/1845488310736871639;62835397.0;;telah oktober semua bau merdeka akhir ganti kurikulum baru sesuai ingin menteri baru lagi nomenklatur ada nti pecah dikti sendiri didik dasar sendiri;netral;['oktober', 'bau', 'merdeka', 'ganti', 'kurikulum', 'sesuai', 'menteri', 'nomenklatur', 'nti', 'pecah', 'dikti', 'didik', 'dasar'];4
kurikulum-merdeka_17.csv;1.84543e+18;Sun Oct 13 12:59:36 +0000 2024;13.0;@zanatul_91 rvisi Pak bukan kurikulum SD lbih cocok untuk kurikulum PAUD..mnyenangkan sih walo nanti akan menghasilkan anak b*d*h tdk bisa baca-tulis hitung...apalg sains anak yg mental lemah ngambek ngeluh buktinya bnyk mahasiswa diberbagai univ yg bunuh diri..yg pntng menterinya kaya;1.84545e+18;;zanatul_91;in;;0.0;1.0;0.0;https://x.com/undefined/status/1845449309564829750;3244335422.0;;rvisi pak bukan kurikulum sd lbih cocok kurikulum paud mnyenangkan sih walo nanti hasil anak b d h bisa baca tulis hitung apalg sains anak mental lemah ngambek ngeluh bukti bnyk mahasiswa bagai univ bunuh diri pntng menteri kaya;negatif;['rvisi', 'kurikulum', 'sd', 'lbih', 'cocok', 'kurikulum', 'paud', 'mnyenangkan', 'sih', 'walo', 'hasil', 'anak', 'b', 'd', 'h', 'baca', 'tulis', 'hitung', 'apalg', 'sains', 'anak', 'mental', 'lemah', 'ngambek', 'ngeluh', 'bukti', 'bnyk', 'mahasiswa', 'univ', 'bunuh', 'pntng', 'menteri', 'kaya'];1
kurikulum-merdeka_17.csv;1.84543e+18;Sun Oct 13 14:15:03 +0000 2024;5.0;@zanatul_91 Dan jg perbanyak konten bang. Apapun kontenya yg ptg bisa di unggah.;1.84547e+18;;zanatul_91;in;;0.0;1.0;0.0;https://x.com/undefined/status/1845468295497121989;473712334.0;;banyak konten bang apa konte ptg bisa unggah;netral;['konten', 'bang', 'konte', 'ptg', 'unggah'];1
kurikulum-merdeka_17.csv;1.84543e+18;Sun Oct 13 15:44:10 +0000 2024;4.0;@zanatul_91 @Guru_PNS YaAllah pak kalau ngomong suka bener https://t.co/q7hcZwDW6U;1.84549e+18;https://pbs.twimg.com/tweet_video_thumb/GZyABXia0AA6cXH.jpg;zanatul_91;in;;0.0;1.0;0.0;https://x.com/undefined/status/1845490721895395665;1.46968e+18;;yaallah pak kalau ngomong suka bener;netral;['yaallah', 'ngomong', 'suka', 'bener'];3
kurikulum-merdeka_17.csv;1.84543e+18;Sun Oct 13 16:04:09 +0000 2024;4.0;@zanatul_91 Pas amat twit ini lewat dimana saya besok pendampingan individu cgp yg ada ice breakingnya;1.8455e+18;;zanatul_91;in;;0.0;1.0;0.0;https://x.com/undefined/status/1845495752698798517;1.65373e+18;;pas amat twit lewat mana saya besok damping individu cgp ada ice breakingnya;netral;['pas', 'twit', 'besok', 'damping', 'individu', 'cgp', 'ice', 'breakingnya'];0
kurikulum-merdeka_17.csv;1.84543e+18;Wed Oct 16 01:14:23 +0000 2024;1.0;@zanatul_91 Astaga.. kalimat terakhirnya ;1.84636e+18;;zanatul_91;in;;0.0;1.0;0.0;https://x.com/undefined/status/1846358999744254367;1.60449e+18;;astaga kalimat akhir;netral;['astaga', 'kalimat'];4
kurikulum-merdeka_17.csv;1.84543e+18;Mon Oct 14 10:28:11 +0000 2024;0.0;@zanatul_91 Bisa dibayangkan Merdeka Belajar Kampus Merdeka ;1.84577e+18;;zanatul_91;in;;0.0;1.0;0.0;https://x.com/undefined/status/1845773590957903942;61719366.0;;bisa bayang merdeka ajar kampus merdeka;netral;['bayang', 'merdeka', 'ajar', 'kampus', 'merdeka'];4
kurikulum-merdeka_17.csv;1.84543e+18;Sun Oct 13 11:41:23 +0000 2024;1.0;@zanatul_91 ngeri.. cemas...;1.84543e+18;;zanatul_91;in;;0.0;0.0;0.0;https://x.com/undefined/status/1845429623531897050;1.28212e+18;;ngeri cemas;netral;['ngeri', 'cemas'];1
kurikulum-merdeka_17.csv;1.84543e+18;Sun Oct 13 12:34:04 +0000 2024;1.0;@zanatul_91 @_screenshoter;1.84544e+18;;zanatul_91;qam;;0.0;1.0;0.0;https://x.com/undefined/status/1845442884465721852;1.3004e+18;;;netral;['nan'];0
kurikulum-merdeka_17.csv;1.84543e+18;Sun Oct 13 12:56:21 +0000 2024;1.0;@zanatul_91 ;1.84545e+18;;zanatul_91;qme;;0.0;0.0;0.0;https://x.com/undefined/status/1845448492199837873;1.2592e+18;;;netral;['nan'];0
kurikulum-merdeka_17.csv;1.84543e+18;Sun Oct 13 13:03:53 +0000 2024;1.0;@zanatul_91 This!!!!!;1.84545e+18;;zanatul_91;en;;0.0;0.0;0.0;https://x.com/undefined/status/1845450387857473993;1.64514e+18;;this;netral;['this'];0
kurikulum-merdeka_17.csv;1.84543e+18;Sun Oct 13 22:03:05 +0000 2024;1.0;@zanatul_91 Saya baru tahu kondisi pendidikan menengah kita. Sememelas itu ya? Kayaknya model merdeka belajar spt itu lebih cocok buat anak TK atau pelatihan orang dewasa bukan anak?SMP/SMA. Kalaupun mau cukup sekali/semester. Rasanya anak saya di SMA-nya melakukan P5 cuma sekali/smt;1.84559e+18;;zanatul_91;in;;0.0;0.0;0.0;https://x.com/undefined/status/1845586078327332949;873663181.0;;saya baru tahu kondisi didik tengah kita memelas kayak model merdeka ajar spt lebih cocok buat anak tk latih orang dewasa bukan anak smp sma kalaupun mau cukup sekali semester rasa anak saya sma laku p cuma sekali smt;netral;['kondisi', 'didik', 'memelas', 'kayak', 'model', 'merdeka', 'ajar', 'spt', 'cocok', 'anak', 'tk', 'latih', 'orang', 'dewasa', 'anak', 'smp', 'sma', 'semester', 'anak', 'sma', 'laku', 'p', 'smt'];3
kurikulum-merdeka_17.csv;1.84543e+18;Sun Oct 13 23:43:45 +0000 2024;1.0;@zanatul_91 guru lebih pusing mikir ice breaking sama nyanyi-nyanyian. lebih memudahkan emg tapi pas ujian baru kerasa. akhirnya guru bikin kisi-kisi dan anak belajar dr situ ;1.84561e+18;;zanatul_91;in;;0.0;1.0;0.0;https://x.com/undefined/status/1845611413936713926;1.32314e+18;;guru lebih pusing mikir ice breaking sama nyanyi nyanyi lebih mudah emg tapi pas uji baru rasa akhir guru bikin kisi kisi anak ajar situ;positif;['guru', 'pusing', 'mikir', 'ice', 'breaking', 'nyanyi', 'nyanyi', 'mudah', 'emg', 'pas', 'uji', 'guru', 'bikin', 'kisi', 'kisi', 'anak', 'ajar', 'situ'];3
kurikulum-merdeka_17.csv;1.84543e+18;Mon Oct 14 10:48:46 +0000 2024;1.0;@zanatul_91 P5 SMP gak ada gunanya sementara ini. Akselerasi literasi dan numerasi sulit di pecut. Eh muncul p5 yg justru bikin materi pengayaan sulit disampaikan karna waktu terpotong p5. Padahal sudah saja p5 itu di integrasikan di masing masing mapel. Amburadul!;1.84578e+18;;zanatul_91;in;;0.0;1.0;0.0;https://x.com/undefined/status/1845778772286644416;272479882.0;;p smp gak ada guna sementara akselerasi literasi numerasi sulit pecut eh muncul p justru bikin materi kaya sulit sampai karna waktu potong p padahal p integrasi masing masing mapel amburadul;negatif;['p', 'smp', 'gak', 'akselerasi', 'literasi', 'numerasi', 'sulit', 'pecut', 'eh', 'muncul', 'p', 'bikin', 'materi', 'kaya', 'sulit', 'karna', 'potong', 'p', 'p', 'integrasi', 'mapel', 'amburadul'];3
kurikulum-merdeka_17.csv;1.84543e+18;Mon Oct 14 19:22:31 +0000 2024;1.0;"@zanatul_91 Pendidikan jangan dibikin mainan. Kita sdh kehilangan 5 tahun yang berharga. Kemendikbud harus tgg jawab menteri juga dirjen dan DPR. Pakar &amp; pemerhati kok semua mendadak ompong . Apa takut hilang jabatan &amp; periuk nasi. Anak2 nilai rapot tinggi tapi isinya kosong.";1.84591e+18;;zanatul_91;in;;0.0;0.0;0.0;https://x.com/undefined/status/1845908062009201036;377724465.0;;didik jangan bikin main kita hilang tahun harga kemendikbud harus tgg jawab menteri dirjen dpr pakar amp perhati semua dadak ompong takut hilang jabat amp periuk nasi anak nilai rapot tinggi tapi isi kosong;netral;['didik', 'bikin', 'main', 'hilang', 'harga', 'kemendikbud', 'tgg', 'menteri', 'dirjen', 'dpr', 'pakar', 'amp', 'perhati', 'dadak', 'ompong', 'takut', 'hilang', 'jabat', 'amp', 'periuk', 'nasi', 'anak', 'nilai', 'rapot', 'isi', 'kosong'];1
kurikulum-merdeka_17.csv;1.84543e+18;Sun Oct 13 12:11:03 +0000 2024;0.0;@zanatul_91 Guru gembul ngomong apa aja tapi ngawur ya?;1.84544e+18;;zanatul_91;in;;0.0;1.0;0.0;https://x.com/undefined/status/1845437090168963461;1633998210.0;;guru gembul ngomong tapi ngawur;negatif;['guru', 'gembul', 'ngomong', 'ngawur'];1
kurikulum-merdeka_17.csv;1.84543e+18;Sun Oct 13 14:34:48 +0000 2024;0.0;@zanatul_91 hahaa...;1.84547e+18;;zanatul_91;tl;;0.0;0.0;0.0;https://x.com/undefined/status/1845473264543637767;1.56571e+18;;hahaa;netral;['hahaa'];0
kurikulum-merdeka_17.csv;1.84543e+18;Sun Oct 13 23:00:14 +0000 2024;0.0;@zanatul_91 Betul;1.8456e+18;;zanatul_91;en;;0.0;0.0;0.0;https://x.com/undefined/status/1845600463242309643;122927423.0;;betul;netral;[];0
kurikulum-merdeka_17.csv;1.84543e+18;Mon Oct 14 00:36:02 +0000 2024;0.0;@zanatul_91 Premisnya aneh ya Bang.;1.84562e+18;;zanatul_91;in;;0.0;0.0;0.0;https://x.com/undefined/status/1845624573360033813;15580664.0;;premis aneh bang;negatif;['premis', 'aneh', 'bang'];4
kurikulum-merdeka_17.csv;1.84543e+18;Mon Oct 14 02:36:18 +0000 2024;0.0;@zanatul_91 Yang lebih parah Mas siswa SMK juga harus diikuti passion belajarnya ala anak Sekolah C*k*l.;1.84565e+18;;zanatul_91;in;;0.0;0.0;0.0;https://x.com/undefined/status/1845654836592988250;9571192.0;;lebih parah mas siswa smk harus ikut passion ajar ala anak sekolah c k l;negatif;['parah', 'mas', 'siswa', 'smk', 'passion', 'ajar', 'ala', 'anak', 'sekolah', 'c', 'k', 'l'];3
kurikulum-merdeka_17.csv;1.84543e+18;Mon Oct 14 03:54:14 +0000 2024;0.0;@zanatul_91 mon maap guru penggerak ini temennya guru gembul yah?;1.84567e+18;;zanatul_91;in;;0.0;0.0;0.0;https://x.com/undefined/status/1845674449191727218;1.83747e+18;;mon maap guru gerak temennya guru gembul yah;netral;['mon', 'maap', 'guru', 'gerak', 'temennya', 'guru', 'gembul', 'yah'];3
kurikulum-merdeka_17.csv;1.84543e+18;Mon Oct 14 05:12:35 +0000 2024;0.0;@zanatul_91 Guru gembul itu cerdas hanya org bego sj yg bilang dia ngawur;1.84569e+18;;zanatul_91;in;;0.0;0.0;0.0;https://x.com/undefined/status/1845694167890145464;1.79391e+18;;guru gembul cerdas hanya org bego sj bilang dia ngawur;netral;['guru', 'gembul', 'cerdas', 'org', 'bego', 'sj', 'bilang', 'ngawur'];0
kurikulum-merdeka_17.csv;1.84543e+18;Mon Oct 14 05:24:09 +0000 2024;0.0;@zanatul_91 Pebisnis disuruh ngurus kurikulum ya jadinya gitu. Kurikulum yg lebih cocok buat tempat les atau daycare daripada sekolah.;1.8457e+18;;zanatul_91;in;;0.0;0.0;0.0;https://x.com/undefined/status/1845697077113930023;110022231.0;;bisnis suruh ngurus kurikulum jadi begitu kurikulum lebih cocok buat tempat les daycare daripada sekolah;netral;['bisnis', 'suruh', 'ngurus', 'kurikulum', 'kurikulum', 'cocok', 'les', 'daycare', 'sekolah'];0
kurikulum-merdeka_17.csv;1.84543e+18;Mon Oct 14 05:33:05 +0000 2024;0.0;@zanatul_91 Apalagi SMK... Beuh... Merdeka beneran..;1.8457e+18;;zanatul_91;in;;0.0;0.0;0.0;https://x.com/undefined/status/1845699326720557407;7.98424e+17;;apalagi smk beuh merdeka beneran;netral;['smk', 'beuh', 'merdeka', 'beneran'];2
kurikulum-merdeka_17.csv;1.84543e+18;Mon Oct 14 05:44:14 +0000 2024;0.0;@zanatul_91 Sangat setuju sekali gurunya emang harus difilter lagi;1.8457e+18;;zanatul_91;in;;0.0;0.0;0.0;https://x.com/undefined/status/1845702132647047677;405975415.0;;sangat tuju sekali guru emang harus filter;netral;['tuju', 'guru', 'emang', 'filter'];4
kurikulum-merdeka_17.csv;1.84543e+18;Mon Oct 14 06:00:53 +0000 2024;0.0;@zanatul_91 Ice breaking ngonten. Hdeuh;1.84571e+18;;zanatul_91;in;;0.0;0.0;0.0;https://x.com/undefined/status/1845706324082110606;1.25682e+18;;ice breaking ngonten hdeuh;netral;['ice', 'breaking', 'ngonten', 'hdeuh'];4
kurikulum-merdeka_17.csv;1.84543e+18;Mon Oct 14 07:27:25 +0000 2024;0.0;@zanatul_91 Menyala abangku;1.84573e+18;;zanatul_91;in;;0.0;0.0;0.0;https://x.com/undefined/status/1845728100371558677;504106223.0;;nyala abang;netral;['nyala', 'abang'];4
kurikulum-merdeka_18.csv;1.84857e+18;Tue Oct 22 05:38:50 +0000 2024;5.0;@geloraco @Margono_eMGe Ganti menteri ganti kebijakan kembalikan pola Penerimaan Siswa baru ke era sblm Nadiem Penataran P4 bila perlu diadakan kembali.;1.8486e+18;;geloraco;in;;0.0;0.0;0.0;https://x.com/undefined/status/1848599877770743831;1.44437e+18;;ganti menteri ganti bijak kembali pola terima siswa baru era sblm nadiem natar p bila perlu ada kembali;netral;['ganti', 'menteri', 'ganti', 'bijak', 'pola', 'terima', 'siswa', 'era', 'sblm', 'nadiem', 'natar', 'p'];0
kurikulum-merdeka_18.csv;1.84857e+18;Tue Oct 22 06:32:50 +0000 2024;4.0;@geloraco Praktek zonasi juga banyak merugikan calon siswa utk tingkatan SMP ada jalur Prestasi Pindah Tugas Nilai Raport Zonasi dan Afirmasi sama juga yang SMA cuma prakteknya di SMA nilai Raport masih juga pakai Zonasi yang diperlebar di kota yg berbatasan saja gmana yg luar kota?;1.84861e+18;;geloraco;in;;0.0;0.0;0.0;https://x.com/undefined/status/1848613465772228973;1.53324e+18;;praktek zonasi banyak rugi calon siswa utk tingkat smp ada jalur prestasi pindah tugas nilai raport zonasi afirmasi sama sma cuma praktek sma nilai raport masih pakai zonasi lebar kota batas gmana luar kota;netral;['praktek', 'zonasi', 'rugi', 'calon', 'siswa', 'utk', 'tingkat', 'smp', 'jalur', 'prestasi', 'pindah', 'tugas', 'nilai', 'raport', 'zonasi', 'afirmasi', 'sma', 'praktek', 'sma', 'nilai', 'raport', 'pakai', 'zonasi', 'lebar', 'kota', 'batas', 'gmana', 'kota'];3
kurikulum-merdeka_18.csv;1.84857e+18;Tue Oct 22 08:25:44 +0000 2024;2.0;@geloraco Harus dievaluasi semuanya pak ;1.84864e+18;;geloraco;in;;0.0;0.0;0.0;https://x.com/undefined/status/1848641876993482932;4157774538.0;;harus evaluasi semua pak;netral;['evaluasi'];0
kurikulum-merdeka_18.csv;1.84857e+18;Tue Oct 22 15:19:48 +0000 2024;2.0;@geloraco Nih gara gara Nad**m kontol emang pendidikan di Indonesia berantakan. Bocah SMP aja orang bisa ngitung kacau bener itu menteri kgk becus;1.84875e+18;;geloraco;in;;0.0;0.0;0.0;https://x.com/undefined/status/1848746080370102290;1.50661e+18;;nih gara gara nad m kontol emang didik indonesia beranta bocah smp orang bisa ngitung kacau bener menteri kgk becus;negatif;['nih', 'gara', 'gara', 'nad', 'm', 'kontol', 'emang', 'didik', 'indonesia', 'beranta', 'bocah', 'smp', 'orang', 'ngitung', 'kacau', 'bener', 'menteri', 'kgk', 'becus'];1
kurikulum-merdeka_18.csv;1.84857e+18;Tue Oct 22 10:11:17 +0000 2024;1.0;@geloraco Mantab biar mutu pendidikan bs kembali bersaing;1.84867e+18;;geloraco;in;;0.0;0.0;0.0;https://x.com/undefined/status/1848668442678989114;9.2859e+17;;mantab biar mutu didik bs kembali saing;netral;['mantab', 'biar', 'mutu', 'didik', 'bs', 'saing'];0
kurikulum-merdeka_18.csv;1.84857e+18;Tue Oct 22 12:20:49 +0000 2024;1.0;@geloraco Kerjanya ganti kurikulum aja bgt terus sampai kiamat.;1.8487e+18;;geloraco;in;;0.0;0.0;0.0;https://x.com/undefined/status/1848701039643672915;1.70558e+18;;kerja ganti kurikulum bgt terus sampai kiamat;netral;['kerja', 'ganti', 'kurikulum', 'bgt', 'kiamat'];0
kurikulum-merdeka_18.csv;1.84857e+18;Tue Oct 22 15:06:38 +0000 2024;1.0;@geloraco UN itu wajib harus ada lagi sebagai salah satu seleksi untuk masuk ke jenjang berikutnya;1.84874e+18;;geloraco;in;;0.0;0.0;0.0;https://x.com/undefined/status/1848742766232363173;1.30392e+18;;un wajib harus ada bagai salah satu seleksi masuk jenjang ikut;negatif;['un', 'wajib', 'salah', 'seleksi', 'masuk', 'jenjang'];4
kurikulum-merdeka_18.csv;1.84857e+18;Wed Oct 23 04:00:30 +0000 2024;1.0;@geloraco Siswa wajib naik kelas ga ada UN tidak ada sistem ranking ga ada nilai standar kkm bikin banyak anak sepele dengan belajar.. Iya poin2 itu emang pro kontra tapi layak dipertimbangkan lagi.. ditambah satu lagi PR besar... banyak anak yang nir adab ke guru;1.84894e+18;;geloraco;in;;0.0;0.0;0.0;https://x.com/undefined/status/1848937516029907203;446026848.0;;siswa wajib naik kelas ada un ada sistem ranking ada nilai standar kkm bikin banyak anak sepele ajar poin emang pro kontra tapi layak timbang tambah satu pr besar banyak anak nir adab guru;netral;['siswa', 'wajib', 'kelas', 'un', 'sistem', 'ranking', 'nilai', 'standar', 'kkm', 'bikin', 'anak', 'sepele', 'ajar', 'poin', 'emang', 'pro', 'kontra', 'layak', 'timbang', 'pr', 'anak', 'nir', 'adab', 'guru'];4
kurikulum-merdeka_18.csv;1.84857e+18;Tue Oct 22 11:59:20 +0000 2024;0.0;@geloraco Halaaah arep mendikbud ko kamadiyah yo podo wae wong indonesia ki ora oleh do pinter2 karo sing motangi duit disetir;1.8487e+18;;geloraco;in;;0.0;0.0;0.0;https://x.com/undefined/status/1848695630526616022;1350861338.0;;halah arep mendikbud ko kamadiyah yo podo wae wong indonesia ki ora oleh do pinter karo sing motangi duit setir;netral;['halah', 'arep', 'mendikbud', 'ko', 'kamadiyah', 'yo', 'podo', 'wae', 'indonesia', 'ki', 'ora', 'do', 'pinter', 'karo', 'sing', 'motangi', 'duit', 'setir'];4
kurikulum-merdeka_18.csv;1.84857e+18;Tue Oct 22 16:26:33 +0000 2024;0.0;@geloraco Peniadaan un buat anak indo malas;1.84876e+18;;geloraco;in;;0.0;0.0;0.0;https://x.com/undefined/status/1848762878217896348;85517554.0;;tiada un buat anak indo malas;negatif;['tiada', 'un', 'anak', 'indo', 'malas'];4
kurikulum-merdeka_19.csv;1.83739e+18;Sat Sep 21 07:27:16 +0000 2024;3.0;@Heraloebss Udah disentil dulu klo gatau sama guru ya miss ;1.83739e+18;;Heraloebss;in;;0.0;1.0;0.0;https://x.com/undefined/status/1837393140715868318;1.55568e+18;;sentil dulu kalau gatau sama guru miss;netral;['sentil', 'gatau', 'guru', 'miss'];2
kurikulum-merdeka_19.csv;1.83739e+18;Sat Sep 21 07:38:51 +0000 2024;1.0;@Heraloebss Iya yah.. Kok parah2 sih generasi sekarang. Gak tau juga kurikulum Nadiem itu seperti apa? Dulu zaman2 gue ada cerdas cermat dan sebagainya..;1.8374e+18;;Heraloebss;in;;0.0;0.0;1.0;https://x.com/undefined/status/1837396054222033242;397966748.0;;yah parah sih generasi sekarang gak tau kurikulum nadiem seperti dulu zaman saya ada cerdas cermat bagai;positif;['yah', 'parah', 'sih', 'generasi', 'gak', 'tau', 'kurikulum', 'nadiem', 'zaman', 'cerdas', 'cermat'];0
kurikulum-merdeka_19.csv;1.83739e+18;Sat Sep 21 11:18:10 +0000 2024;2.0;@Heraloebss Kalau diangan2 lg saya heran juga duluwaktu sd kok bisa hafal butir2 pancasila yang segitu banyaknya. Ditambah harus hafal 27 propinsi beserta nama baju adat tari rumah adat lagu daerahnya serta penghasilan SDA di daerah tersebut. Intinya RPUL dan RPAL harus diluar kepala ;1.83745e+18;;Heraloebss;in;;0.0;0.0;0.0;https://x.com/undefined/status/1837451246904791429;1.38269e+18;;kalau diang lg saya heran duluwaktu sd bisa hafal butir pancasila segitu banyak tambah harus hafal propinsi serta nama baju adat tari rumah adat lagu daerah serta hasil sda daerah sebut inti rpul rpal harus luar kepala;netral;['diang', 'lg', 'heran', 'duluwaktu', 'sd', 'hafal', 'butir', 'pancasila', 'segitu', 'hafal', 'propinsi', 'nama', 'baju', 'adat', 'tari', 'rumah', 'adat', 'lagu', 'daerah', 'hasil', 'sda', 'daerah', 'inti', 'rpul', 'rpal', 'kepala'];0
kurikulum-merdeka_19.csv;1.83739e+18;Sat Sep 21 07:35:06 +0000 2024;1.0;@Heraloebss Amberadul sampai nama ibu kota daerah aja bnyk yg gak tau ;1.8374e+18;;Heraloebss;in;;0.0;0.0;0.0;https://x.com/undefined/status/1837395113875841477;8.92291e+17;;amberadul sampai nama ibu kota daerah bnyk gak tau;netral;['amberadul', 'nama', 'kota', 'daerah', 'bnyk', 'gak', 'tau'];0
kurikulum-merdeka_19.csv;1.83739e+18;Sat Sep 21 08:18:21 +0000 2024;1.0;@Heraloebss Ktanya merdeka belajar miss tp kaga ada itu belajar2nya yg ada anak2 skrg cm asal berangkat sekolah pst naik kelas gapeduli anaknya bs mengikuti pelajaran apa ngga;1.83741e+18;;Heraloebss;in;;1.0;0.0;0.0;https://x.com/undefined/status/1837405995972382842;1.60414e+18;;ktanya merdeka ajar miss tapi kaga ada ajar ada anak skrg cm asal berangkat sekolah pst naik kelas gapeduli anak bs ikut ajar ngga;netral;['ktanya', 'merdeka', 'ajar', 'miss', 'kaga', 'ajar', 'anak', 'skrg', 'cm', 'berangkat', 'sekolah', 'pst', 'kelas', 'gapeduli', 'anak', 'bs', 'ajar', 'ngga'];1
kurikulum-merdeka_19.csv;1.83739e+18;Sat Sep 21 10:41:21 +0000 2024;1.0;@Heraloebss Sungguh sangat Berhasil mukidi mendidik generasi emas rakyatnya.. mudah mudahan dilanjutkan anaknya fafafufu fufufafa 11 mkmkmkmkmk;1.83744e+18;;Heraloebss;in;;0.0;0.0;0.0;https://x.com/undefined/status/1837441982173794605;1.81599e+18;;sungguh sangat hasil mukidi didik generasi emas rakyat mudah mudah lanjut anak fafafufu fufufafa mkmkmkmkmk;positif;['sungguh', 'hasil', 'mukidi', 'didik', 'generasi', 'emas', 'rakyat', 'mudah', 'mudah', 'anak', 'fafafufu', 'fufufafa', 'mkmkmkmkmk'];2
kurikulum-merdeka_19.csv;1.83739e+18;Sat Sep 21 10:41:32 +0000 2024;1.0;@Heraloebss Iya bener sekarang anak2 di tanya dikit soal pengetahuan umum aja jawabanya pada gatau...jd apa yg dipelajari di sekolahannya cobak?;1.83744e+18;;Heraloebss;in;;0.0;0.0;0.0;https://x.com/undefined/status/1837442028122320962;1.16919e+18;;bener sekarang anak tanya dikit soal tahu umum jawabanya gatau jd ajar sekolah cobak;netral;['bener', 'anak', 'dikit', 'jawabanya', 'gatau', 'jd', 'ajar', 'sekolah', 'cobak'];1
kurikulum-merdeka_19.csv;1.83739e+18;Sat Sep 21 12:06:58 +0000 2024;1.0;@Heraloebss Gurunya pada sok asik bikin konten edukatif muridnya jadi obyek. Tapi mau gimana lagi Memang itu cara mereka mengejawantahkan kurikulumnya. Gemes...;1.83746e+18;;Heraloebss;in;;1.0;0.0;0.0;https://x.com/undefined/status/1837463527579439471;1.19636e+18;;guru sok asik bikin konten edukatif murid obyek tapi mau gimana memang cara mereka ejawantah kurikulum gemes;netral;['guru', 'sok', 'asik', 'bikin', 'konten', 'edukatif', 'murid', 'obyek', 'gimana', 'ejawantah', 'kurikulum', 'gemes'];0
kurikulum-merdeka_19.csv;1.83739e+18;Sat Sep 21 12:21:04 +0000 2024;1.0;@Heraloebss Hahahaha fir'aun;1.83747e+18;;Heraloebss;tl;;0.0;0.0;0.0;https://x.com/undefined/status/1837467077906415922;1.47084e+18;;hahahaha fir aun;netral;['hahahaha', 'fir', 'aun'];1
kurikulum-merdeka_19.csv;1.83739e+18;Sat Sep 21 14:59:07 +0000 2024;0.0;@Heraloebss Sedih ya liatnya;1.83751e+18;;Heraloebss;in;;0.0;0.0;0.0;https://x.com/undefined/status/1837506851463696398;1.35862e+18;;sedih liat;netral;['sedih', 'liat'];1
kurikulum-merdeka_19.csv;1.83739e+18;Sat Sep 21 19:48:17 +0000 2024;0.0;@Heraloebss Kurikulum si gojek merdeka belajar jadi anak2 gak belajar ;1.83758e+18;;Heraloebss;in;;0.0;0.0;0.0;https://x.com/undefined/status/1837579622869094446;1.77091e+18;;kurikulum gojek merdeka ajar anak gak ajar;netral;['kurikulum', 'gojek', 'merdeka', 'ajar', 'anak', 'gak', 'ajar'];4
kurikulum-merdeka_19.csv;1.83739e+18;Sun Sep 22 02:17:51 +0000 2024;0.0;@Heraloebss Kasihan.....;1.83768e+18;;Heraloebss;in;;0.0;0.0;0.0;https://x.com/undefined/status/1837677660740399282;54099855.0;;kasihan;netral;['kasihan'];0
kurikulum-merdeka_19.csv;1.83739e+18;Sun Sep 22 03:26:42 +0000 2024;0.0;@Heraloebss Sengaja dibikin bodoh ntar kerja ma dia penuhin pundi2 duitnya;1.83769e+18;;Heraloebss;in;;0.0;0.0;0.0;https://x.com/undefined/status/1837694987737485482;120966785.0;;sengaja bikin bodoh ntar kerja ma dia penuhin pundi duit;netral;['sengaja', 'bikin', 'bodoh', 'ntar', 'kerja', 'ma', 'penuhin', 'pundi', 'duit'];2
kurikulum-merdeka_19.csv;1.83739e+18;Sun Sep 22 03:42:04 +0000 2024;0.0;@Heraloebss Lah menterinya sibuk Nge gojek;1.8377e+18;;Heraloebss;in;;0.0;0.0;0.0;https://x.com/undefined/status/1837698854931910795;116670493.0;;menteri sibuk nge gojek;netral;['menteri', 'sibuk', 'nge', 'gojek'];4
kurikulum-merdeka_19.csv;1.83739e+18;Sun Sep 22 06:08:08 +0000 2024;0.0;@Heraloebss sedih liatnya;1.83774e+18;;Heraloebss;in;;0.0;0.0;0.0;https://x.com/undefined/status/1837735613581480187;1.27461e+18;;sedih liat;netral;['sedih', 'liat'];1
kurikulum-merdeka_19.csv;1.83739e+18;Sun Sep 22 06:17:15 +0000 2024;0.0;@Heraloebss Menteri pendidikan sudah berhasil dengan baik.. ;1.83774e+18;;Heraloebss;in;;0.0;0.0;0.0;https://x.com/undefined/status/1837737906829758472;1.75329e+18;;menteri didik hasil baik;positif;['menteri', 'didik', 'hasil'];1
kurikulum-merdeka_19.csv;1.83739e+18;Sun Sep 22 16:19:36 +0000 2024;0.0;@Heraloebss Terus di sekolah ngapaiiinnnn ?;1.83789e+18;;Heraloebss;in;;0.0;0.0;0.0;https://x.com/undefined/status/1837889494215020940;543369952.0;;terus sekolah ngapain;netral;['sekolah', 'ngapain'];2
kurikulum-merdeka_19.csv;1.83739e+18;Sat Sep 21 23:00:12 +0000 2024;0.0;@Heraloebss Sama aja lah 11-12 skrng gw tanya kelan para tua bangka kurikulum dlu yg skrng jd pejabat2 posisi tinggi kan era kalian yg katanya kurikulum terbaek KOLUSI MASIH GAK? KORUPSI MASIH GAK? NEPOTISME MASIH? SAMA AJA kelan generasi tua bangka generasi gagal juga;1.83763e+18;;Heraloebss;in;;0.0;0.0;0.0;https://x.com/undefined/status/1837627921017852304;1.15267e+18;;sama skrng gw tanya kelan para tua bangka kurikulum dlu skrng jd jabat posisi tinggi era kalian kata kurikulum terbaek kolusi masih gak korupsi masih gak nepotisme masih sama kelan generasi tua bangka generasi gagal;negatif;['skrng', 'gw', 'kelan', 'tua', 'bangka', 'kurikulum', 'dlu', 'skrng', 'jd', 'jabat', 'posisi', 'era', 'kurikulum', 'terbaek', 'kolusi', 'gak', 'korupsi', 'gak', 'nepotisme', 'kelan', 'generasi', 'tua', 'bangka', 'generasi', 'gagal'];0
kurikulum-merdeka_2.csv;1.76354e+18;Fri Mar 01 12:16:57 +0000 2024;6.0;@zanatul_91 Bang nih gue ada produk baru. Gue kasih tester nanti kalo cocok bs kita collabs buat ekspansi se nasional...;1.76354e+18;;zanatul_91;in;;0.0;1.0;0.0;https://x.com/undefined/status/1763538916496535576;714571951.0;;bang nih saya ada produk baru saya kasih tester nanti kalo cocok bs kita collabs buat ekspansi se nasional;netral;['bang', 'nih', 'produk', 'kasih', 'tester', 'kalo', 'cocok', 'bs', 'collabs', 'ekspansi', 'nasional'];4
kurikulum-merdeka_2.csv;1.76354e+18;Fri Mar 01 12:55:11 +0000 2024;5.0;"@zanatul_91 bukankah kurikulum merdeka ini dulu awal mulanya dari kurikulum prototipe &gt; kurikulum merdeka bagi sekolah PK / CoE &gt; terus banyak yang menggunakan baru mau dipaksakan menjadi kurikulum nasional. Artinya bukan berasal dari guru kan? cmiiw";1.76355e+18;;zanatul_91;in;;0.0;1.0;0.0;https://x.com/undefined/status/1763548539576340946;281039802.0;;bukankah kurikulum merdeka dulu awal mula kurikulum prototipe gt kurikulum merdeka bagi sekolah pk coe gt terus banyak guna baru mau paksa jadi kurikulum nasional arti bukan asal guru cmiiw;netral;['kurikulum', 'merdeka', 'kurikulum', 'prototipe', 'gt', 'kurikulum', 'merdeka', 'sekolah', 'pk', 'coe', 'gt', 'paksa', 'kurikulum', 'nasional', 'arti', 'guru', 'cmiiw'];0
kurikulum-merdeka_2.csv;1.76354e+18;Fri Mar 01 12:22:56 +0000 2024;3.0;@zanatul_91 Fungsi PGRI buat permasalahan seperti ini gimana ya?;1.76354e+18;;zanatul_91;in;;0.0;2.0;0.0;https://x.com/undefined/status/1763540423908429871;1.47477e+18;;fungsi pgri buat masalah seperti gimana;negatif;['fungsi', 'pgri', 'gimana'];1
kurikulum-merdeka_2.csv;1.76354e+18;Fri Mar 01 12:20:25 +0000 2024;1.0;@zanatul_91 Kemana PGRI ya Bang? Kok dak pernah bersuara terkait PMM dan Kumer. Giliran batas usia GP malah bersuara GP kan dak untuk semua guru.;1.76354e+18;;zanatul_91;in;;0.0;1.0;0.0;https://x.com/undefined/status/1763539791264784583;189028004.0;;mana pgri bang dak pernah suara kait pmm kumer gilir batas usia gp malah suara gp dak semua guru;netral;['pgri', 'bang', 'dak', 'suara', 'kait', 'pmm', 'kumer', 'gilir', 'batas', 'usia', 'gp', 'suara', 'gp', 'dak', 'guru'];2
kurikulum-merdeka_2.csv;1.76354e+18;Fri Mar 01 21:59:16 +0000 2024;1.0;@zanatul_91 Tanya dong pak. Memangnya kurikulum2 itu diujicoba di sekolah mana sebelum diterapkan ke seluruh Indonesia? Jd penasaran kalau memang ada ujicoba... Kok kadang ga masuk akal beban belajar siswanya spt Kurikulum 2013 yg versi awal (sebelum revisi 2016)...;1.76369e+18;;zanatul_91;in;;0.0;1.0;0.0;https://x.com/undefined/status/1763685461787369702;910650462.0;;tanya pak memang kurikulum diujicoba sekolah mana belum terap seluruh indonesia jd penasaran kalau memang ada ujicoba kadang masuk akal beban ajar siswa spt kurikulum versi awal belum revisi;netral;['kurikulum', 'diujicoba', 'sekolah', 'terap', 'indonesia', 'jd', 'penasaran', 'ujicoba', 'kadang', 'masuk', 'akal', 'beban', 'ajar', 'siswa', 'spt', 'kurikulum', 'versi', 'revisi'];0
kurikulum-merdeka_20.csv;1.84761e+18;Sun Oct 20 00:34:45 +0000 2024;462.0;@CakKhum @nadiemmakarim Kurikulum yang dipersiapkan untuk menjadi driver ojol Investasi yang bagus pak @nadiemmakarim;1.8478e+18;;CakKhum;in;;4.0;33.0;61.0;https://x.com/undefined/status/1847798576937914659;47131704.0;;kurikulum siap jadi driver ojol investasi bagus pak;positif;['kurikulum', 'driver', 'ojol', 'investasi', 'bagus'];2
kurikulum-merdeka_20.csv;1.84761e+18;Sat Oct 19 15:35:19 +0000 2024;76.0;@CakKhum @nadiemmakarim Kurikulum merdeka = kurikulum TERGOOBBLOOKK dalam sejarah pendidikan di Indonesia !!! Kurikulum merdeka bikin anak bangsa jadi Goblok Tolol Dungu dan Malas !!!;1.84766e+18;;CakKhum;in;;0.0;11.0;6.0;https://x.com/undefined/status/1847662823440277893;1.60546e+18;;kurikulum merdeka kurikulum tergoobblookk dalam sejarah didik indonesia kurikulum merdeka bikin anak bangsa goblok tolol dungu malas;negatif;['kurikulum', 'merdeka', 'kurikulum', 'tergoobblookk', 'sejarah', 'didik', 'indonesia', 'kurikulum', 'merdeka', 'bikin', 'anak', 'bangsa', 'goblok', 'tolol', 'dungu', 'malas'];0
kurikulum-merdeka_20.csv;1.84761e+18;Sun Oct 20 01:38:49 +0000 2024;45.0;@CakKhum @nadiemmakarim muataneee 900001 ;1.84781e+18;;CakKhum;in;;0.0;5.0;1.0;https://x.com/undefined/status/1847814698844246124;1.29651e+18;;muatane;netral;['muatane'];1
kurikulum-merdeka_20.csv;1.84761e+18;Sun Oct 20 04:24:24 +0000 2024;42.0;@CakKhum @nadiemmakarim SLB kah ini?;1.84786e+18;;CakKhum;in;;0.0;8.0;1.0;https://x.com/undefined/status/1847856368503705822;310029816.0;;slb kah;netral;['slb', 'kah'];0
kurikulum-merdeka_20.csv;1.84761e+18;Sat Oct 19 12:08:47 +0000 2024;35.0;"@CakKhum @nadiemmakarim Begini kualitas pendidikan di Konoha makanya S3 bisa Cumlaude dlm 3 semester walau S1 &amp; S2 nya kagak terdaftar di PDDikti. Bye bye pak @nadiemmakarim";1.84761e+18;;CakKhum;in;;0.0;3.0;0.0;https://x.com/undefined/status/1847610847998464175;2338404451.0;;begini kualitas didik konoha makanya s bisa cumlaude dlm semester walau s amp s kagak daftar pddikti bye bye pak;netral;['kualitas', 'didik', 'konoha', 's', 'cumlaude', 'dlm', 'semester', 's', 'amp', 's', 'kagak', 'daftar', 'pddikti', 'bye', 'bye'];1
kurikulum-merdeka_20.csv;1.84761e+18;Sun Oct 20 00:51:21 +0000 2024;25.0;@CakKhum @nadiemmakarim Nyalahin kurikulum elu yaa emak bapaknya pada kemana? Ajarin anak2 lu yg bener awasi jgn dia maen hapeee terooss lu diemin. Ya jgn bikiiinnn Mulu tp Asah asih asuh nya ga maooo..;1.8478e+18;;CakKhum;in;;2.0;38.0;1.0;https://x.com/undefined/status/1847802753617469494;893094524.0;;nyalahin kurikulum elu yaa emak bapak mana ajarin anak kamu bener awas jgn dia maen hape terooss kamu diemin jgn bikin mulu tapi asah asih asuh mao;netral;['nyalahin', 'kurikulum', 'elu', 'yaa', 'emak', 'ajarin', 'anak', 'bener', 'awas', 'jgn', 'maen', 'hape', 'terooss', 'diemin', 'jgn', 'bikin', 'mulu', 'asah', 'asih', 'asuh', 'mao'];4
kurikulum-merdeka_20.csv;1.84761e+18;Sun Oct 20 02:56:33 +0000 2024;23.0;@CakKhum @nadiemmakarim Yang penting kan kenal syapa itu Zeuz! Dewa penjaga slot. ;1.84783e+18;;CakKhum;in;;0.0;4.0;0.0;https://x.com/undefined/status/1847834259228414056;242484646.0;;penting kenal syapa zeuz dewa jaga slot;netral;['kenal', 'syapa', 'zeuz', 'dewa', 'jaga', 'slot'];1
kurikulum-merdeka_20.csv;1.84761e+18;Sun Oct 20 01:47:29 +0000 2024;13.0;@CakKhum @nadiemmakarim Honestly this is exactly what the 'kurikulum-merdeka' is for. It lets teachers focus on each student's needs even beyond the usual curriculum. All it takes is a bit of creativity from the teacher.;1.84782e+18;;CakKhum;en;;0.0;6.0;1.0;https://x.com/undefined/status/1847816879878054070;132909615.0;;honestly this is exactly what the kurikulum merdeka is for it lets teachers focus on each student s needs even beyond the usual curriculum all it takes is a bit of creativity from the teacher;netral;['honestly', 'this', 'is', 'exactly', 'what', 'the', 'kurikulum', 'merdeka', 'is', 'for', 'it', 'lets', 'teachers', 'focus', 'on', 'each', 'student', 's', 'needs', 'even', 'beyond', 'the', 'usual', 'curriculum', 'all', 'it', 'takes', 'is', 'a', 'bit', 'of', 'creativity', 'from', 'the', 'teacher'];0
kurikulum-merdeka_20.csv;1.84761e+18;Sun Oct 20 03:27:33 +0000 2024;15.0;@CakKhum @nadiemmakarim Pas belajar angka angka gitu gue rasa sebelum kurikulum merdeka deh . Wkwkwkwkw;1.84784e+18;;CakKhum;in;;0.0;2.0;0.0;https://x.com/undefined/status/1847842061145559510;1.78392e+18;;pas ajar angka angka begitu saya rasa belum kurikulum merdeka wkwkwkwkw;netral;['pas', 'ajar', 'angka', 'angka', 'kurikulum', 'merdeka', 'wkwkwkwkw'];4
kurikulum-merdeka_20.csv;1.84761e+18;Sun Oct 20 00:19:02 +0000 2024;11.0;@CakKhum @nadiemmakarim Apalagi suruh baca angka 12. 859.256.758.001 dijamin dia bakal nangis dia;1.84779e+18;;CakKhum;in;;0.0;3.0;1.0;https://x.com/undefined/status/1847794619398164653;9.75389e+17;;apalagi suruh baca angka jamin dia bakal nang dia;netral;['suruh', 'baca', 'angka', 'jamin', 'nang'];2
kurikulum-merdeka_20.csv;1.84761e+18;Sun Oct 20 08:45:31 +0000 2024;9.0;@CakKhum @nadiemmakarim Udahlah kurikulum buat mumet ujian nggak ada dah lah jadi negara goblok ini indonesia;1.84792e+18;;CakKhum;in;;0.0;0.0;1.0;https://x.com/undefined/status/1847922082635763740;1.81065e+18;;udahlah kurikulum buat mumet uji nggak ada negara goblok indonesia;netral;['udahlah', 'kurikulum', 'mumet', 'uji', 'nggak', 'negara', 'goblok', 'indonesia'];0
kurikulum-merdeka_20.csv;1.84761e+18;Sun Oct 20 08:52:49 +0000 2024;1.0;@CakKhum @nadiemmakarim Adalagi yg suruh ngitung 15 x 10 https://t.co/STBnhRe236;1.84792e+18;https://pbs.twimg.com/ext_tw_video_thumb/1847923792062087168/pu/img/Eo9y9IQrp7eScjb4.jpg;CakKhum;in;;0.0;5.0;2.0;https://x.com/undefined/status/1847923919921299907;1.08034e+18;;adalagi suruh ngitung x;netral;['adalagi', 'suruh', 'ngitung', 'x'];0
kurikulum-merdeka_20.csv;1.84761e+18;Sun Oct 20 10:30:00 +0000 2024;4.0;@CakKhum @nadiemmakarim Kurikulum dagang kalo ini 9000-1 (sembilan ribu dapet 1 item);1.84795e+18;;CakKhum;in;;0.0;0.0;0.0;https://x.com/undefined/status/1847948376182231383;50868665.0;;kurikulum dagang kalo sembilan ribu dapet item;netral;['kurikulum', 'dagang', 'kalo', 'sembilan', 'ribu', 'dapet', 'item'];3
kurikulum-merdeka_20.csv;1.84761e+18;Sun Oct 20 00:03:11 +0000 2024;3.0;@CakKhum @nadiemmakarim Ngak habis Fikri sama kurikulum sekarang Di ganti lagi mentrinya di ganti lagi kurikulum nya enakan jaman dulu;1.84779e+18;;CakKhum;in;;0.0;2.0;0.0;https://x.com/undefined/status/1847790632850616757;1.77101e+18;;ngak habis fikri sama kurikulum sekarang ganti tri ganti kurikulum enak jaman dulu;netral;['ngak', 'habis', 'fikri', 'kurikulum', 'ganti', 'tri', 'ganti', 'kurikulum', 'enak', 'jaman'];2
kurikulum-merdeka_20.csv;1.84761e+18;Sun Oct 20 10:37:01 +0000 2024;3.0;"@CakKhum @nadiemmakarim Ga percaya ini paling ya mung konten kebanyakan anak muda pelajar &amp; mahasiswa skrg kan pandai2 &amp; cerdas2 IQnya juga tinggi2 semua";1.84795e+18;;CakKhum;in;;1.0;5.0;0.0;https://x.com/undefined/status/1847950141057274339;1.22143e+18;;percaya paling mung konten banyak anak muda ajar amp mahasiswa skrg pandai amp cerdas iqnya tinggi semua;positif;['percaya', 'mung', 'konten', 'anak', 'muda', 'ajar', 'amp', 'mahasiswa', 'skrg', 'pandai', 'amp', 'cerdas', 'iqnya'];3
kurikulum-merdeka_20.csv;1.84761e+18;Sun Oct 20 07:33:30 +0000 2024;2.0;@CakKhum @nadiemmakarim Kenapa nyalahin kurikulum merdeka? Dia sekarang kelas 10. Kurikulum merdeka baru berjalan 3 tahun yg lalu. 3 tahun yg lalu dia masih kelas 7. Untuk menulis angka 9001 itu seharusnya sudah dari SD yg kurikulumnya masih pake K2013.;1.8479e+18;;CakKhum;in;;0.0;2.0;0.0;https://x.com/undefined/status/1847903957286302019;1.17428e+18;;kenapa nyalahin kurikulum merdeka dia sekarang kelas kurikulum merdeka baru jalan tahun lalu tahun lalu dia masih kelas tulis angka harus sd kurikulum masih pake k;netral;['nyalahin', 'kurikulum', 'merdeka', 'kelas', 'kurikulum', 'merdeka', 'jalan', 'kelas', 'tulis', 'angka', 'sd', 'kurikulum', 'pake', 'k'];0
kurikulum-merdeka_20.csv;1.84761e+18;Mon Oct 21 08:40:06 +0000 2024;0.0;@CakKhum @nadiemmakarim katanya di Australi yang ga bisa jawab ya gapapa karena kemampuan murid gak sama punya kelebihan masing-masing. Tapi di sana lebih SANTUN ga kayak anak kepala Desa yang Viral.. udah goblok marah2 lagi.... aseem!;1.84828e+18;;CakKhum;in;;0.0;0.0;1.0;https://x.com/undefined/status/1848283106564096435;1.31687e+18;;kata australi bisa jawab gapapa mampu murid gak sama punya lebih masing masing tapi sana lebih santun kayak anak kepala desa viral goblok marah aseem;netral;['australi', 'gapapa', 'murid', 'gak', 'santun', 'kayak', 'anak', 'kepala', 'desa', 'viral', 'goblok', 'marah', 'aseem'];0
kurikulum-merdeka_20.csv;1.84761e+18;Sun Oct 20 07:59:47 +0000 2024;1.0;@CakKhum @nadiemmakarim ane juga pernah salah 101.000=seratus seribu harusnya seratus satu ribu;1.84791e+18;;CakKhum;in;;0.0;2.0;0.0;https://x.com/undefined/status/1847910570785460394;1.82259e+18;;ane pernah salah ratus ribu harus ratus satu ribu;negatif;['ane', 'salah', 'ratus', 'ribu', 'ratus', 'ribu'];4
kurikulum-merdeka_20.csv;1.84761e+18;Sun Oct 20 09:05:14 +0000 2024;1.0;@CakKhum @nadiemmakarim Kok bisa orang masih se dungu ini duduk di bangku SMK.;1.84793e+18;;CakKhum;in;;0.0;0.0;0.0;https://x.com/undefined/status/1847927041334866108;1.51058e+18;;bisa orang masih se dungu duduk bangku smk;netral;['orang', 'dungu', 'duduk', 'bangku', 'smk'];3
kurikulum-merdeka_20.csv;1.84761e+18;Sun Oct 20 10:18:21 +0000 2024;1.0;@CakKhum @nadiemmakarim Andai pertanyaan nya di buat seperti game Pasti lebih mudah;1.84795e+18;;CakKhum;in;;0.0;1.0;0.0;https://x.com/undefined/status/1847945445118795796;1.83617e+18;;andai tanya buat seperti game pasti lebih mudah;positif;['andai', 'game', 'mudah'];2
kurikulum-merdeka_20.csv;1.84761e+18;Sun Oct 20 11:06:44 +0000 2024;1.0;@CakKhum @nadiemmakarim Ngga memihak ke siapa2 sih ya karna hamba bukan anak usia sekolah. Cuma inj anak SMK kan ya kelas 10. Sedangkan tulis menulis itu di ajarkar waktu kelas 1 malahan di TK ada yg udah ngajarin. Nah apakah 10 thn yg lalu (2014) mentri pendidikan nya udah pak nadiem?;1.84796e+18;;CakKhum;in;;0.0;3.0;0.0;https://x.com/undefined/status/1847957618641482181;67542670.0;;ngga pihak siapa sih karna hamba bukan anak usia sekolah cuma inj anak smk kelas sedang tulis tulis ajarkar waktu kelas malah tk ada ngajarin apakah thn lalu tri didik pak nadiem;netral;['ngga', 'sih', 'karna', 'hamba', 'anak', 'usia', 'sekolah', 'inj', 'anak', 'smk', 'kelas', 'tulis', 'tulis', 'ajarkar', 'kelas', 'tk', 'ngajarin', 'thn', 'tri', 'didik', 'nadiem'];4
kurikulum-merdeka_20.csv;1.84761e+18;Sun Oct 20 11:09:09 +0000 2024;1.0;@CakKhum @nadiemmakarim Adaptasi pendidikan korut aja lah semi militer. Yg penting biar belajar bener. Drpd dibebasin kaya Finland pada dongo semua. Kunci kemajuan pendidikan Finland tuh ortu yg juga berpendidikan disana standard cara didik anak udah terbentuk. Lah sini para ortu males ngajarin anak;1.84796e+18;;CakKhum;in;;0.0;0.0;0.0;https://x.com/undefined/status/1847958228115882127;7.32032e+17;;adaptasi didik korut semi militer penting biar ajar bener drpd dibebasin kaya finland dongo semua kunci maju didik finland tuh ortu didik sana standard cara didik anak bentuk sini para ortu males ngajarin anak;netral;['adaptasi', 'didik', 'korut', 'semi', 'militer', 'biar', 'ajar', 'bener', 'drpd', 'dibebasin', 'kaya', 'finland', 'dongo', 'kunci', 'maju', 'didik', 'finland', 'tuh', 'ortu', 'didik', 'standard', 'didik', 'anak', 'bentuk', 'ortu', 'males', 'ngajarin', 'anak'];1
kurikulum-merdeka_20.csv;1.84761e+18;Sun Oct 20 12:29:26 +0000 2024;1.0;@CakKhum @Android_AK_47 @nadiemmakarim Tenang bro yg jadi presiden 10 tahun aja sekolahnya gak jelas n ijazahnya gak jelas tapi bisa nipu rakyat se Indonesia;1.84798e+18;;CakKhum;in;;0.0;0.0;0.0;https://x.com/undefined/status/1847978433147818072;1.60695e+18;;tenang bro presiden tahun sekolah gak jelas n ijazah gak jelas tapi bisa nipu rakyat se indonesia;netral;['tenang', 'bro', 'presiden', 'sekolah', 'gak', 'n', 'ijazah', 'gak', 'nipu', 'rakyat', 'indonesia'];1
kurikulum-merdeka_20.csv;1.84761e+18;Sun Oct 20 19:11:55 +0000 2024;1.0;@CakKhum @nadiemmakarim HASIL KURIKULUM MERDEKA;1.84808e+18;;CakKhum;in;;0.0;0.0;0.0;https://x.com/undefined/status/1848079719868280959;60640814.0;;hasil kurikulum merdeka;netral;['hasil', 'kurikulum', 'merdeka'];0
kurikulum-merdeka_20.csv;1.84761e+18;Sun Oct 20 19:36:25 +0000 2024;1.0;@CakKhum @nadiemmakarim kalau guru gw udah diantukan kepala di papan tulis itu. ga ada yg berani ngadu emak karna takut dimarahin 2x dimarahin guru + emak juga dirumah pantas lah kau diantukan kepala kau dengan gurumu itu ;1.84809e+18;;CakKhum;in;;0.0;0.0;0.0;https://x.com/undefined/status/1848085886724182504;1.51411e+18;;kalau guru gw antuk kepala papan tulis ada berani ngadu emak karna takut dimarahin x dimarahin guru emak rumah pantas kau antuk kepala kau guru;netral;['guru', 'gw', 'antuk', 'kepala', 'papan', 'tulis', 'berani', 'ngadu', 'emak', 'karna', 'takut', 'dimarahin', 'x', 'dimarahin', 'guru', 'emak', 'rumah', 'kau', 'antuk', 'kepala', 'kau', 'guru'];2
kurikulum-merdeka_20.csv;1.84761e+18;Mon Oct 21 03:24:27 +0000 2024;1.0;@CakKhum @nadiemmakarim Bukan salah genZ tapi kurikulum lah yg membuat genZ jadi b390 lemah pemalas.;1.8482e+18;;CakKhum;in;;0.0;0.0;0.0;https://x.com/undefined/status/1848203671412379863;1.84486e+18;;bukan salah genz tapi kurikulum buat genz b lemah malas;negatif;['salah', 'genz', 'kurikulum', 'genz', 'b', 'lemah', 'malas'];0
kurikulum-merdeka_20.csv;1.84761e+18;Mon Oct 21 07:31:00 +0000 2024;1.0;@CakKhum @panjianom102 @nadiemmakarim Rusak;1.84827e+18;;CakKhum;in;;0.0;0.0;0.0;https://x.com/undefined/status/1848265714073002036;1.12758e+18;;rusak;netral;['rusak'];0
kurikulum-merdeka_20.csv;1.84761e+18;Sat Feb 15 11:10:18 +0000 2025;1.0;@CakKhum @nadiemmakarim Inilah generasi cemas Indonesia yang di gadang gadang sebagai bonus demografi ditahun 2045 wkwk;1.89072e+18;;CakKhum;in;;0.0;0.0;0.0;https://x.com/undefined/status/1890720284153352647;1.88566e+18;;ini generasi cemas indonesia gadang gadang bagai bonus demografi tahun;netral;['generasi', 'cemas', 'indonesia', 'gadang', 'gadang', 'bonus', 'demografi'];4
kurikulum-merdeka_20.csv;1.84761e+18;Sat Oct 19 22:33:59 +0000 2024;0.0;@CakKhum @nadiemmakarim Yang ditulis: Sembilan Ratus Ribu Satu.;1.84777e+18;;CakKhum;in;;0.0;1.0;0.0;https://x.com/undefined/status/1847768184012865778;1.63445e+18;;tulis sembilan ratus ribu satu;netral;['tulis', 'sembilan', 'ratus', 'ribu'];4
kurikulum-merdeka_20.csv;1.84761e+18;Sun Oct 20 05:34:30 +0000 2024;0.0;@CakKhum @nadiemmakarim Sudah bagus system seperti dulu dah;1.84787e+18;;CakKhum;in;;0.0;0.0;0.0;https://x.com/undefined/status/1847874011902202249;7.5118e+17;;bagus system seperti dulu;positif;['bagus', 'system'];4
kurikulum-merdeka_20.csv;1.84761e+18;Sun Oct 20 05:35:24 +0000 2024;0.0;@CakKhum @nadiemmakarim Knp pendidikan skrg rusak bgt bahkan byk yg anak smp belum apal pancasila atau ada juga yg belum pintar membaca.. Seharus itu kah naik kelas tp otaknya belum baik;1.84787e+18;;CakKhum;in;;0.0;0.0;0.0;https://x.com/undefined/status/1847874237459251324;1.4928e+18;;knp didik skrg rusak bgt bahkan byk anak smp apal pancasila ada pintar baca harus kah naik kelas tapi otak baik;positif;['knp', 'didik', 'skrg', 'rusak', 'bgt', 'byk', 'anak', 'smp', 'apal', 'pancasila', 'pintar', 'baca', 'kah', 'kelas', 'otak'];0
kurikulum-merdeka_20.csv;1.84761e+18;Sun Oct 20 05:36:24 +0000 2024;0.0;@CakKhum @nadiemmakarim Cucoklah sama wakil yg baru ;1.84787e+18;;CakKhum;in;;0.0;0.0;0.0;https://x.com/undefined/status/1847874487196189156;1.74494e+18;;cucoklah sama wakil baru;netral;['cucoklah', 'wakil'];3
kurikulum-merdeka_20.csv;1.84761e+18;Sun Oct 20 05:38:07 +0000 2024;0.0;@CakKhum @nadiemmakarim kayak anak smk sekarang suruh hapalin perkalian sebulan baru bisa nyampe 3;1.84787e+18;;CakKhum;in;;0.0;0.0;0.0;https://x.com/undefined/status/1847874922221359144;1.51751e+18;;kayak anak smk sekarang suruh hapalin kali bulan baru bisa nyampe;netral;['kayak', 'anak', 'smk', 'suruh', 'hapalin', 'kali', 'nyampe'];4
kurikulum-merdeka_20.csv;1.84761e+18;Sun Oct 20 05:40:08 +0000 2024;0.0;@CakKhum @nadiemmakarim Dongooooo;1.84788e+18;;CakKhum;eu;;0.0;0.0;0.0;https://x.com/undefined/status/1847875426070515842;1.74804e+18;;dongo;netral;['dongo'];1
kurikulum-merdeka_20.csv;1.84761e+18;Sun Oct 20 05:40:26 +0000 2024;0.0;@CakKhum @nadiemmakarim Hancur...;1.84788e+18;;CakKhum;in;;0.0;0.0;0.0;https://x.com/undefined/status/1847875501236638111;1.35933e+18;;hancur;netral;['hancur'];2
kurikulum-merdeka_20.csv;1.84761e+18;Sun Oct 20 05:44:28 +0000 2024;0.0;@CakKhum @nadiemmakarim Gw yakin dia sebenernya bisa cuman panik dan demam panggung jadi begitu;1.84788e+18;;CakKhum;in;;0.0;0.0;0.0;https://x.com/undefined/status/1847876517256450376;321277553.0;;gw yakin dia sebenernya bisa cuman panik demam panggung begitu;netral;['gw', 'sebenernya', 'cuman', 'panik', 'demam', 'panggung'];3
kurikulum-merdeka_20.csv;1.84761e+18;Sun Oct 20 05:46:19 +0000 2024;0.0;@CakKhum @nadiemmakarim Kayak CEO kmrn yg bilang twenty thousand sixteen untuk 2016;1.84788e+18;;CakKhum;in;;0.0;0.0;0.0;https://x.com/undefined/status/1847876981918224901;1.60413e+18;;kayak ceo kmrn bilang twenty thousand sixteen;netral;['kayak', 'ceo', 'kmrn', 'bilang', 'twenty', 'thousand', 'sixteen'];3
kurikulum-merdeka_20.csv;1.84761e+18;Sun Oct 20 05:46:47 +0000 2024;0.0;@CakKhum @nadiemmakarim Padahal cuman disuruh nulis 9000. Coba disuruh nulis sembilan ribu seratus yaa pegel lah;1.84788e+18;;CakKhum;in;;0.0;0.0;0.0;https://x.com/undefined/status/1847877099400708409;78107609.0;;padahal cuman suruh nulis coba suruh nulis sembilan ribu ratus yaa gel;netral;['cuman', 'suruh', 'nulis', 'coba', 'suruh', 'nulis', 'sembilan', 'ribu', 'ratus', 'yaa', 'gel'];4
kurikulum-merdeka_20.csv;1.84761e+18;Sun Oct 20 05:47:26 +0000 2024;0.0;@CakKhum @nadiemmakarim Naha nu kie bisa di taeken nepika ka SMK;1.84788e+18;;CakKhum;in;;0.0;1.0;0.0;https://x.com/undefined/status/1847877263716733079;1.5867e+18;;naha nu kie bisa taeken nepika ka smk;netral;['naha', 'nu', 'kie', 'taeken', 'nepika', 'ka', 'smk'];0
kurikulum-merdeka_20.csv;1.84761e+18;Sun Oct 20 06:13:32 +0000 2024;0.0;@CakKhum @nadiemmakarim Koq bisa naik kelas sampai SMK ya;1.84788e+18;;CakKhum;in;;0.0;0.0;0.0;https://x.com/undefined/status/1847883832021962895;1.7664e+18;;koq bisa naik kelas sampai smk;netral;['koq', 'kelas', 'smk'];0
kurikulum-merdeka_20.csv;1.84761e+18;Sun Oct 20 06:13:34 +0000 2024;0.0;@CakKhum @nadiemmakarim Dia baru nulis angka 9 aja gw langsung emosi.. ?;1.84788e+18;;CakKhum;in;;0.0;0.0;0.0;https://x.com/undefined/status/1847883843476607132;9.39672e+17;;dia baru nulis angka gw langsung emosi;netral;['nulis', 'angka', 'gw', 'langsung', 'emosi'];2
kurikulum-merdeka_20.csv;1.84761e+18;Sun Oct 20 06:14:30 +0000 2024;0.0;@CakKhum @nadiemmakarim Menangis;1.84788e+18;;CakKhum;in;;0.0;0.0;0.0;https://x.com/undefined/status/1847884075589390414;1.29557e+18;;menang;netral;['menang'];2
kurikulum-merdeka_20.csv;1.84761e+18;Sun Oct 20 06:15:09 +0000 2024;0.0;@CakKhum @nadiemmakarim Yang penting jago main hape ya pak @nadiemmakarim;1.84788e+18;;CakKhum;in;;0.0;0.0;0.0;https://x.com/undefined/status/1847884238827507716;1.32651e+18;;penting jago main hape pak;netral;['jago', 'main', 'hape'];4
kurikulum-merdeka_20.csv;1.84761e+18;Sun Oct 20 06:18:09 +0000 2024;0.0;@CakKhum @nadiemmakarim Cah goblok;1.84788e+18;;CakKhum;in;;0.0;0.0;0.0;https://x.com/undefined/status/1847884993353367694;1.6055e+18;;cah goblok;netral;['cah', 'goblok'];2
kurikulum-merdeka_20.csv;1.84761e+18;Sun Oct 20 06:22:10 +0000 2024;0.0;@CakKhum @nadiemmakarim https://t.co/gXk3rcq8EM;1.84789e+18;https://pbs.twimg.com/media/GaUChZrbUAEzPql.jpg;CakKhum;qme;;0.0;0.0;0.0;https://x.com/undefined/status/1847886006659547568;1.4641e+18;;;netral;['nan'];0
kurikulum-merdeka_20.csv;1.84761e+18;Sun Oct 20 06:22:57 +0000 2024;0.0;@CakKhum @nadiemmakarim Masa anak SD aja bisa;1.84789e+18;;CakKhum;in;;0.0;0.0;0.0;https://x.com/undefined/status/1847886202244059529;1.01487e+18;;masa anak sd bisa;netral;['anak', 'sd'];1
kurikulum-merdeka_20.csv;1.84761e+18;Sun Oct 20 06:26:24 +0000 2024;0.0;@CakKhum @nadiemmakarim Kebanyakan mabar;1.84789e+18;;CakKhum;in;;0.0;0.0;0.0;https://x.com/undefined/status/1847887070754451931;1.7338e+18;;banyak mabar;netral;['mabar'];3
kurikulum-merdeka_20.csv;1.84761e+18;Sun Oct 20 06:26:52 +0000 2024;0.0;@CakKhum @nadiemmakarim Menyedihkan kali wajah pendidikan skrg;1.84789e+18;;CakKhum;in;;0.0;0.0;0.0;https://x.com/undefined/status/1847887188832506342;1.29139e+18;;sedih kali wajah didik skrg;netral;['sedih', 'kali', 'wajah', 'didik', 'skrg'];0
kurikulum-merdeka_20.csv;1.84761e+18;Sun Oct 20 06:28:43 +0000 2024;0.0;@CakKhum @nadiemmakarim Sekarang mah masih ada kelas 7 yg belum bisa baca. Pendidikan sekarang rusak;1.84789e+18;;CakKhum;in;;0.0;0.0;0.0;https://x.com/undefined/status/1847887652932243882;1.81487e+18;;sekarang masih ada kelas bisa baca didik sekarang rusak;netral;['kelas', 'baca', 'didik', 'rusak'];0
kurikulum-merdeka_20.csv;1.84761e+18;Sun Oct 20 12:26:18 +0000 2024;0.0;@CakKhum @nadiemmakarim Kurikulum merdeka yg mengadopsi dr Finlandia jelas tdk cocok diterapkan di kita;1.84798e+18;;CakKhum;in;;0.0;0.0;0.0;https://x.com/undefined/status/1847977644740280646;1.82115e+18;;kurikulum merdeka adopsi finlandia jelas cocok terap kita;netral;['kurikulum', 'merdeka', 'adopsi', 'finlandia', 'cocok', 'terap'];0
kurikulum-merdeka_20.csv;1.84761e+18;Sun Oct 20 12:29:52 +0000 2024;0.0;@CakKhum @nadiemmakarim Buseng dongo bangt. Lo ngapz di sekolah oncom.;1.84798e+18;;CakKhum;in;;0.0;0.0;0.0;https://x.com/undefined/status/1847978541654143139;782318126.0;;buseng dongo bangt lo ngapz sekolah oncom;netral;['buseng', 'dongo', 'bangt', 'lo', 'ngapz', 'sekolah', 'oncom'];1
kurikulum-merdeka_20.csv;1.84761e+18;Sun Oct 20 12:30:16 +0000 2024;0.0;@CakKhum @nadiemmakarim YG penting MERDEKA AJA dlu... Anggaran Triliunan hasil pelajar begini banyak SEkolah yg Rusak dan tidak layak dibilang sekolah. GAji Guru honorer apalagi di pedalaman ga Manusiawi... kerjaan Boss Ojek disuruh jadi Mentri pendidikan y gini..;1.84798e+18;;CakKhum;in;;0.0;0.0;0.0;https://x.com/undefined/status/1847978640190877766;1.84538e+18;;penting merdeka dlu anggar triliun hasil ajar begini banyak sekolah rusak layak bilang sekolah gaji guru honorer apalagi dalam manusiawi kerja boss ojek suruh tri didik y gin;netral;['merdeka', 'dlu', 'anggar', 'triliun', 'hasil', 'ajar', 'sekolah', 'rusak', 'layak', 'bilang', 'sekolah', 'gaji', 'guru', 'honorer', 'manusiawi', 'kerja', 'boss', 'ojek', 'suruh', 'tri', 'didik', 'y', 'gin'];0
kurikulum-merdeka_20.csv;1.84761e+18;Sun Oct 20 12:32:11 +0000 2024;0.0;@CakKhum @nadiemmakarim generasi (c)emas;1.84798e+18;;CakKhum;in;;0.0;0.0;0.0;https://x.com/undefined/status/1847979123148222884;326524256.0;;generasi c emas;netral;['generasi', 'c', 'emas'];2
kurikulum-merdeka_20.csv;1.84761e+18;Sun Oct 20 12:35:22 +0000 2024;0.0;@CakKhum @nadiemmakarim kok bisa SMK?;1.84798e+18;;CakKhum;in;;0.0;0.0;0.0;https://x.com/undefined/status/1847979925686669388;574220827.0;;bisa smk;netral;['smk'];2
kurikulum-merdeka_20.csv;1.84761e+18;Sun Oct 20 12:39:11 +0000 2024;0.0;@CakKhum @nadiemmakarim Jebol dah keuangan perusahaan kalo lulusan akuntansi model2 kayak gini !;1.84798e+18;;CakKhum;in;;0.0;0.0;0.0;https://x.com/undefined/status/1847980884940763601;119337778.0;;jebol uang usaha kalo lulus akuntansi model kayak gin;netral;['jebol', 'uang', 'usaha', 'kalo', 'lulus', 'akuntansi', 'model', 'kayak', 'gin'];0
kurikulum-merdeka_20.csv;1.84761e+18;Sun Oct 20 12:42:39 +0000 2024;0.0;@CakKhum @nadiemmakarim Kelas 10 sih gokil;1.84798e+18;;CakKhum;in;;0.0;0.0;0.0;https://x.com/undefined/status/1847981756353487333;1.04001e+18;;kelas sih gokil;netral;['kelas', 'sih', 'gokil'];2
kurikulum-merdeka_20.csv;1.84761e+18;Sun Oct 20 12:43:56 +0000 2024;0.0;@CakKhum @nadiemmakarim GOBLOK;1.84798e+18;;CakKhum;in;;0.0;0.0;0.0;https://x.com/undefined/status/1847982079419863445;1.11889e+18;;goblok;netral;['goblok'];0
kurikulum-merdeka_20.csv;1.84761e+18;Sun Oct 20 12:45:55 +0000 2024;0.0;@CakKhum @nadiemmakarim @setiadirizqii 2045 gold generation ntar kalah 5x turun ke silver wkwkw;1.84798e+18;;CakKhum;in;;0.0;0.0;0.0;https://x.com/undefined/status/1847982579594735749;1.61775e+18;;gold generation ntar kalah x turun silver wkwkw;netral;['gold', 'generation', 'ntar', 'kalah', 'x', 'turun', 'silver', 'wkwkw'];4
kurikulum-merdeka_20.csv;1.84761e+18;Sun Oct 20 12:50:01 +0000 2024;0.0;@CakKhum @nadiemmakarim Serius??? Bgtu doang bngung;1.84798e+18;;CakKhum;in;;0.0;0.0;0.0;https://x.com/undefined/status/1847983613054517507;1153800667.0;;serius bgtu doang bngung;netral;['serius', 'bgtu', 'doang', 'bngung'];0
kurikulum-merdeka_21.csv;1.87575e+18;Sun Jan 05 03:59:26 +0000 2025;17.0;@zanatul_91 Alinea 2: pernah ngobrol dgn snior yg fasil. GP terucap kita jgn slhkn kurikulum Kurmer itu bagus menyempurnkn K13. Kl kurmer g jalan di sklh/kls itu gurunya yg slh g bs mnjalankn Alinea 5: pola yg sama dipakai di ltr blkang skripsi mhs;1.87575e+18;;zanatul_91;in;;2.0;1.0;3.0;https://x.com/undefined/status/1875753950609338778;1.06698e+18;;alinea pernah ngobrol snior fasil gp ucap kita jgn slhkn kurikulum kurmer bagus menyempurnkn k kl kurmer g jalan sklh kls guru slh g bs mnjalankn alinea pola sama pakai ltr blkang skripsi mhs;positif;['alinea', 'ngobrol', 'snior', 'fasil', 'gp', 'jgn', 'slhkn', 'kurikulum', 'kurmer', 'bagus', 'menyempurnkn', 'k', 'kl', 'kurmer', 'g', 'jalan', 'sklh', 'kls', 'guru', 'slh', 'g', 'bs', 'mnjalankn', 'alinea', 'pola', 'pakai', 'ltr', 'blkang', 'skripsi', 'mhs'];0
kurikulum-merdeka_21.csv;1.87575e+18;Sun Jan 05 06:43:11 +0000 2025;10.0;@zanatul_91 Kemudian dana habis untuk penguatan yang ga tau kuatnya kapan ;1.8758e+18;;zanatul_91;in;;0.0;2.0;1.0;https://x.com/undefined/status/1875795159310594530;1.68805e+18;;kemudian dana habis kuat tau kuat kapan;netral;['dana', 'habis', 'kuat', 'tau', 'kuat'];3
kurikulum-merdeka_21.csv;1.87575e+18;Sun Jan 05 13:47:59 +0000 2025;9.0;@zanatul_91 Biasanya narasi diikuti dengan kalimat akhir Ketik di komentar mau Jika ingin ikut pelatihan pembelajaran mendalam.;1.8759e+18;;zanatul_91;in;;0.0;1.0;0.0;https://x.com/undefined/status/1875902066503434534;170524120.0;;biasa narasi ikut kalimat akhir ketik komentar mau jika ingin ikut latih ajar dalam;netral;['narasi', 'kalimat', 'ketik', 'komentar', 'latih', 'ajar'];4
kurikulum-merdeka_21.csv;1.87575e+18;Sun Jan 05 03:59:20 +0000 2025;8.0;@zanatul_91 Pa kenapa ya klo disini yg diupdate/diubah tu kurikulum secara menyeluruh ya? Klo saya liat di luar negeri yg sering di update tu hanya common core atau CP/KD nya saja dan bagaimana caranya guru bisa mengajarkan common core nya. Atau diluar negeri juga sama kaya kita?;1.87575e+18;;zanatul_91;in;;0.0;3.0;0.0;https://x.com/undefined/status/1875753926261403820;116374572.0;;pa kenapa kalau sini diupdate ubah tu kurikulum cara seluruh kalau saya liat luar negeri sering update tu hanya common core cp kd bagaimana cara guru bisa ajar common core luar negeri sama kaya kita;netral;['pa', 'diupdate', 'ubah', 'tu', 'kurikulum', 'liat', 'negeri', 'update', 'tu', 'common', 'core', 'cp', 'kd', 'guru', 'ajar', 'common', 'core', 'negeri', 'kaya'];2
kurikulum-merdeka_21.csv;1.87575e+18;Sun Jan 05 15:32:40 +0000 2025;6.0;@zanatul_91 Mungkin oot ya mas. Itu di acara kompetisi ruang guru kebanyakan sekolah swasta aja udah menggambarkan kurikulum negeri ga bagus wkwkwk;1.87593e+18;;zanatul_91;in;;0.0;1.0;1.0;https://x.com/undefined/status/1875928410482254207;232390238.0;;mungkin oot mas acara kompetisi ruang guru banyak sekolah swasta gambar kurikulum negeri bagus wkwkwk;positif;['oot', 'mas', 'acara', 'kompetisi', 'ruang', 'guru', 'sekolah', 'swasta', 'gambar', 'kurikulum', 'negeri', 'bagus', 'wkwkwk'];1
kurikulum-merdeka_21.csv;1.87575e+18;Sun Jan 05 04:26:31 +0000 2025;6.0;@zanatul_91 lalu bagaimana cara merebut narasi terutama agak tidak disetir?;1.87576e+18;;zanatul_91;in;;0.0;1.0;0.0;https://x.com/undefined/status/1875760768362353106;1976991588.0;;lalu bagaimana cara rebut narasi utama agak setir;netral;['rebut', 'narasi', 'utama', 'setir'];4
kurikulum-merdeka_21.csv;1.87575e+18;Sun Jan 05 03:52:34 +0000 2025;1.0;@zanatul_91 Saya awal tahun liat SW rekan2 pada pasang twibon pelatihan macam ini. Pas liat narsumnya kok dari ESEMEM. hadeuh...;1.87575e+18;;zanatul_91;in;;0.0;4.0;0.0;https://x.com/undefined/status/1875752222631587936;201324703.0;;saya awal tahun liat sw rekan pasang twibon latih macam pas liat narsumnya esemem hadeuh;netral;['liat', 'sw', 'rekan', 'pasang', 'twibon', 'latih', 'pas', 'liat', 'narsumnya', 'esemem', 'hadeuh'];1
kurikulum-merdeka_21.csv;1.87575e+18;Mon Jan 06 15:51:38 +0000 2025;1.0;@zanatul_91 Lantas dimana kah drama klasik ini semua bermuara? Hahaha ...;1.8763e+18;;zanatul_91;in;;0.0;1.0;0.0;https://x.com/undefined/status/1876295569473503691;1.49953e+18;;lantas mana kah drama klasik semua muara hahaha;netral;['lantas', 'kah', 'drama', 'klasik', 'muara', 'hahaha'];4
kurikulum-merdeka_21.csv;1.87575e+18;Sun Jan 05 04:22:46 +0000 2025;0.0;@zanatul_91 Nanti muncul miskonsepsi baru gitu kayak yang udah-udah ;1.87576e+18;;zanatul_91;in;;0.0;1.0;0.0;https://x.com/undefined/status/1875759822379085918;493914366.0;;nanti muncul miskonsepsi baru begitu kayak;netral;['muncul', 'miskonsepsi', 'kayak'];4
kurikulum-merdeka_21.csv;1.87575e+18;Sun Jan 05 15:20:02 +0000 2025;0.0;@zanatul_91 Mengawang bro ulasanmu. Dalam gerakan protes ini bakal gak laku. Coba lebih dimaterialkan lagi biar ada dialektika.;1.87593e+18;;zanatul_91;in;;0.0;1.0;0.0;https://x.com/undefined/status/1875925231635984638;97684970.0;;awang bro ulas dalam gera protes bakal gak laku coba lebih material biar ada dialektika;netral;['awang', 'bro', 'ulas', 'gera', 'protes', 'gak', 'laku', 'coba', 'material', 'biar', 'dialektika'];3
kurikulum-merdeka_21.csv;1.87575e+18;Sun Jan 05 08:39:59 +0000 2025;0.0;@zanatul_91 Membaca latar belakang pun sudah tergambar tujuan dan arah nya kemana;1.87582e+18;;zanatul_91;in;;0.0;0.0;0.0;https://x.com/undefined/status/1875824552728740220;1.67242e+18;;baca latar belakang gambar tuju arah mana;netral;['baca', 'latar', 'gambar', 'tuju', 'arah'];1
kurikulum-merdeka_21.csv;1.87575e+18;Sun Jan 05 09:36:59 +0000 2025;0.0;@zanatul_91 Setuju;1.87584e+18;;zanatul_91;in;;0.0;0.0;0.0;https://x.com/undefined/status/1875838897919574519;210252839.0;;tuju;netral;['tuju'];4
kurikulum-merdeka_21.csv;1.87575e+18;Sun Jan 05 13:44:08 +0000 2025;0.0;@zanatul_91 Emang kayanya jadi guru di era kurmer kaya ga ada benernya wkwk;1.8759e+18;;zanatul_91;in;;0.0;0.0;0.0;https://x.com/undefined/status/1875901094397870427;74053546.0;;emang kaya guru era kurmer kaya ada benernya;netral;['emang', 'kaya', 'guru', 'era', 'kurmer', 'kaya', 'benernya'];4
kurikulum-merdeka_21.csv;1.87575e+18;Sun Jan 05 19:58:50 +0000 2025;0.0;@zanatul_91 dan ini sudah berlangsung puluhan tahun;1.876e+18;;zanatul_91;in;;0.0;0.0;0.0;https://x.com/undefined/status/1875995390937530414;1.53725e+18;;langsung puluh tahun;netral;['langsung', 'puluh'];4
kurikulum-merdeka_21.csv;1.87575e+18;Sun Jan 05 23:23:07 +0000 2025;0.0;"@zanatul_91 Alhamdulillah aku sudah mengajar 6 tahun di sekolah SPK dgn kurikulum cambridge dan punya beberapa siswa les dari mana?dan kurikulum macam?(singapore curriculum jg IB &amp; cambridge). Dari pengalaman ini aku belajar banyak bgt terutama di maths krn aku mengajar maths. Akhirnya...";1.87605e+18;;zanatul_91;in;;0.0;1.0;0.0;https://x.com/undefined/status/1876046801096319388;324866694.0;;alhamdulillah aku ajar tahun sekolah spk kurikulum cambridge punya beberapa siswa les mana kurikulum macam singapore curriculum ib amp cambridge alam aku ajar banyak bgt utama maths krn aku ajar maths akhir;netral;['alhamdulillah', 'ajar', 'sekolah', 'spk', 'kurikulum', 'cambridge', 'siswa', 'les', 'kurikulum', 'singapore', 'curriculum', 'ib', 'amp', 'cambridge', 'alam', 'ajar', 'bgt', 'utama', 'maths', 'krn', 'ajar', 'maths'];1
kurikulum-merdeka_22.csv;1.848e+18;Sun Oct 20 23:46:32 +0000 2024;150.0;@TirtoID Usul: 1. Kembalikan BSNP dan Ujian Nasional 2. Penilaian kembalikan seperti k13 yg dipisah agar guri tdk subjektif 3. Hapus kewajiban isi PMM beban 4. Jam kerja guru kurangi 18 jjam/minggu 5. Berikan seluruh guru Tunjangan Profesi dan Tambahkan Tukin berbasis kinerja;1.84815e+18;;TirtoID;in;;1.0;3.0;21.0;https://x.com/undefined/status/1848148829868327137;512737310.0;;usul kembali bsnp uji nasional nilai kembali seperti k pisah agar guri subjektif hapus wajib isi pmm beban jam kerja guru kurang jjam minggu ikan seluruh guru tunjang profesi tambah tukin bas kerja;negatif;['usul', 'bsnp', 'uji', 'nasional', 'nilai', 'k', 'pisah', 'guri', 'subjektif', 'hapus', 'wajib', 'isi', 'pmm', 'beban', 'jam', 'kerja', 'guru', 'jjam', 'minggu', 'ikan', 'guru', 'tunjang', 'profesi', 'tukin', 'bas', 'kerja'];2
kurikulum-merdeka_22.csv;1.848e+18;Sun Oct 20 15:58:32 +0000 2024;162.0;@TirtoID Saking gagalnya bahkan opsi dilanjutkan dengan perbaikan aja terasa sangat sulit diterima. Mending kembali ke kurikulum 2013 aja kalau belom ada solusi dan hapus tugas administrasi bejibun para guru yg gak ada imbas positif langsung bagi peserta didik.;1.84803e+18;;TirtoID;in;;0.0;6.0;9.0;https://x.com/undefined/status/1848031054529184152;1.49239e+18;;saking gagal bahkan opsi lanjut baik asa sangat sulit terima mending kembali kurikulum kalau bom ada solusi hapus tugas administrasi bejibun para guru gak ada imbas positif langsung bagi serta didik;positif;['saking', 'gagal', 'opsi', 'asa', 'sulit', 'terima', 'mending', 'kurikulum', 'bom', 'solusi', 'hapus', 'tugas', 'administrasi', 'bejibun', 'guru', 'gak', 'imbas', 'positif', 'langsung', 'didik'];0
kurikulum-merdeka_22.csv;1.848e+18;Sun Oct 20 22:44:39 +0000 2024;149.0;@TirtoID Hapus sistem zonasi kembalikan nilai jadi acuan agar semangat belajar muncul kembali;1.84813e+18;;TirtoID;in;;1.0;5.0;14.0;https://x.com/undefined/status/1848133257763893415;8.37563e+17;;hapus sistem zonasi kembali nilai acu agar semangat ajar muncul kembali;netral;['hapus', 'sistem', 'zonasi', 'nilai', 'acu', 'semangat', 'ajar', 'muncul'];4
kurikulum-merdeka_22.csv;1.848e+18;Mon Oct 21 09:01:07 +0000 2024;76.0;"@TirtoID ganti. itu kurikulum Ojol basisnya. yg mau dicapai bkn kecerdasan tp EFTA &amp; GMV";1.84829e+18;;TirtoID;in;;0.0;3.0;3.0;https://x.com/undefined/status/1848288394377597138;2281694042.0;;ganti kurikulum ojol basis mau capai bkn cerdas tapi efta amp gmv;positif;['ganti', 'kurikulum', 'ojol', 'basis', 'capai', 'bkn', 'cerdas', 'efta', 'amp', 'gmv'];0
kurikulum-merdeka_22.csv;1.848e+18;Mon Oct 21 12:38:35 +0000 2024;68.0;@TirtoID Gantilah kembalikan ke jalur yg benar;1.84834e+18;;TirtoID;in;;0.0;2.0;0.0;https://x.com/undefined/status/1848343122486477152;224431376.0;;ganti kembali jalur benar;netral;['ganti', 'jalur'];1
kurikulum-merdeka_22.csv;1.848e+18;Sun Oct 20 15:58:54 +0000 2024;62.0;@TirtoID Kesejahteraan guru aja perjelas balikin sistem gak naik kelas adakan UN. Udah itu aja dulu.;1.84803e+18;;TirtoID;in;;0.0;0.0;2.0;https://x.com/undefined/status/1848031146963284187;1.27359e+18;;sejahtera guru jelas balikin sistem gak naik kelas adakan un dulu;netral;['sejahtera', 'guru', 'balikin', 'sistem', 'gak', 'kelas', 'adakan', 'un'];2
kurikulum-merdeka_22.csv;1.848e+18;Sun Oct 20 23:03:11 +0000 2024;43.0;@TirtoID Ganti ya Pak.... Kembalikan pendidikan agama bahasa Indonesia bahasa daerah pendidikan moral (Pancasila);1.84814e+18;;TirtoID;in;;0.0;1.0;0.0;https://x.com/undefined/status/1848137920416563532;170609323.0;;ganti pak kembali didik agama bahasa indonesia bahasa daerah didik moral pancasila;netral;['ganti', 'didik', 'agama', 'bahasa', 'indonesia', 'bahasa', 'daerah', 'didik', 'moral', 'pancasila'];0
kurikulum-merdeka_22.csv;1.848e+18;Mon Oct 21 07:03:54 +0000 2024;32.0;@TirtoID @muhammadiyah tolong sampaikan ganti aja. Hasilnya begini kok ?? Nadiem itu gagal. Gak cocok idenya diimplementasikan di Indonesia. Hasilnya malah buruk..data berbicara. https://t.co/ukQxQEnqXu;1.84826e+18;https://pbs.twimg.com/media/GaZVqzFaYAAbfH1.jpg;TirtoID;in;;0.0;3.0;3.0;https://x.com/undefined/status/1848258897699803628;1.51347e+18;;tolong sampai ganti hasil begini nadiem gagal gak cocok ide implementasi indonesia hasil malah buruk data bicara;negatif;['tolong', 'ganti', 'hasil', 'nadiem', 'gagal', 'gak', 'cocok', 'ide', 'implementasi', 'indonesia', 'hasil', 'buruk', 'data', 'bicara'];0
kurikulum-merdeka_22.csv;1.848e+18;Sun Oct 20 22:19:42 +0000 2024;24.0;@TirtoID Nah sudah tradisi anak?sekolah hanya menjadi uji coba? Peraturan gonta-ganti gak pernah tuntas.. Peraturan pendidikan hanya jadi bahan kelinci percobaan. Suka-duka menterinya saja. Mau menjadi INDONESIA EMAS?;1.84813e+18;;TirtoID;in;;0.0;1.0;1.0;https://x.com/undefined/status/1848126976290427113;84004006.0;;tradisi anak sekolah hanya jadi uji coba atur gonta ganti gak pernah tuntas atur didik hanya bahan kelinci coba suka duka menteri mau jadi indonesia emas;netral;['tradisi', 'anak', 'sekolah', 'uji', 'coba', 'atur', 'gonta', 'ganti', 'gak', 'tuntas', 'atur', 'didik', 'bahan', 'kelinci', 'coba', 'suka', 'duka', 'menteri', 'indonesia', 'emas'];0
kurikulum-merdeka_22.csv;1.848e+18;Mon Oct 21 01:50:49 +0000 2024;14.0;@TirtoID Ini yg pada komen ganti2 pada ga ngerasain guru2 + murid adaptasinya gmn. LANJUTKAN dengan PERBAIKAN aja Pak. Jangan gonta-ganti mulu diperkuat saja dengan sistem untuk guru yg baik. Pointnya di guru soalnya.;1.84818e+18;;TirtoID;in;;0.0;2.0;3.0;https://x.com/undefined/status/1848180107334262995;1530652064.0;;komen ganti ngerasain guru murid adaptasi gmn lanjut baik pak jangan gonta ganti mulu kuat sistem guru baik point guru soal;positif;['komen', 'ganti', 'ngerasain', 'guru', 'murid', 'adaptasi', 'gmn', 'gonta', 'ganti', 'mulu', 'kuat', 'sistem', 'guru', 'point', 'guru'];2
kurikulum-merdeka_22.csv;1.848e+18;Sun Oct 20 14:52:15 +0000 2024;0.0;@TirtoID Gak usah kaji lama?besok lgsg ganti aja Pak ;1.84801e+18;;TirtoID;in;;0.0;0.0;1.0;https://x.com/undefined/status/1848014372117098777;1.05401e+18;;gak usah kaji lama besok lgsg ganti pak;netral;['gak', 'kaji', 'besok', 'lgsg', 'ganti'];0
kurikulum-merdeka_22.csv;1.848e+18;Sun Oct 20 15:28:38 +0000 2024;2.0;@TirtoID Ganti Pak Please anak SMA udah banyak yg nggak ngerti pelajaran sama guru juga dgn Program menteri kemarin banyak nggak jelasnya;1.84802e+18;;TirtoID;in;;0.0;1.0;0.0;https://x.com/undefined/status/1848023529108930755;705413311.0;;ganti pak please anak sma banyak nggak ngerti ajar sama guru program menteri kemarin banyak nggak jelas;netral;['ganti', 'please', 'anak', 'sma', 'nggak', 'ngerti', 'ajar', 'guru', 'program', 'menteri', 'kemarin', 'nggak'];0
kurikulum-merdeka_22.csv;1.848e+18;Mon Oct 21 02:09:05 +0000 2024;2.0;@TirtoID Lebih setuju buat lanjut dan evaluasi sih. Kita udah sering gonta-ganti yg bilang ganti2 aja lu pada cuma liat konten negatif yg keliatan aja. Ga kebayang kalo harus ganti lagi.;1.84818e+18;;TirtoID;in;;0.0;0.0;0.0;https://x.com/undefined/status/1848184704916439099;97590839.0;;lebih tuju buat lanjut evaluasi sih kita sering gonta ganti bilang ganti kamu cuma liat konten negatif liat bayang kalo harus ganti;negatif;['tuju', 'evaluasi', 'sih', 'gonta', 'ganti', 'bilang', 'ganti', 'liat', 'konten', 'negatif', 'liat', 'bayang', 'kalo', 'ganti'];0
kurikulum-merdeka_22.csv;1.848e+18;Mon Oct 21 04:04:53 +0000 2024;2.0;@TirtoID kalau sampai lanjut ampun dah berarti memang kt rakyat disuruh goblok bodoh biar ga banyak nuntut sekolah rusak guru hidup miskin dll biar nanti pemilu tinggal keruk suaranya;1.84821e+18;;TirtoID;in;;0.0;0.0;0.0;https://x.com/undefined/status/1848213843253792960;409811914.0;;kalau sampai lanjut ampun arti memang kt rakyat suruh goblok bodoh biar banyak nuntut sekolah rusak guru hidup miskin dll biar nanti milu tinggal keruk suara;netral;['ampun', 'arti', 'kt', 'rakyat', 'suruh', 'goblok', 'bodoh', 'biar', 'nuntut', 'sekolah', 'rusak', 'guru', 'hidup', 'miskin', 'dll', 'biar', 'milu', 'tinggal', 'keruk', 'suara'];1
kurikulum-merdeka_22.csv;1.848e+18;Mon Oct 21 09:32:24 +0000 2024;2.0;@TirtoID Bapak juga harus mengkaji gaji guru honorer..;1.8483e+18;;TirtoID;in;;0.0;0.0;0.0;https://x.com/undefined/status/1848296267316912520;3165306314.0;;bapak harus kaji gaji guru honorer;netral;['kaji', 'gaji', 'guru', 'honorer'];2
kurikulum-merdeka_22.csv;1.848e+18;Mon Oct 21 12:32:13 +0000 2024;2.0;@TirtoID Punten ini yang pada bilang ganti profesinya guru apa bukan? Belajar dan adaptasinya itu lhoo bikin siswa dinomorsekiankan terus. Sebenernya tugas utama guru itu apa?;1.84834e+18;;TirtoID;in;;0.0;0.0;0.0;https://x.com/undefined/status/1848341518307954869;272820320.0;;punten bilang ganti profesi guru bukan ajar adaptasi lhoo bikin siswa dinomorsekiankan terus sebenernya tugas utama guru;netral;['punten', 'bilang', 'ganti', 'profesi', 'guru', 'ajar', 'adaptasi', 'lhoo', 'bikin', 'siswa', 'dinomorsekiankan', 'sebenernya', 'tugas', 'utama', 'guru'];4
kurikulum-merdeka_22.csv;1.848e+18;Sun Oct 20 14:49:59 +0000 2024;1.0;@TirtoID Ganti pak..kurikulum gak jelas.....;1.84801e+18;;TirtoID;in;;0.0;0.0;0.0;https://x.com/undefined/status/1848013803583410632;1.09785e+18;;ganti pak kurikulum gak jelas;netral;['ganti', 'kurikulum', 'gak'];0
kurikulum-merdeka_22.csv;1.848e+18;Sun Oct 20 16:03:19 +0000 2024;1.0;@TirtoID semoga UNAS ada lagi tolong selamatkan anak bangsa pak;1.84803e+18;;TirtoID;in;;0.0;0.0;0.0;https://x.com/undefined/status/1848032255765348611;631892891.0;;moga unas ada tolong selamat anak bangsa pak;netral;['moga', 'unas', 'tolong', 'selamat', 'anak', 'bangsa'];0
kurikulum-merdeka_22.csv;1.848e+18;Sun Oct 20 16:32:00 +0000 2024;1.0;@TirtoID Mending kurikulum merdeka dihapuskan saja.;1.84804e+18;;TirtoID;in;;0.0;0.0;0.0;https://x.com/undefined/status/1848039473499738610;1358596364.0;;mending kurikulum merdeka hapus;netral;['mending', 'kurikulum', 'merdeka', 'hapus'];0
kurikulum-merdeka_22.csv;1.848e+18;Sun Oct 20 16:50:51 +0000 2024;1.0;@TirtoID dim nadim rusak pendidikan dibuatnya;1.84804e+18;;TirtoID;in;;0.0;0.0;0.0;https://x.com/undefined/status/1848044217408565356;1.51887e+18;;dim nadim rusak didik buat;netral;['dim', 'nadim', 'rusak', 'didik'];0
kurikulum-merdeka_22.csv;1.848e+18;Sun Oct 20 18:19:55 +0000 2024;1.0;@TirtoID selamat bertugas Prof... semoga sukses;1.84807e+18;;TirtoID;in;;0.0;0.0;0.0;https://x.com/undefined/status/1848066632721338603;1.22039e+18;;selamat tugas prof moga sukses;positif;['selamat', 'tugas', 'prof', 'moga', 'sukses'];0
kurikulum-merdeka_22.csv;1.848e+18;Sun Oct 20 22:11:42 +0000 2024;1.0;@TirtoID Yg penting zonasi hilang dulu;1.84812e+18;;TirtoID;in;;0.0;0.0;0.0;https://x.com/undefined/status/1848124962198204668;1.07176e+18;;penting zonasi hilang dulu;netral;['zonasi', 'hilang'];3
kurikulum-merdeka_22.csv;1.848e+18;Sun Oct 20 22:21:29 +0000 2024;1.0;@TirtoID Kembalikan ke sistem pengajaran Ki Hajar dewantoro prof;1.84813e+18;;TirtoID;in;;0.0;2.0;0.0;https://x.com/undefined/status/1848127426565652632;9.22854e+17;;kembali sistem ajar ki hajar dewantoro prof;netral;['sistem', 'ajar', 'ki', 'hajar', 'dewantoro', 'prof'];4
kurikulum-merdeka_22.csv;1.848e+18;Sun Oct 20 22:58:02 +0000 2024;1.0;@TirtoID Hapus kurikulum merdeka;1.84814e+18;;TirtoID;in;;0.0;0.0;0.0;https://x.com/undefined/status/1848136625504800872;1.52456e+18;;hapus kurikulum merdeka;netral;['hapus', 'kurikulum', 'merdeka'];0
kurikulum-merdeka_22.csv;1.848e+18;Mon Oct 21 02:00:49 +0000 2024;1.0;@TirtoID Setuju buat dilanjutkan aja Pak! Evaluasi memang perlu untuk menyempurnakan. Zonasi kesejahteraan guru dan sistem2 lainnya. Tapi jangan diganti lagi ribet penyesuaiannya Pak.;1.84818e+18;;TirtoID;in;;0.0;0.0;0.0;https://x.com/undefined/status/1848182621622411658;1.47681e+18;;tuju buat lanjut pak evaluasi memang perlu sempurna zonasi sejahtera guru sistem lain tapi jangan ganti ribet sesuai pak;netral;['tuju', 'evaluasi', 'sempurna', 'zonasi', 'sejahtera', 'guru', 'sistem', 'ganti', 'ribet', 'sesuai'];4
kurikulum-merdeka_22.csv;1.848e+18;Mon Oct 21 02:04:58 +0000 2024;1.0;@TirtoID Kalo diganti butuh penyesuaian dan sosialisasi berapa lama lagi...;1.84818e+18;;TirtoID;in;;0.0;1.0;0.0;https://x.com/undefined/status/1848183665484087744;3228377210.0;;kalo ganti butuh sesuai sosialisasi berapa lama;netral;['kalo', 'ganti', 'butuh', 'sesuai', 'sosialisasi'];4
kurikulum-merdeka_22.csv;1.848e+18;Mon Oct 21 02:07:06 +0000 2024;1.0;@TirtoID Dilanjut aja plisss pusing kalo ganti lagi :') ini yg komen ganti2 aja ga ngerasain orang yg lagi skripsian ngajar dll. Diperbaiki aja sistem buat guru dan sarprasnya;1.84818e+18;;TirtoID;in;;0.0;1.0;0.0;https://x.com/undefined/status/1848184203529384392;1.08325e+18;;lanjut plis pusing kalo ganti komen ganti ngerasain orang skripsi ngajar dll baik sistem buat guru sarprasnya;positif;['plis', 'pusing', 'kalo', 'ganti', 'komen', 'ganti', 'ngerasain', 'orang', 'skripsi', 'ngajar', 'dll', 'sistem', 'guru', 'sarprasnya'];2
kurikulum-merdeka_22.csv;1.848e+18;Mon Oct 21 03:12:14 +0000 2024;1.0;@TirtoID Lanjut dengan penyesuaian saja Bapak. Penyakit negara kita ini salah satuny ganti pemimpin ganti kebijakan. Hal ini sering di cap sbg biang keladi negeri kita sering kalah dgn negara lain. Bolak balik dari nol lagi;1.8482e+18;;TirtoID;in;;0.0;0.0;0.0;https://x.com/undefined/status/1848200594600903056;7.10394e+17;;lanjut sesuai bapak sakit negara kita salah satuny ganti pimpin ganti bijak hal sering cap bagai biang keladi negeri kita sering kalah negara lain bolak balik nol;negatif;['sesuai', 'sakit', 'negara', 'salah', 'satuny', 'ganti', 'pimpin', 'ganti', 'bijak', 'cap', 'biang', 'keladi', 'negeri', 'kalah', 'negara', 'bolak', 'nol'];1
kurikulum-merdeka_22.csv;1.848e+18;Mon Oct 21 06:34:58 +0000 2024;1.0;@TirtoID Gak perlu diganti. Lanjutkan dengan perbaikan 1. Pertahankan CP terbaru 2024 2. Sistem zonasi dihapus 3. ANBK hapus 4. UN diadakan kembali 5. Kurangi beban administrasi guru di platform. Cukup bimtek bersama mgmp biar bisa menyelaraskan tujuan pembelajaran;1.84825e+18;;TirtoID;in;;0.0;0.0;0.0;https://x.com/undefined/status/1848251614655848815;9.96253e+17;;gak perlu ganti lanjut baik tahan cp baru sistem zonasi hapus anbk hapus un ada kembali kurang beban administrasi guru platform cukup bimtek sama mgmp biar bisa selaras tuju ajar;netral;['gak', 'ganti', 'tahan', 'cp', 'sistem', 'zonasi', 'hapus', 'anbk', 'hapus', 'un', 'beban', 'administrasi', 'guru', 'platform', 'bimtek', 'mgmp', 'biar', 'selaras', 'tuju', 'ajar'];3
kurikulum-merdeka_22.csv;1.848e+18;Mon Oct 21 09:07:29 +0000 2024;1.0;@TirtoID DIGANTILAH PAK! GARA GARA KURIKULUM MERDEKA BANYAK KUALITAS ANAK ANAK JAMAN SEKARANG PADA BEGO!;1.84829e+18;;TirtoID;in;;0.0;1.0;0.0;https://x.com/undefined/status/1848289997377696036;1.14971e+18;;ganti pak gara gara kurikulum merdeka banyak kualitas anak anak jaman sekarang bego;netral;['ganti', 'gara', 'gara', 'kurikulum', 'merdeka', 'kualitas', 'anak', 'anak', 'jaman', 'bego'];0
kurikulum-merdeka_22.csv;1.848e+18;Sun Oct 20 15:05:13 +0000 2024;0.0;@TirtoID Mendikdasmen dan Wamennya perwakilan Islam modernis semua;1.84802e+18;;TirtoID;in;;0.0;0.0;0.0;https://x.com/undefined/status/1848017636229349830;1.62503e+18;;mendikdasmen wamennya wakil islam modern semua;netral;['mendikdasmen', 'wamennya', 'wakil', 'islam', 'modern'];2
kurikulum-merdeka_22.csv;1.848e+18;Sun Oct 20 15:18:56 +0000 2024;0.0;@TirtoID Kalau sampai lanjut Yas Salam... ;1.84802e+18;;TirtoID;in;;0.0;0.0;0.0;https://x.com/undefined/status/1848021088636457391;7.37109e+17;;kalau sampai lanjut yas salam;netral;['yas', 'salam'];3
kurikulum-merdeka_22.csv;1.848e+18;Sun Oct 20 15:38:23 +0000 2024;0.0;@TirtoID ganti pak!;1.84803e+18;;TirtoID;in;;0.0;0.0;0.0;https://x.com/undefined/status/1848025982030016850;1251661214.0;;ganti pak;netral;['ganti'];0
kurikulum-merdeka_22.csv;1.848e+18;Sun Oct 20 15:53:21 +0000 2024;0.0;@TirtoID Harus reformasi bener2 prof;1.84803e+18;;TirtoID;in;;0.0;0.0;0.0;https://x.com/undefined/status/1848029747131097433;64125259.0;;harus reformasi bener prof;netral;['reformasi', 'bener', 'prof'];0
kurikulum-merdeka_22.csv;1.848e+18;Sun Oct 20 16:21:37 +0000 2024;0.0;@TirtoID Set dah ganti mentri ganti kurikulum. Udh kya kelinci percobaan anak2 sklh. pendidikan itu jangka panjang kebijakan terkait pendidikan harus berdasar riset bukan berdasarkan selera atau ikut2an.;1.84804e+18;;TirtoID;in;;0.0;1.0;0.0;https://x.com/undefined/status/1848036863770231094;1.65444e+18;;set ganti tri ganti kurikulum udh kya kelinci coba anak sklh didik jangka panjang bijak kait didik harus dasar riset bukan dasar selera ikut an;netral;['set', 'ganti', 'tri', 'ganti', 'kurikulum', 'udh', 'kya', 'kelinci', 'coba', 'anak', 'sklh', 'didik', 'jangka', 'bijak', 'kait', 'didik', 'dasar', 'riset', 'dasar', 'selera', 'an'];0
kurikulum-merdeka_22.csv;1.848e+18;Sun Oct 20 16:29:06 +0000 2024;0.0;@TirtoID Genah PMM ki hapus waee ;1.84804e+18;;TirtoID;in;;0.0;2.0;0.0;https://x.com/undefined/status/1848038743728628199;1268368987.0;;genah pmm ki hapus waee;netral;['genah', 'pmm', 'ki', 'hapus', 'waee'];0
kurikulum-merdeka_22.csv;1.848e+18;Sun Oct 20 16:40:50 +0000 2024;0.0;@TirtoID Ganti dul;1.84804e+18;;TirtoID;in;;0.0;0.0;0.0;https://x.com/undefined/status/1848041699773448418;3307612429.0;;ganti dul;netral;['ganti', 'dul'];2
kurikulum-merdeka_22.csv;1.848e+18;Sun Oct 20 17:20:56 +0000 2024;0.0;@TirtoID zonasi euy ubah mah:(;1.84805e+18;;TirtoID;in;;0.0;0.0;0.0;https://x.com/undefined/status/1848051788932579712;356091366.0;;zonasi euy ubah;netral;['zonasi', 'euy', 'ubah'];4
kurikulum-merdeka_22.csv;1.848e+18;Sun Oct 20 17:28:37 +0000 2024;0.0;@TirtoID Ganti!;1.84805e+18;;TirtoID;in;;0.0;0.0;0.0;https://x.com/undefined/status/1848053723916099901;59021200.0;;ganti;netral;['ganti'];0
kurikulum-merdeka_22.csv;1.848e+18;Sun Oct 20 17:59:35 +0000 2024;0.0;@TirtoID Kurikulum karya pembaruan;1.84806e+18;;TirtoID;in;;0.0;0.0;0.0;https://x.com/undefined/status/1848061515766673773;1.13899e+18;;kurikulum karya baru;netral;['kurikulum', 'karya'];0
kurikulum-merdeka_22.csv;1.848e+18;Mon Oct 21 12:18:48 +0000 2024;0.0;@TirtoID Ganti saja pak...kurikulum merdeka =kurikulum ngaco;1.84834e+18;;TirtoID;in;;0.0;0.0;0.0;https://x.com/undefined/status/1848338142350418022;2849059748.0;;ganti pak kurikulum merdeka kurikulum ngaco;netral;['ganti', 'kurikulum', 'merdeka', 'kurikulum', 'ngaco'];0
kurikulum-merdeka_22.csv;1.848e+18;Mon Oct 21 12:19:50 +0000 2024;0.0;@TirtoID GANTI PAK. Undang para akademisi yg berkecimpung dlm dunia pendidikan utk dpt masukan dri para ahlinya pak;1.84834e+18;;TirtoID;in;;0.0;0.0;0.0;https://x.com/undefined/status/1848338401969508511;1.68517e+18;;ganti pak undang para akademisi kecimpung dlm dunia didik utk dpt masuk dri para ahli pak;netral;['ganti', 'undang', 'akademisi', 'kecimpung', 'dlm', 'dunia', 'didik', 'utk', 'dpt', 'masuk', 'dri', 'ahli'];0
kurikulum-merdeka_22.csv;1.848e+18;Mon Oct 21 12:50:48 +0000 2024;0.0;@TirtoID ganti menteri ganti kurikulum. ngga beda jauh dg si mujaer;1.84835e+18;;TirtoID;in;;0.0;0.0;0.0;https://x.com/undefined/status/1848346198186565766;1.42059e+18;;ganti menteri ganti kurikulum ngga beda jauh mujaer;netral;['ganti', 'menteri', 'ganti', 'kurikulum', 'ngga', 'beda', 'mujaer'];0
kurikulum-merdeka_22.csv;1.848e+18;Mon Oct 21 12:55:24 +0000 2024;0.0;@TirtoID Ganti;1.84835e+18;;TirtoID;in;;0.0;0.0;0.0;https://x.com/undefined/status/1848347352614219957;1.75806e+18;;ganti;netral;['ganti'];0
kurikulum-merdeka_22.csv;1.848e+18;Mon Oct 21 12:56:26 +0000 2024;0.0;@TirtoID hapus zonasi marak pungli jual beli kursi kembaliin ke NEM yg goblok ya goblok aja tinggal kelas/ g masuk sekolah unggulan biar anak pny motovasi bersaing secara akademik.;1.84835e+18;;TirtoID;in;;0.0;0.0;0.0;https://x.com/undefined/status/1848347613550235854;2242754419.0;;hapus zonasi marak pungli jual beli kursi kembaliin nem goblok goblok tinggal kelas g masuk sekolah unggul biar anak pny motovasi saing cara akademik;netral;['hapus', 'zonasi', 'marak', 'pungli', 'jual', 'beli', 'kursi', 'kembaliin', 'nem', 'goblok', 'goblok', 'tinggal', 'kelas', 'g', 'masuk', 'sekolah', 'unggul', 'biar', 'anak', 'pny', 'motovasi', 'saing', 'akademik'];0
kurikulum-merdeka_22.csv;1.848e+18;Mon Oct 21 12:56:58 +0000 2024;0.0;"@TirtoID saya yakin beliau lebih waras dari si nadiem &amp; si mubajir";1.84835e+18;;TirtoID;in;;0.0;0.0;0.0;https://x.com/undefined/status/1848347748636217482;1.75927e+18;;saya yakin beliau lebih waras nadiem amp mubajir;netral;['beliau', 'waras', 'nadiem', 'amp', 'mubajir'];1
kurikulum-merdeka_22.csv;1.848e+18;Mon Oct 21 13:04:54 +0000 2024;0.0;@TirtoID Kenapa sng sekali ngadain gak naik kelas klo trnyta yang gak naik kls itu anakmu pasti kamu duluan protes.Gak semua ank bisa nguasai semua mapel;1.84835e+18;;TirtoID;in;;0.0;0.0;0.0;https://x.com/undefined/status/1848349742750941669;1.51815e+18;;kenapa sng sekali ngadain gak naik kelas kalau trnyta gak naik kls anak pasti kamu duluan protes gak semua ank bisa nguasai semua mapel;netral;['sng', 'ngadain', 'gak', 'kelas', 'trnyta', 'gak', 'kls', 'anak', 'duluan', 'protes', 'gak', 'ank', 'nguasai', 'mapel'];3
kurikulum-merdeka_22.csv;1.848e+18;Mon Oct 21 13:05:35 +0000 2024;0.0;@TirtoID Kalau nggak diganti berarti indonesia menuju (C)emas;1.84835e+18;;TirtoID;in;;0.0;0.0;0.0;https://x.com/undefined/status/1848349916718104788;1.08145e+18;;kalau nggak ganti arti indonesia tuju c emas;netral;['nggak', 'ganti', 'arti', 'indonesia', 'tuju', 'c', 'emas'];0
kurikulum-merdeka_22.csv;1.848e+18;Mon Oct 21 13:07:50 +0000 2024;0.0;@TirtoID Harus diganti kalau mau anak Indonesia cerdas beradab dan ber- etika;1.84835e+18;;TirtoID;in;;0.0;0.0;0.0;https://x.com/undefined/status/1848350481309163635;7.16301e+17;;harus ganti kalau mau anak indonesia cerdas adab ber etika;positif;['ganti', 'anak', 'indonesia', 'cerdas', 'adab', 'ber', 'etika'];0
kurikulum-merdeka_22.csv;1.848e+18;Mon Oct 21 13:09:10 +0000 2024;0.0;@TirtoID Kami para Guru sangat berharap semoga KUMER ini bisa di ganti secepat Mungkin Pak Mentri.;1.84835e+18;;TirtoID;in;;0.0;0.0;0.0;https://x.com/undefined/status/1848350819223306435;1.12817e+18;;kami para guru sangat harap moga kumer bisa ganti cepat mungkin pak tri;positif;['guru', 'harap', 'moga', 'kumer', 'ganti', 'cepat', 'tri'];2
kurikulum-merdeka_3.csv;1.76354e+18;Fri Mar 01 12:16:57 +0000 2024;6.0;@zanatul_91 Bang nih gue ada produk baru. Gue kasih tester nanti kalo cocok bs kita collabs buat ekspansi se nasional...;1.76354e+18;;zanatul_91;in;;0.0;1.0;0.0;https://x.com/undefined/status/1763538916496535576;714571951.0;;bang nih saya ada produk baru saya kasih tester nanti kalo cocok bs kita collabs buat ekspansi se nasional;netral;['bang', 'nih', 'produk', 'kasih', 'tester', 'kalo', 'cocok', 'bs', 'collabs', 'ekspansi', 'nasional'];4
kurikulum-merdeka_3.csv;1.76354e+18;Fri Mar 01 12:55:11 +0000 2024;5.0;"@zanatul_91 bukankah kurikulum merdeka ini dulu awal mulanya dari kurikulum prototipe &gt; kurikulum merdeka bagi sekolah PK / CoE &gt; terus banyak yang menggunakan baru mau dipaksakan menjadi kurikulum nasional. Artinya bukan berasal dari guru kan? cmiiw";1.76355e+18;;zanatul_91;in;;0.0;1.0;0.0;https://x.com/undefined/status/1763548539576340946;281039802.0;;bukankah kurikulum merdeka dulu awal mula kurikulum prototipe gt kurikulum merdeka bagi sekolah pk coe gt terus banyak guna baru mau paksa jadi kurikulum nasional arti bukan asal guru cmiiw;netral;['kurikulum', 'merdeka', 'kurikulum', 'prototipe', 'gt', 'kurikulum', 'merdeka', 'sekolah', 'pk', 'coe', 'gt', 'paksa', 'kurikulum', 'nasional', 'arti', 'guru', 'cmiiw'];0
kurikulum-merdeka_3.csv;1.76354e+18;Fri Mar 01 12:22:56 +0000 2024;3.0;@zanatul_91 Fungsi PGRI buat permasalahan seperti ini gimana ya?;1.76354e+18;;zanatul_91;in;;0.0;2.0;0.0;https://x.com/undefined/status/1763540423908429871;1.47477e+18;;fungsi pgri buat masalah seperti gimana;negatif;['fungsi', 'pgri', 'gimana'];1
kurikulum-merdeka_3.csv;1.76354e+18;Fri Mar 01 12:20:25 +0000 2024;1.0;@zanatul_91 Kemana PGRI ya Bang? Kok dak pernah bersuara terkait PMM dan Kumer. Giliran batas usia GP malah bersuara GP kan dak untuk semua guru.;1.76354e+18;;zanatul_91;in;;0.0;1.0;0.0;https://x.com/undefined/status/1763539791264784583;189028004.0;;mana pgri bang dak pernah suara kait pmm kumer gilir batas usia gp malah suara gp dak semua guru;netral;['pgri', 'bang', 'dak', 'suara', 'kait', 'pmm', 'kumer', 'gilir', 'batas', 'usia', 'gp', 'suara', 'gp', 'dak', 'guru'];2
kurikulum-merdeka_3.csv;1.76354e+18;Fri Mar 01 21:59:16 +0000 2024;1.0;@zanatul_91 Tanya dong pak. Memangnya kurikulum2 itu diujicoba di sekolah mana sebelum diterapkan ke seluruh Indonesia? Jd penasaran kalau memang ada ujicoba... Kok kadang ga masuk akal beban belajar siswanya spt Kurikulum 2013 yg versi awal (sebelum revisi 2016)...;1.76369e+18;;zanatul_91;in;;0.0;1.0;0.0;https://x.com/undefined/status/1763685461787369702;910650462.0;;tanya pak memang kurikulum diujicoba sekolah mana belum terap seluruh indonesia jd penasaran kalau memang ada ujicoba kadang masuk akal beban ajar siswa spt kurikulum versi awal belum revisi;netral;['kurikulum', 'diujicoba', 'sekolah', 'terap', 'indonesia', 'jd', 'penasaran', 'ujicoba', 'kadang', 'masuk', 'akal', 'beban', 'ajar', 'siswa', 'spt', 'kurikulum', 'versi', 'revisi'];0
kurikulum-merdeka_3.csv;1.76354e+18;Sat Mar 02 00:57:45 +0000 2024;1.0;@zanatul_91 Katakanlah memang dari guru untuk guru tapi namanya Merdeka Belajar yaaaa . Ada yang merancangnya juga ada akun di bionya ditulis #pemikirmerdekabelajar wkwkwkwkwkw;1.76373e+18;;zanatul_91;in;;0.0;1.0;0.0;https://x.com/undefined/status/1763730377850704061;1.5172e+18;;kata memang guru guru tapi nama merdeka ajar ada rancang ada akun bionya tulis pemikirmerdekabelajar wkwkwkwkwkw;netral;['guru', 'guru', 'nama', 'merdeka', 'ajar', 'rancang', 'akun', 'bionya', 'tulis', 'pemikirmerdekabelajar', 'wkwkwkwkwkw'];4
kurikulum-merdeka_3.csv;1.76354e+18;Sat Mar 02 11:29:13 +0000 2024;1.0;@zanatul_91 Sebenarnya di Kurikulum Merdeka ini yang merdeka siapa? Merdeka dari apa?;1.76389e+18;;zanatul_91;in;;0.0;1.0;0.0;https://x.com/undefined/status/1763889293821677780;1.46536e+18;;benar kurikulum merdeka merdeka siapa merdeka;netral;['kurikulum', 'merdeka', 'merdeka', 'merdeka'];0
kurikulum-merdeka_3.csv;1.76354e+18;Fri Mar 01 12:25:44 +0000 2024;0.0;@zanatul_91 Pak izin bertanya berarti naskah akademik kumer itu ngga ada yah? atau saya yg kurang update :(;1.76354e+18;;zanatul_91;in;;0.0;1.0;0.0;https://x.com/undefined/status/1763541127763009624;1.15331e+18;;pak izin tanya arti naskah akademik kumer ngga ada yah saya kurang update;negatif;['izin', 'arti', 'naskah', 'akademik', 'kumer', 'ngga', 'yah', 'update'];1
kurikulum-merdeka_3.csv;1.76354e+18;Sat Mar 02 13:34:52 +0000 2024;0.0;@zanatul_91 Halo Sahabat Kompas. Terima kasih sudah membagikan potongan artikel harian Kompas. Artikel tersebut juga dapat dibaca secara utuh melalui tautan berikut: https://t.co/Px5W94Dyva #Pendidikan #AdadiKompas;1.76392e+18;;zanatul_91;in;;0.0;0.0;0.0;https://x.com/undefined/status/1763920914159374512;255866913.0;;halo sahabat kompas terima kasih bagi potong artikel hari kompas artikel sebut dapat baca cara utuh lalu taut ikut didik adadikompas;netral;['halo', 'sahabat', 'kompas', 'terima', 'kasih', 'potong', 'artikel', 'kompas', 'artikel', 'baca', 'utuh', 'taut', 'didik', 'adadikompas'];3
kurikulum-merdeka_3.csv;1.76354e+18;Fri Mar 01 13:16:02 +0000 2024;1.0;@zanatul_91 @Guru_PNS Senang apanya mas menteri? ;1.76355e+18;;zanatul_91;in;;0.0;0.0;0.0;https://x.com/undefined/status/1763553785908277610;1.34673e+18;;senang apa mas menteri;netral;['senang', 'mas', 'menteri'];0
kurikulum-merdeka_3.csv;1.76354e+18;Fri Mar 01 14:55:15 +0000 2024;1.0;@zanatul_91 Buat anak kok coba-coba;1.76358e+18;;zanatul_91;in;;0.0;0.0;0.0;https://x.com/undefined/status/1763578753341702153;1.50617e+18;;buat anak coba coba;netral;['anak', 'coba', 'coba'];1
kurikulum-merdeka_3.csv;1.76354e+18;Fri Mar 01 23:22:28 +0000 2024;1.0;@zanatul_91 Emang modelannya kl bikin kebijakan ga pernah terbuka buat diskusi dg org2 yg beneran terlibat yg nanti pengemban teknis yg tau situasi bahkan sama yg nanti ngerasai dampaknya. Diskusi dialog apa itu???;1.76371e+18;;zanatul_91;in;;0.0;0.0;0.0;https://x.com/undefined/status/1763706398628851877;9.58945e+17;;emang model kl bikin bijak pernah buka buat diskusi org beneran libat nanti emban teknis tau situasi bahkan sama nanti ngerasai dampak diskusi dialog;netral;['emang', 'model', 'kl', 'bikin', 'bijak', 'buka', 'diskusi', 'org', 'beneran', 'libat', 'emban', 'teknis', 'tau', 'situasi', 'ngerasai', 'dampak', 'diskusi', 'dialog'];2
kurikulum-merdeka_3.csv;1.76354e+18;Fri Mar 01 12:25:30 +0000 2024;0.0;@zanatul_91 Timsus itu kepalanya yang punya Cikal ya;1.76354e+18;;zanatul_91;in;;0.0;1.0;0.0;https://x.com/undefined/status/1763541069151842597;223785448.0;;timsus kepala punya cikal;netral;['timsus', 'kepala', 'cikal'];2
kurikulum-merdeka_3.csv;1.76354e+18;Fri Mar 01 16:37:19 +0000 2024;0.0;@zanatul_91 Tim khusus yang seolah2 paling paham banget pendidikan kan ya? ;1.7636e+18;;zanatul_91;in;;0.0;0.0;0.0;https://x.com/undefined/status/1763604440635056474;1.60379e+18;;tim khusus olah paling paham sangat didik;netral;['tim', 'khusus', 'olah', 'paham', 'didik'];3
kurikulum-merdeka_3.csv;1.76354e+18;Fri Mar 01 18:16:52 +0000 2024;0.0;@zanatul_91 waaaah gitu ternyata yaaaa....;1.76363e+18;;zanatul_91;in;;0.0;0.0;0.0;https://x.com/undefined/status/1763629491396792803;47029694.0;;wah begitu nyata;netral;['nyata'];2
kurikulum-merdeka_3.csv;1.76354e+18;Sat Mar 02 00:33:55 +0000 2024;0.0;@zanatul_91 Supaya jelas tulis data guru yang berperan dan mengusulkan membuat kurikulum merdeka supaya mereka bisa menjelaskan secara rinci realisasi pelaksanaan nya di sekolah sekolah dari informasi yang saya dapat banyak guru yang kebingungan dengan kurikulum ini;1.76372e+18;;zanatul_91;in;;0.0;0.0;0.0;https://x.com/undefined/status/1763724381451407532;1.71864e+18;;supaya jelas tulis data guru peran usul buat kurikulum merdeka supaya mereka bisa jelas cara rinci realisasi laksana sekolah sekolah informasi saya dapat banyak guru bingung kurikulum;netral;['tulis', 'data', 'guru', 'peran', 'usul', 'kurikulum', 'merdeka', 'rinci', 'realisasi', 'laksana', 'sekolah', 'sekolah', 'informasi', 'guru', 'bingung', 'kurikulum'];0
kurikulum-merdeka_3.csv;1.76354e+18;Sat Mar 02 04:58:21 +0000 2024;0.0;@zanatul_91 Kumer lebih cocok untuk boarding school sekolah negeri pake yg klasikal aja biar damai ;1.76379e+18;;zanatul_91;in;;0.0;0.0;0.0;https://x.com/undefined/status/1763790926500299236;413052542.0;;kumer lebih cocok boarding school sekolah negeri pake klasikal biar damai;netral;['kumer', 'cocok', 'boarding', 'school', 'sekolah', 'negeri', 'pake', 'klasikal', 'biar', 'damai'];1
kurikulum-merdeka_3.csv;1.76354e+18;Sat Mar 02 14:23:24 +0000 2024;0.0;@zanatul_91 Kalo jd pejabat yg bukan ahli di bidangnya mbok ya cari ahli yg kompeten bukan yg asal yesman. Bidang pendidikan beda dgn bidang usaha efeknya sangat memengaruhi manusianya dr siswa guru sm wali siswa. Namanya aja udah kurikulum Libert? ;1.76393e+18;;zanatul_91;in;;0.0;0.0;0.0;https://x.com/undefined/status/1763933127414845717;172664886.0;;kalo jd jabat bukan ahli bidang mbok cari ahli kompeten bukan asal yesman bidang didik beda bidang usaha efek sangat pengaruh manusia siswa guru sm wali siswa nama kurikulum libert;netral;['kalo', 'jd', 'jabat', 'ahli', 'bidang', 'mbok', 'cari', 'ahli', 'kompeten', 'yesman', 'bidang', 'didik', 'beda', 'bidang', 'usaha', 'efek', 'pengaruh', 'manusia', 'siswa', 'guru', 'sm', 'wali', 'siswa', 'nama', 'kurikulum', 'libert'];2
kurikulum-merdeka_3.csv;1.76354e+18;Fri Aug 30 16:29:29 +0000 2024;0.0;@zanatul_91 cek berita kurikulum merdeka lainnya: https://t.co/kRv3QQGhCb;1.82956e+18;;zanatul_91;in;;0.0;0.0;0.0;https://x.com/undefined/status/1829557062180991001;1.82954e+18;;cek berita kurikulum merdeka lain;netral;['cek', 'berita', 'kurikulum', 'merdeka'];4
kurikulum-merdeka_4.csv;1.84642e+18;Wed Oct 16 08:43:07 +0000 2024;18.0;@zanatul_91 wah mana isi video pelatihan di pmm opening di cgp narasi guru konten kreator tuh pasti mengatasnamakan pemikiran ki hajar dewantara yaa. emang ini tuh terlalu terburu buru penerapannya;1.84647e+18;;zanatul_91;in;;0.0;1.0;0.0;https://x.com/undefined/status/1846471926019137648;290368518.0;;wah mana isi video latih pmm opening cgp narasi guru konten kreator tuh pasti mengatasnamakan pikir ki hajar dewantara yaa emang tuh terlalu buru buru terap;netral;['isi', 'video', 'latih', 'pmm', 'opening', 'cgp', 'narasi', 'guru', 'konten', 'kreator', 'tuh', 'mengatasnamakan', 'pikir', 'ki', 'hajar', 'dewantara', 'yaa', 'emang', 'tuh', 'buru', 'buru', 'terap'];4
kurikulum-merdeka_4.csv;1.84642e+18;Wed Oct 16 07:27:42 +0000 2024;12.0;"@zanatul_91 You-Know-Who itu nama lainnya Voldemort ya pak? Yg udah ngebunuh guru-guru &amp; suka gangguin anak-anak akademi yg pengen nuntut ilmu dengan tenang iya kan? ";1.84645e+18;;zanatul_91;in;;0.0;2.0;0.0;https://x.com/undefined/status/1846452945082372560;1.50062e+18;;you know who nama lain voldemort pak ngebunuh guru guru amp suka gangguin anak anak akademi ken nuntut ilmu tenang;netral;['you', 'know', 'who', 'nama', 'voldemort', 'ngebunuh', 'guru', 'guru', 'amp', 'suka', 'gangguin', 'anak', 'anak', 'akademi', 'ken', 'nuntut', 'ilmu', 'tenang'];4
kurikulum-merdeka_4.csv;1.84642e+18;Wed Oct 16 09:04:42 +0000 2024;10.0;@zanatul_91 pernah suatu kali masuk ke sekolah yang katanya punya cucu KHD. lalu sambil istighfar berucap KHD akan nangis lihat konsep pendidikan kayak gini sih ;1.84648e+18;;zanatul_91;in;;0.0;1.0;0.0;https://x.com/undefined/status/1846477356099158445;9.09449e+17;;pernah suatu kali masuk sekolah kata punya cucu khd lalu sambil istighfar ucap khd nang lihat konsep didik kayak gin sih;netral;['kali', 'masuk', 'sekolah', 'cucu', 'khd', 'istighfar', 'khd', 'nang', 'lihat', 'konsep', 'didik', 'kayak', 'gin', 'sih'];0
kurikulum-merdeka_4.csv;1.84642e+18;Wed Oct 16 07:58:34 +0000 2024;0.0;@zanatul_91 Spil judul bukunya dong kang iman ;1.84646e+18;;zanatul_91;in;;0.0;1.0;0.0;https://x.com/undefined/status/1846460713151418739;129431559.0;;spil judul buku kang iman;netral;['spil', 'judul', 'buku', 'kang', 'iman'];3
kurikulum-merdeka_4.csv;1.84642e+18;Wed Oct 16 05:57:34 +0000 2024;28.0;@zanatul_91 ga bakal nyambung KHD masih memahami kalau belajar itu penderitaan perlu proses menerima untuk dapat menikmati proses belajar. Merdeka belajar tentu saja filosofis dangkal kalau orang bisa jadi apa pun yang mereka inginkan malah lebih dekat ke liberalisme.;1.84643e+18;;zanatul_91;in;;1.0;0.0;2.0;https://x.com/undefined/status/1846430262630273379;1.24711e+18;;bakal nyambung khd masih paham kalau ajar derita perlu proses terima dapat nikmat proses ajar merdeka ajar tentu filosofis dangkal kalau orang bisa mereka ingin malah lebih dekat liberalisme;netral;['nyambung', 'khd', 'paham', 'ajar', 'derita', 'proses', 'terima', 'nikmat', 'proses', 'ajar', 'merdeka', 'ajar', 'filosofis', 'dangkal', 'orang', 'liberalisme'];4
kurikulum-merdeka_4.csv;1.84642e+18;Wed Oct 16 05:39:15 +0000 2024;17.0;"@zanatul_91 Jelas berbeda atr merdeka dengan bebas... merdeka yg dmksd adl merdeka melakukan sesuatu berdasarkan ilmu &amp; kepakaran. Bukan berdasarkan kebebasan melakukan apapun asal tujuan tercapai (tanpa dasar ilmu yg mumpuni)";1.84643e+18;;zanatul_91;in;;0.0;2.0;5.0;https://x.com/undefined/status/1846425655476670775;1.76461e+18;;jelas beda atr merdeka bebas merdeka dmksd adl merdeka laku sesuatu dasar ilmu amp pakar bukan dasar bebas laku apa asal tuju capai tanpa dasar ilmu mumpuni;netral;['beda', 'atr', 'merdeka', 'bebas', 'merdeka', 'dmksd', 'adl', 'merdeka', 'laku', 'dasar', 'ilmu', 'amp', 'pakar', 'dasar', 'bebas', 'laku', 'tuju', 'capai', 'dasar', 'ilmu', 'mumpuni'];3
kurikulum-merdeka_4.csv;1.84642e+18;Wed Oct 16 23:44:39 +0000 2024;1.0;@zanatul_91 Benar pak.. waktu kuliah profesi dlu ada matkul ttg mengupas pemikiran KHD ini.. tugasnya implementasi kumer KHD .. jdi aku ngarang dan ngebagus2in si kumer dgn serempetin klo ada kata2 yg sama dgn modul yg diberiin ttg KHD.. padahal dalam hati memang ga nyambung samsek..;1.8467e+18;;zanatul_91;in;;0.0;2.0;0.0;https://x.com/undefined/status/1846698805506593178;1.26913e+18;;benar pak waktu kuliah profesi dlu ada matkul ttg kupas pikir khd tugas implementasi kumer khd jdi aku ngarang ngebagus in kumer serempetin kalau ada kata sama modul diberiin ttg khd padahal dalam hati memang nyambung samsek;netral;['kuliah', 'profesi', 'dlu', 'matkul', 'ttg', 'kupas', 'pikir', 'khd', 'tugas', 'implementasi', 'kumer', 'khd', 'jdi', 'ngarang', 'ngebagus', 'in', 'kumer', 'serempetin', 'modul', 'diberiin', 'ttg', 'khd', 'hati', 'nyambung', 'samsek'];0
kurikulum-merdeka_4.csv;1.84642e+18;Wed Oct 16 06:14:39 +0000 2024;0.0;@zanatul_91 Gaji aja belum merdeka. Apalagi pemikiran guru harus merdeka sesuai kurikulum. Ya gak ada titik temunya.;1.84643e+18;;zanatul_91;in;;0.0;0.0;0.0;https://x.com/undefined/status/1846434562190323730;563795565.0;;gaji merdeka apalagi pikir guru harus merdeka sesuai kurikulum gak ada titik temu;netral;['gaji', 'merdeka', 'pikir', 'guru', 'merdeka', 'sesuai', 'kurikulum', 'gak', 'titik', 'temu'];2
kurikulum-merdeka_4.csv;1.84642e+18;Wed Oct 16 06:18:31 +0000 2024;0.0;@zanatul_91 Ini dr buku apa ya Mas?;1.84644e+18;;zanatul_91;in;;0.0;1.0;0.0;https://x.com/undefined/status/1846435536879407471;1.2419e+18;;buku mas;netral;['buku', 'mas'];0
kurikulum-merdeka_4.csv;1.84642e+18;Wed Oct 16 06:23:02 +0000 2024;0.0;@zanatul_91 Ini miskonsepsi. ;1.84644e+18;;zanatul_91;in;;0.0;0.0;0.0;https://x.com/undefined/status/1846436672357188069;320824620.0;;miskonsepsi;netral;['miskonsepsi'];4
kurikulum-merdeka_4.csv;1.84642e+18;Wed Oct 16 06:32:23 +0000 2024;0.0;@zanatul_91 kamouflaagh... biasana ge kitu;1.84644e+18;;zanatul_91;fi;;0.0;0.0;0.0;https://x.com/undefined/status/1846439023986053427;1.28212e+18;;kamouflaagh biasana ge kitu;netral;['kamouflaagh', 'biasana', 'ge', 'kitu'];1
kurikulum-merdeka_4.csv;1.84642e+18;Wed Oct 16 06:50:12 +0000 2024;0.0;@zanatul_91 you know who Voldemort;1.84644e+18;;zanatul_91;en;;0.0;0.0;0.0;https://x.com/undefined/status/1846443508447768945;1.50072e+18;;you know who voldemort;netral;['you', 'know', 'who', 'voldemort'];4
kurikulum-merdeka_4.csv;1.84642e+18;Wed Oct 16 07:40:39 +0000 2024;0.0;@zanatul_91 @Guru_PNS Selamat dan Bahagia mas;1.84646e+18;;zanatul_91;in;;0.0;0.0;0.0;https://x.com/undefined/status/1846456206854181143;1.83888e+18;;selamat bahagia mas;netral;['selamat', 'bahagia', 'mas'];0
kurikulum-merdeka_4.csv;1.84642e+18;Wed Oct 16 11:21:39 +0000 2024;0.0;@zanatul_91 Cc mba @ftsykrh;1.84651e+18;;zanatul_91;in;;0.0;1.0;0.0;https://x.com/undefined/status/1846511822981173378;981807050.0;;cc mba;netral;['cc', 'mba'];3
kurikulum-merdeka_5.csv;;;;;;;;;;;;;;;;;netral;['nan'];0
kurikulum-merdeka_5.csv;;;;;;;;;;;;;;;;;netral;['nan'];0
kurikulum-merdeka_5.csv;;;;;;;;;;;;;;;;;netral;['nan'];0
kurikulum-merdeka_5.csv;;;;;;;;;;;;;;;;;netral;['nan'];0
kurikulum-merdeka_6.csv;1.80473e+18;Sun Jun 23 03:59:54 +0000 2024;20.0;@zanatul_91 Guru disuruh dongkrak nilai sampe surga;1.80473e+18;;zanatul_91;in;;2.0;2.0;5.0;https://x.com/undefined/status/1804726047176626644;1.04658e+18;;guru suruh dongkrak nilai sampe surga;netral;['guru', 'suruh', 'dongkrak', 'nilai', 'sampe', 'surga'];4
kurikulum-merdeka_6.csv;1.80473e+18;Sun Jun 23 04:33:46 +0000 2024;4.0;@zanatul_91 Mudah kalau mau naik kelas semua katrol aja nilainya seperti yang biasa dilakukan ;1.80473e+18;;zanatul_91;in;;0.0;1.0;1.0;https://x.com/undefined/status/1804734568903373142;201163667.0;;mudah kalau mau naik kelas semua katrol nilai seperti biasa laku;positif;['mudah', 'kelas', 'katrol', 'nilai', 'laku'];4
kurikulum-merdeka_6.csv;1.80473e+18;Mon Jun 24 01:00:01 +0000 2024;5.0;@zanatul_91 Kang Iman pernah tidak menaikkan siswa? Saya pernah. 3 kali. Dan berhasil dg sukses. Sukses dalam arti si anak sadar memang belum saatnya naik. Ortu mendukung. Sekolah juga tidak bermasalah. Saat itu belum ada kemendikbud namanya masih kemdiknas.;1.80504e+18;;zanatul_91;in;;0.0;2.0;0.0;https://x.com/undefined/status/1805043164602081595;375877270.0;;kang iman pernah naik siswa saya pernah kali hasil sukses sukses dalam arti anak sadar memang saat naik ortu dukung sekolah masalah saat ada kemendikbud nama masih kemdiknas;positif;['kang', 'iman', 'siswa', 'kali', 'hasil', 'sukses', 'sukses', 'arti', 'anak', 'sadar', 'ortu', 'dukung', 'sekolah', 'kemendikbud', 'nama', 'kemdiknas'];4
kurikulum-merdeka_6.csv;1.80473e+18;Mon Jun 24 01:58:32 +0000 2024;3.0;@zanatul_91 Saat ini sedang trend personalisasi pendidikan memanfaatkan AI. Agar tiap siswa mendapatkan materi yg berbeda menyesuaikan style dan kemampuan awal siswa.;1.80506e+18;;zanatul_91;in;;0.0;2.0;0.0;https://x.com/undefined/status/1805057893626270051;197771656.0;;saat sedang trend personal didik manfaat ai agar tiap siswa dapat materi beda sesuai style mampu awal siswa;netral;['trend', 'personal', 'didik', 'manfaat', 'ai', 'siswa', 'materi', 'beda', 'sesuai', 'style', 'siswa'];3
kurikulum-merdeka_6.csv;1.80473e+18;Sun Jun 23 04:42:09 +0000 2024;2.0;@zanatul_91 guru belajar seni mendongrak nilai...;1.80474e+18;;zanatul_91;in;;0.0;1.0;0.0;https://x.com/undefined/status/1804736678302761282;117933011.0;;guru ajar seni mendongrak nilai;netral;['guru', 'ajar', 'seni', 'mendongrak', 'nilai'];4
kurikulum-merdeka_6.csv;1.80473e+18;Sun Jun 23 12:15:51 +0000 2024;2.0;@zanatul_91 Guru harus manut permintaan pasar agar anak didiknya bisa masuk jalur prestasi ;1.80485e+18;;zanatul_91;in;;0.0;1.0;0.0;https://x.com/undefined/status/1804850857831481523;309571465.0;;guru harus manut minta pasar agar anak didik bisa masuk jalur prestasi;netral;['guru', 'manut', 'pasar', 'anak', 'didik', 'masuk', 'jalur', 'prestasi'];1
kurikulum-merdeka_6.csv;1.80473e+18;Sun Jun 23 05:18:51 +0000 2024;10.0;@zanatul_91 jika mau mengikuti standar ideal PISA dan standar pendidikan seharusnya dalam konteks ini kebijakan tidak tinggal kelas. ini bisa dilakukan JIKA rasio antar guru dan murid sesuai 1 : 15 mentok mentok 1 : 20.;1.80475e+18;;zanatul_91;in;;0.0;3.0;3.0;https://x.com/undefined/status/1804745916928438723;116374572.0;;jika mau ikut standar ideal pisa standar didik harus dalam konteks bijak tinggal kelas bisa laku jika rasio antar guru murid sesuai mentok mentok;netral;['standar', 'ideal', 'pisa', 'standar', 'didik', 'konteks', 'bijak', 'tinggal', 'kelas', 'laku', 'rasio', 'guru', 'murid', 'sesuai', 'mentok', 'mentok'];1
kurikulum-merdeka_6.csv;1.80473e+18;Sun Jun 23 04:05:41 +0000 2024;9.0;@zanatul_91 Kurikulum Merdeka niatnya baik. Tapi implementasi nya itu berantakan;1.80473e+18;;zanatul_91;in;;0.0;0.0;1.0;https://x.com/undefined/status/1804727502952132669;2862109627.0;;kurikulum merdeka niat baik tapi implementasi beranta;positif;['kurikulum', 'merdeka', 'niat', 'implementasi', 'beranta'];0
kurikulum-merdeka_6.csv;1.80473e+18;Sun Jun 23 06:00:05 +0000 2024;9.0;@zanatul_91 Pembelajaran terdeferensiasi itu khan kalau fasilitas kelas terpenuhi jumlah siswa ga banyak siswa relatif mandiri gaji guru memadai sehingga guru semangat mempraktikkan. Jumlah siswa 40 org fasilitas tdk memadai ya lulusan aja semua ABS semuanya bahagia ;1.80476e+18;;zanatul_91;in;;0.0;0.0;1.0;https://x.com/undefined/status/1804756291409400074;9.0097e+17;;ajar terdeferensiasi khan kalau fasilitas kelas penuh jumlah siswa banyak siswa relatif mandiri gaji guru pada sehingga guru semangat praktik jumlah siswa org fasilitas pada lulus semua abs semua bahagia;netral;['ajar', 'terdeferensiasi', 'khan', 'fasilitas', 'kelas', 'penuh', 'siswa', 'siswa', 'relatif', 'mandiri', 'gaji', 'guru', 'guru', 'semangat', 'praktik', 'siswa', 'org', 'fasilitas', 'lulus', 'abs', 'bahagia'];4
kurikulum-merdeka_6.csv;1.80473e+18;Sun Jun 23 04:06:45 +0000 2024;9.0;@zanatul_91 Bayangkan strategi terdiferensiasi apa yg bisa mengakomodasi siswa yg Fase A gagal Fase B gagal lalu mengerjakan tugas kelas yg sedang membahas Fase C. Kadang ideal itu gapnya jauh sama kenyataan.;1.80473e+18;;zanatul_91;in;;0.0;1.0;0.0;https://x.com/undefined/status/1804727772301975648;210842691.0;;bayang strategi diferensiasi bisa akomodasi siswa fase a gagal fase b gagal lalu kerja tugas kelas sedang bahas fase c kadang ideal gap jauh sama nyata;negatif;['bayang', 'strategi', 'diferensiasi', 'akomodasi', 'siswa', 'fase', 'a', 'gagal', 'fase', 'b', 'gagal', 'kerja', 'tugas', 'kelas', 'bahas', 'fase', 'c', 'kadang', 'ideal', 'gap', 'nyata'];3
kurikulum-merdeka_6.csv;1.80473e+18;Sun Jun 23 05:57:07 +0000 2024;5.0;@zanatul_91 Sbnarnya yg paling umum terjadi dilema guru berat untuk menaikkan kelas seorang siswa adalah karena dua hal: anaknya sering bolos sekolah dan kenakalan yg kelewat batas (sperti mabuk). Kalau gini gmn coba?;1.80476e+18;;zanatul_91;in;;1.0;1.0;0.0;https://x.com/undefined/status/1804755547046224070;99848090.0;;sbnarnya paling umum jadi dilema guru berat naik kelas orang siswa dua hal anak sering bolos sekolah nakal lewat batas sperti mabuk kalau gin gmn coba;netral;['sbnarnya', 'dilema', 'guru', 'berat', 'kelas', 'orang', 'siswa', 'anak', 'bolos', 'sekolah', 'nakal', 'batas', 'sperti', 'mabuk', 'gin', 'gmn', 'coba'];1
kurikulum-merdeka_6.csv;1.80473e+18;Sun Jun 23 04:03:23 +0000 2024;4.0;@zanatul_91 Berharap agar tidak ada lagi praktik tinggal kelas. Tapi menghambat anak anak memperoleh pendidikan dengan batasan batasan yang tak masuk akal. Sungguh bodoh;1.80473e+18;;zanatul_91;in;;0.0;1.0;0.0;https://x.com/undefined/status/1804726925400953245;1299772022.0;;harap agar ada praktik tinggal kelas tapi hambat anak anak oleh didik batas batas tak masuk akal sungguh bodoh;netral;['harap', 'praktik', 'tinggal', 'kelas', 'hambat', 'anak', 'anak', 'didik', 'batas', 'batas', 'masuk', 'akal', 'sungguh', 'bodoh'];1
kurikulum-merdeka_6.csv;1.80473e+18;Sun Jun 23 05:02:45 +0000 2024;3.0;@zanatul_91 Kemarin kepsek saya bilang di jepang anak transisi dari paud ke sd tidak perlu caslitung Klo dimarii wasalam ortunya gak mau ngajaran lewat dah ;1.80474e+18;;zanatul_91;in;;0.0;1.0;0.0;https://x.com/undefined/status/1804741864677093673;1.24954e+18;;kemarin kepsek saya bilang jepang anak transisi paud sd perlu caslitung kalau mari wasalam ortunya gak mau ngajaran lewat;netral;['kemarin', 'kepsek', 'bilang', 'jepang', 'anak', 'transisi', 'paud', 'sd', 'caslitung', 'mari', 'wasalam', 'ortunya', 'gak', 'ngajaran'];3
kurikulum-merdeka_6.csv;1.80473e+18;Sun Jun 23 12:25:00 +0000 2024;3.0;@zanatul_91 Pada praktiknya muncul masalah baru yaitu siswa makin tak punya tanggung jawab belajar disuruh nyatet ga mau ujian asal2an akhlak asal2an karena mereka tahu kalo mereka bakalan naik kelas. Capaian kompetensi siswa yg diharapkan jadi makin jauh.;1.80485e+18;;zanatul_91;in;;0.0;0.0;0.0;https://x.com/undefined/status/1804853158705090664;61117243.0;;praktik muncul masalah baru yaitu siswa makin tak punya tanggung jawab ajar suruh nyatet mau uji asal an akhlak asal an mereka tahu kalo mereka bakal naik kelas capai kompetensi siswa harap makin jauh;negatif;['praktik', 'muncul', 'siswa', 'tanggung', 'ajar', 'suruh', 'nyatet', 'uji', 'an', 'akhlak', 'an', 'kalo', 'kelas', 'capai', 'kompetensi', 'siswa', 'harap'];4
kurikulum-merdeka_6.csv;1.80473e+18;Sun Jun 23 14:16:37 +0000 2024;2.0;@zanatul_91 Dan siswa-siswa pun dah tau kalau ga ada tinggal kelas jadi ga ada niat belajar tugas pun tak dibuat.. bahkan anak-anak nakal pun dapat angin segar karena pasti naik kelas dan pasti lulus sekolah.. kenaikan dan kelulusan pasti dapat 100% tapi kualitas 0 besar...;1.80488e+18;;zanatul_91;in;;0.0;0.0;0.0;https://x.com/undefined/status/1804881249359766010;68701955.0;;siswa siswa tau kalau ada tinggal kelas ada niat ajar tugas tak buat bahkan anak anak nakal dapat angin segar pasti naik kelas pasti lulus sekolah naik kelulus pasti dapat tapi kualitas besar;netral;['siswa', 'siswa', 'tau', 'tinggal', 'kelas', 'niat', 'ajar', 'tugas', 'anak', 'anak', 'nakal', 'angin', 'segar', 'kelas', 'lulus', 'sekolah', 'kelulus', 'kualitas'];4
kurikulum-merdeka_6.csv;1.80473e+18;Sun Jun 23 04:12:43 +0000 2024;1.0;@zanatul_91 Teramat sangat mulia tapi akan lebih mulia lagi beban mengajar misalnya bisa disesuaikan. Malah ada pemda yg mengharuskan mengajar 30jp bisa dibayangkan berapa jam waktu istirahat yg dimiliki oleh guru agar bisa menjalankan tugas mulianya itu?;1.80473e+18;;zanatul_91;in;;0.0;0.0;0.0;https://x.com/undefined/status/1804729274055966779;92545833.0;;amat sangat mulia tapi lebih mulia beban ajar misal bisa sesuai malah ada pemda harus ajar jp bisa bayang berapa jam waktu istirahat milik oleh guru agar bisa jalan tugas mulia;netral;['mulia', 'mulia', 'beban', 'ajar', 'sesuai', 'pemda', 'ajar', 'jp', 'bayang', 'jam', 'istirahat', 'milik', 'guru', 'jalan', 'tugas', 'mulia'];2
kurikulum-merdeka_6.csv;1.80473e+18;Sun Jun 23 05:02:01 +0000 2024;1.0;@zanatul_91 Kita lihat kwajiban guru semakin meningkat dan murit akan lebih banyak jam 0 / mengisi tugas sendiri karna guru sibuk mengisi dafatr;1.80474e+18;;zanatul_91;in;;0.0;0.0;0.0;https://x.com/undefined/status/1804741679997501531;1.69144e+18;;kita lihat kwajiban guru makin tingkat murit lebih banyak jam isi tugas sendiri karna guru sibuk isi dafatr;netral;['lihat', 'kwajiban', 'guru', 'tingkat', 'murit', 'jam', 'isi', 'tugas', 'karna', 'guru', 'sibuk', 'isi', 'dafatr'];2
kurikulum-merdeka_6.csv;1.80473e+18;Mon Jun 24 01:32:26 +0000 2024;1.0;@zanatul_91 Guru harus ditambahi staff pak :);1.80505e+18;;zanatul_91;in;;0.0;0.0;0.0;https://x.com/undefined/status/1805051325279014931;1610663785.0;;guru harus tambah staff pak;netral;['guru', 'staff'];3
kurikulum-merdeka_6.csv;1.80473e+18;Mon Jun 24 02:09:08 +0000 2024;1.0;@zanatul_91 Pengalaman hmpr 20 thn berkecimpung d dunia pendidikan ada jg kok anak yg tinggal kelas abis itu malah jd lbh baik akademik dan perilakunya. Perlu kerjasama dgn berbagai pihak utk tumbuhkan kesadaran anak utk belajar dan berperilaku proper;1.80506e+18;;zanatul_91;in;;0.0;0.0;0.0;https://x.com/undefined/status/1805060559408374149;1.38086e+18;;alam hmpr thn kecimpung d dunia didik ada anak tinggal kelas abis malah jd lbh baik akademik perilaku perlu kerjasama bagai pihak utk tumbuh sadar anak utk ajar perilaku proper;positif;['alam', 'hmpr', 'thn', 'kecimpung', 'd', 'dunia', 'didik', 'anak', 'tinggal', 'kelas', 'abis', 'jd', 'lbh', 'akademik', 'perilaku', 'kerjasama', 'utk', 'tumbuh', 'sadar', 'anak', 'utk', 'ajar', 'perilaku', 'proper'];3
kurikulum-merdeka_6.csv;1.80473e+18;Sun Jun 23 05:18:15 +0000 2024;0.0;@zanatul_91 Mereka yg tinggal kelas bukan berarti anak yg bodoh namun kurikulum yg ada belum bsa menggambarkan kemampuan anak tsb yg sbnernya;1.80475e+18;;zanatul_91;in;;0.0;1.0;0.0;https://x.com/undefined/status/1804745763400167543;1025925932.0;;mereka tinggal kelas bukan arti anak bodoh namun kurikulum ada bsa gambar mampu anak tsb sbnernya;netral;['tinggal', 'kelas', 'arti', 'anak', 'bodoh', 'kurikulum', 'bsa', 'gambar', 'anak', 'tsb', 'sbnernya'];1
kurikulum-merdeka_6.csv;1.80473e+18;Sun Jun 23 10:50:22 +0000 2024;0.0;@zanatul_91 Rapat kenaikan kelas tidak diperlukan lagi?;1.80483e+18;;zanatul_91;in;;0.0;0.0;0.0;https://x.com/undefined/status/1804829346143838604;2858068638.0;;rapat naik kelas perlu;netral;['rapat', 'kelas'];2
kurikulum-merdeka_6.csv;1.80473e+18;Sun Jun 23 11:37:07 +0000 2024;0.0;@zanatul_91 Selalu mengukur dari kuantitas kualitas dilupakan. Masa bodo gak bisa apa2 yg penting naik kelas. Naik semua = kualitas bagus baik2 saja dan tidak ada masalah.;1.80484e+18;;zanatul_91;in;;0.0;0.0;0.0;https://x.com/undefined/status/1804841110768128196;1.04605e+18;;selalu ukur kuantitas kualitas lupa masa bodo gak bisa penting naik kelas naik semua kualitas bagus baik ada masalah;positif;['ukur', 'kuantitas', 'kualitas', 'lupa', 'bodo', 'gak', 'kelas', 'kualitas', 'bagus'];0
kurikulum-merdeka_6.csv;1.80473e+18;Sun Jun 23 11:55:32 +0000 2024;0.0;@zanatul_91 Seringnya pembelajaran berdiferensiasi didasarkan pada teoribtentang gaya belajar (yang sesungguhnya lemah evidence-nya). Pada sisi ekstrim pembelajaran berdiferensiasi mengarah pada kustomisasi metode pembelajaran secara individual. Jadi guru mengajar klasikal atau individual?;1.80485e+18;;zanatul_91;in;;0.0;0.0;0.0;https://x.com/undefined/status/1804845746266771777;9571192.0;;sering ajar diferensiasi dasar teoribtentang gaya ajar sungguh lemah evidence sisi ekstrim ajar diferensiasi arah kustomisasi metode ajar cara individual guru ajar klasikal individual;negatif;['ajar', 'diferensiasi', 'dasar', 'teoribtentang', 'gaya', 'ajar', 'sungguh', 'lemah', 'evidence', 'sisi', 'ekstrim', 'ajar', 'diferensiasi', 'arah', 'kustomisasi', 'metode', 'ajar', 'individual', 'guru', 'ajar', 'klasikal', 'individual'];3
kurikulum-merdeka_6.csv;1.80473e+18;Sun Jun 23 12:07:01 +0000 2024;0.0;@zanatul_91 Tinggal kelas dapat ditinggalkan harus dibarengi dengan tidak mengkatrol nilai.;1.80485e+18;;zanatul_91;in;;0.0;0.0;0.0;https://x.com/undefined/status/1804848632585404833;1.35575e+18;;tinggal kelas dapat tinggal harus bareng katrol nilai;netral;['tinggal', 'kelas', 'tinggal', 'bareng', 'katrol', 'nilai'];4
kurikulum-merdeka_6.csv;1.80473e+18;Sun Jun 23 14:33:58 +0000 2024;0.0;@zanatul_91 Ini yg kami rasakan.;1.80489e+18;;zanatul_91;in;;0.0;0.0;0.0;https://x.com/undefined/status/1804885616171368596;453929798.0;;kami rasa;netral;[];0
kurikulum-merdeka_6.csv;1.80473e+18;Sun Jun 23 15:54:25 +0000 2024;0.0;@zanatul_91 Biasanya sekolah swasta yang biasa mengatrol nilai siswanya.;1.80491e+18;;zanatul_91;in;;0.0;0.0;0.0;https://x.com/undefined/status/1804905860160000152;7.98691e+17;;biasa sekolah swasta biasa katrol nilai siswa;netral;['sekolah', 'swasta', 'katrol', 'nilai', 'siswa'];4
kurikulum-merdeka_6.csv;1.80473e+18;Sun Jun 23 16:44:39 +0000 2024;0.0;@zanatul_91 prakteknya gimana? bentuk modulnya gimana?;1.80492e+18;;zanatul_91;in;;0.0;0.0;0.0;https://x.com/undefined/status/1804918503377711287;1968617191.0;;praktek gimana bentuk modul gimana;netral;['praktek', 'gimana', 'bentuk', 'modul', 'gimana'];3
kurikulum-merdeka_6.csv;1.80473e+18;Mon Jun 24 00:40:46 +0000 2024;0.0;@zanatul_91 5M: man money method material machine. Timpang money morat-marit!!;1.80504e+18;;zanatul_91;en;;0.0;0.0;0.0;https://x.com/undefined/status/1805038320319439239;1.17395e+18;;m man money method material machine timpang money morat marit;netral;['m', 'man', 'money', 'method', 'material', 'machine', 'timpang', 'money', 'morat', 'marit'];2
kurikulum-merdeka_6.csv;1.80473e+18;Mon Jun 24 07:22:07 +0000 2024;0.0;@zanatul_91 Menurut saya sebenarnya gpp kalau mau dibuat tidak ada yg tidak naik kelas. Trus kelulusan ditentukan oleh sekolah. TAPI tetep diadakan Ebtanas bukan sebagai penentu kelulusan tapi NEM nya sebagai alat seleksi Masuk SMP dan SMA (jika emang ndak sanggup menyelenggarakan-c-;1.80514e+18;;zanatul_91;in;;0.0;1.0;0.0;https://x.com/undefined/status/1805139325614772380;1.70033e+18;;turut saya benar gpp kalau mau buat ada naik kelas trus kelulus tentu oleh sekolah tapi tetep ada ebtanas bukan bagai tentu kelulus tapi nem bagai alat seleksi masuk smp sma jika emang ndak sanggup selenggara c;netral;['gpp', 'kelas', 'trus', 'kelulus', 'sekolah', 'tetep', 'ebtanas', 'kelulus', 'nem', 'alat', 'seleksi', 'masuk', 'smp', 'sma', 'emang', 'ndak', 'sanggup', 'selenggara', 'c'];2
kurikulum-merdeka_6.csv;1.80473e+18;Mon Sep 30 12:22:52 +0000 2024;0.0;@zanatul_91 Disisi lain guru sudah berusaha penuh. Tetapi si anak tidak mempunyai semangat ingin tau dan usaha lebih. Anak santai?dalam benaknya sudah terpatri TIDAK BELAJAR TIDAK MASALAH PASTI NAIK KELAS.;1.84073e+18;;zanatul_91;in;;0.0;1.0;0.0;https://x.com/undefined/status/1840729021547680249;857321462.0;;sisi lain guru usaha penuh tetapi anak punya semangat ingin tau usaha lebih anak santai dalam benak patri ajar masalah pasti naik kelas;negatif;['sisi', 'guru', 'usaha', 'penuh', 'anak', 'semangat', 'tau', 'usaha', 'anak', 'santai', 'benak', 'patri', 'ajar', 'kelas'];3
kurikulum-merdeka_7.csv;1.80699e+18;Sat Jun 29 10:44:20 +0000 2024;6.0;@zanatul_91 Tampilkankanlah kurikulum yg nambah puyeng itu biar lengkap.;1.807e+18;;zanatul_91;in;;0.0;1.0;0.0;https://x.com/undefined/status/1807002152424091979;375877270.0;;tampilkankanlah kurikulum nambah puyeng biar lengkap;netral;['tampilkankanlah', 'kurikulum', 'nambah', 'puyeng', 'biar', 'lengkap'];1
kurikulum-merdeka_7.csv;1.80699e+18;Sun Jun 30 03:03:18 +0000 2024;0.0;@zanatul_91 Model hibrid gak sih akhirnya? Kayak fusion dragon ball gitu mungkin yaaa?;1.80725e+18;;zanatul_91;in;;0.0;1.0;0.0;https://x.com/undefined/status/1807248517116879202;1.5172e+18;;model hibrid gak sih akhir kayak fusion dragon ball begitu mungkin;netral;['model', 'hibrid', 'gak', 'sih', 'kayak', 'fusion', 'dragon', 'ball'];3
kurikulum-merdeka_7.csv;1.80699e+18;Sat Jun 29 11:59:08 +0000 2024;20.0;@zanatul_91 Keknya juga ga ada RnD nya.. ga ada percobaan terbatas dan luas nya.. jadi tiba-tiba ujug-ujug lempar ke lapangan.. kitanya yang jadi kelinci percobaan. Barang belum sempurna belum final makanya sampe sekarang isinya revisi mulu...;1.80702e+18;;zanatul_91;in;;0.0;5.0;0.0;https://x.com/undefined/status/1807020976300765376;68701955.0;;kek ada rnd ada coba batas luas tiba tiba ujug ujug lempar lapang kita kelinci coba barang sempurna final makanya sampe sekarang isi revisi mulu;positif;['kek', 'rnd', 'coba', 'batas', 'luas', 'ujug', 'ujug', 'lempar', 'lapang', 'kelinci', 'coba', 'barang', 'sempurna', 'final', 'sampe', 'isi', 'revisi', 'mulu'];0
kurikulum-merdeka_7.csv;1.80699e+18;Sun Jun 30 00:36:20 +0000 2024;14.0;@zanatul_91 Tingkat Sekolahan aja pada bingung sama KM mas. Makanya dibilang Kurikulum Modar. Kalo dulu Kurikulum 2013 itu dicemooh ama Siswa jadi Kurtilas Kurikulum Tidak Jelas. Kalo KM dicemooh ama guru2 bahkan 1 sekolahan yaitu Kurikulum Modar. Karna bikin repot asli n keliatan banget;1.80721e+18;;zanatul_91;in;;0.0;1.0;3.0;https://x.com/undefined/status/1807211531698127135;2862109627.0;;tingkat sekolah bingung sama km mas makanya bilang kurikulum modar kalo dulu kurikulum cemooh ama siswa kurtilas kurikulum jelas kalo km cemooh ama guru bahkan sekolah yaitu kurikulum modar karna bikin repot asli n liat sangat;netral;['tingkat', 'sekolah', 'bingung', 'km', 'mas', 'bilang', 'kurikulum', 'modar', 'kalo', 'kurikulum', 'cemooh', 'ama', 'siswa', 'kurtilas', 'kurikulum', 'kalo', 'km', 'cemooh', 'ama', 'guru', 'sekolah', 'kurikulum', 'modar', 'karna', 'bikin', 'repot', 'asli', 'n', 'liat'];0
kurikulum-merdeka_7.csv;1.80699e+18;Sat Jun 29 11:22:26 +0000 2024;7.0;@zanatul_91 Inti dari semuanya itu adalah raport siswa harus tinggi kalau nggak bakalan sulit dapet sekolah negeri meski lewat jalur prestasi.;1.80701e+18;;zanatul_91;in;;0.0;3.0;1.0;https://x.com/undefined/status/1807011740011700500;8.99135e+17;;inti semua raport siswa harus tinggi kalau nggak bakal sulit dapet sekolah negeri meski lewat jalur prestasi;netral;['inti', 'raport', 'siswa', 'nggak', 'sulit', 'dapet', 'sekolah', 'negeri', 'jalur', 'prestasi'];1
kurikulum-merdeka_7.csv;1.80699e+18;Sat Jun 29 10:08:41 +0000 2024;5.0;@zanatul_91 Itulah hasil kementerian Ora Mikir asal saja buat kurikulum.;1.80699e+18;;zanatul_91;in;;0.0;1.0;0.0;https://x.com/undefined/status/1806993180895965531;1.60618e+18;;itu hasil menteri ora mikir asal buat kurikulum;netral;['hasil', 'menteri', 'ora', 'mikir', 'kurikulum'];1
kurikulum-merdeka_7.csv;1.80699e+18;Sat Jun 29 21:29:32 +0000 2024;4.0;@zanatul_91 KM ini kurikulum gak jelas bikin guru2 bingung. Materi pelajaran yg disampaikan beda2 antar sekolah bahkan ada sekolah yg beda guru beda materi yg diajarkan.;1.80716e+18;;zanatul_91;in;;0.0;2.0;0.0;https://x.com/undefined/status/1807164521938899096;1.42784e+18;;km kurikulum gak jelas bikin guru bingung materi ajar sampai beda antar sekolah bahkan ada sekolah beda guru beda materi ajar;netral;['km', 'kurikulum', 'gak', 'bikin', 'guru', 'bingung', 'materi', 'ajar', 'beda', 'sekolah', 'sekolah', 'beda', 'guru', 'beda', 'materi', 'ajar'];2
kurikulum-merdeka_7.csv;1.80699e+18;Sat Jun 29 10:48:27 +0000 2024;3.0;@zanatul_91 Yang sebutan kurikulum nasional yang mana? Katanya terbaru?;1.807e+18;;zanatul_91;in;;0.0;2.0;0.0;https://x.com/undefined/status/1807003188522000452;1.50617e+18;;sebut kurikulum nasional mana kata baru;netral;['kurikulum', 'nasional'];0
kurikulum-merdeka_7.csv;1.80699e+18;Sun Jun 30 01:45:03 +0000 2024;0.0;@zanatul_91 KOSP itu adalah kurikulum operasional satuan pendidikan sama dgn dokumen 1 dlm K13;1.80723e+18;;zanatul_91;in;;0.0;0.0;0.0;https://x.com/undefined/status/1807228824956149865;1472168220.0;;kosp kurikulum operasional satu didik sama dokumen dlm k;netral;['kosp', 'kurikulum', 'operasional', 'didik', 'dokumen', 'dlm', 'k'];3
kurikulum-merdeka_7.csv;1.80699e+18;Tue Jul 02 04:16:02 +0000 2024;0.0;@zanatul_91 Ada yang punya file CP terbaru?;1.80799e+18;;zanatul_91;in;;0.0;0.0;0.0;https://x.com/undefined/status/1807991598585913655;1.71484e+18;;ada punya file cp baru;netral;['file', 'cp'];2
kurikulum-merdeka_7.csv;1.80699e+18;Wed Jan 15 07:12:17 +0000 2025;1.0;@zanatul_91 https://t.co/F8IXQPijI5 jawaban pendidikan pancasila kelas 4 halaman 83 kurikulum merdeka terbaru;1.87943e+18;;zanatul_91;in;;0.0;0.0;0.0;https://x.com/undefined/status/1879426361804328961;1.87942e+18;;jawab didik pancasila kelas halaman kurikulum merdeka baru;netral;['didik', 'pancasila', 'kelas', 'halaman', 'kurikulum', 'merdeka'];0
kurikulum-merdeka_7.csv;1.80699e+18;Fri Jul 05 01:46:39 +0000 2024;0.0;@zanatul_91 @dariguruhonorer https://t.co/erjR2SCLxt: berikut;1.80904e+18;;zanatul_91;in;;0.0;0.0;0.0;https://x.com/undefined/status/1809041168761827726;1.80904e+18;;ikut;netral;[];0
kurikulum-merdeka_7.csv;1.80699e+18;Tue Oct 15 07:39:46 +0000 2024;0.0;@zanatul_91 cek kurikulum merdeka lainnya https://t.co/WaXBFK5KK8;1.84609e+18;;zanatul_91;in;;0.0;0.0;0.0;https://x.com/undefined/status/1846093594031210929;1.84213e+18;;cek kurikulum merdeka lain;netral;['cek', 'kurikulum', 'merdeka'];4
kurikulum-merdeka_7.csv;1.80699e+18;Wed Mar 12 08:01:19 +0000 2025;0.0;@zanatul_91 PENGGANTI KURIKULUM MERDEKA?? simak video di link berikut ini : https://t.co/mh18l6firb;1.89973e+18;;zanatul_91;in;;0.0;0.0;0.0;https://x.com/undefined/status/1899732424252432699;1.89945e+18;;ganti kurikulum merdeka simak video link ikut;netral;['ganti', 'kurikulum', 'merdeka', 'simak', 'video', 'link'];1
kurikulum-merdeka_8.csv;1.76024e+18;Wed Feb 21 10:33:03 +0000 2024;19.0;@zanatul_91 pas aku magang di dpr aku nanya kenapa setiap pembuatan uu ngga ada masa public hearing kayak di US Congress. dan memang katanya di indo ngga ada kenal kata uji publik secara formal di parlemen. Karena dengan membahas kebijakan bersama dpr aja udah itungannya uji publik.;1.76025e+18;;zanatul_91;in;;0.0;1.0;2.0;https://x.com/undefined/status/1760251280184971562;1.18909e+18;;pas aku magang dpr aku nanya kenapa tiap buat uu ngga ada masa public hearing kayak us congress memang kata indo ngga ada kenal kata uji publik cara formal parlemen bahas bijak sama dpr itungannya uji publik;netral;['pas', 'magang', 'dpr', 'nanya', 'uu', 'ngga', 'public', 'hearing', 'kayak', 'us', 'congress', 'indo', 'ngga', 'kenal', 'uji', 'publik', 'formal', 'parlemen', 'bahas', 'bijak', 'dpr', 'itungannya', 'uji', 'publik'];3
kurikulum-merdeka_8.csv;1.76024e+18;Wed Feb 21 10:39:47 +0000 2024;12.0;@zanatul_91 Yg repot yg di lapangan. Yg di dalem gedung gk ngerasain susahnya nerapin di kelas wkwk;1.76025e+18;;zanatul_91;in;;0.0;0.0;4.0;https://x.com/undefined/status/1760252972699971586;4682956135.0;;repot lapang dalem gedung ngerasain susah nerapin kelas;netral;['repot', 'lapang', 'dalem', 'gedung', 'ngerasain', 'susah', 'nerapin', 'kelas'];3
kurikulum-merdeka_8.csv;1.76024e+18;Wed Feb 21 10:01:41 +0000 2024;4.0;@zanatul_91 Yg punya kebijakan mereka guru cuma target/sasaran;1.76024e+18;;zanatul_91;in;;0.0;1.0;1.0;https://x.com/undefined/status/1760243384881659964;112076861.0;;punya bijak mereka guru cuma target sasar;netral;['bijak', 'guru', 'target', 'sasar'];1
kurikulum-merdeka_8.csv;1.76024e+18;Wed Feb 21 10:50:50 +0000 2024;1.0;@zanatul_91 @edukotor Sejauh ini berjalan berdasar Kepmendikbud 262/2022 dan beberapa KepKaBSKAP;1.76026e+18;;zanatul_91;in;;0.0;0.0;1.0;https://x.com/undefined/status/1760255753024422169;2237377454.0;;jauh jalan dasar kepmendikbud beberapa kepkabskap;netral;['jalan', 'dasar', 'kepmendikbud', 'kepkabskap'];1
kurikulum-merdeka_8.csv;1.76024e+18;Wed Feb 21 09:53:21 +0000 2024;2.0;@zanatul_91 Maaf taunya masa depan bukan masa lalu - seloroh beliau ;1.76024e+18;;zanatul_91;in;;0.0;0.0;0.0;https://x.com/undefined/status/1760241287842902183;92545833.0;;maaf tau masa depan bukan masa lalu seloroh beliau;netral;['maaf', 'tau', 'seloroh', 'beliau'];4
kurikulum-merdeka_8.csv;1.76024e+18;Wed Feb 21 11:16:53 +0000 2024;0.0;@zanatul_91 Kalo guru/ortu siswa yg merasa dirugikan kurmer ini menPTUN-kan permendikbud dan keputusan BSKAP terkait murmer mulai edisi 2022 atau raport k13 yg dibuat dgn versi kurmer trus menang. Seru kali yah.;1.76026e+18;;zanatul_91;in;;0.0;0.0;1.0;https://x.com/undefined/status/1760262310650937609;211759522.0;;kalo guru ortu siswa rasa rugi kurmer menptun permendikbud putus bskap kait murmer mulai edisi raport k buat versi kurmer trus menang seru kali yah;netral;['kalo', 'guru', 'ortu', 'siswa', 'rugi', 'kurmer', 'menptun', 'permendikbud', 'putus', 'bskap', 'kait', 'murmer', 'edisi', 'raport', 'k', 'versi', 'kurmer', 'trus', 'menang', 'seru', 'kali', 'yah'];4
kurikulum-merdeka_8.csv;1.76024e+18;Wed Feb 21 09:51:18 +0000 2024;1.0;@zanatul_91 Makhluk jadi-jadian;1.76024e+18;;zanatul_91;in;;0.0;0.0;0.0;https://x.com/undefined/status/1760240771138228358;2858068638.0;;makhluk jadi;netral;['makhluk'];2
kurikulum-merdeka_8.csv;1.76024e+18;Wed Feb 21 11:20:23 +0000 2024;1.0;@zanatul_91 Sejarah menurut mereka biar mnjdi masalahLo sprtinyahh ;1.76026e+18;;zanatul_91;in;;0.0;0.0;0.0;https://x.com/undefined/status/1760263192964682068;1.36126e+18;;sejarah turut mereka biar mnjdi masalahlo sprtinyahh;netral;['sejarah', 'biar', 'mnjdi', 'masalahlo', 'sprtinyahh'];1
kurikulum-merdeka_8.csv;1.76024e+18;Thu Feb 22 07:53:24 +0000 2024;1.0;@zanatul_91 Panjang sekali itu singkatan;1.76057e+18;;zanatul_91;in;;0.0;0.0;0.0;https://x.com/undefined/status/1760573489797587206;1.24998e+18;;panjang sekali singkat;netral;['singkat'];3
kurikulum-merdeka_8.csv;1.76024e+18;Thu Feb 22 10:54:56 +0000 2024;1.0;@zanatul_91 Proyek akhir tahun politk;1.76062e+18;;zanatul_91;in;;0.0;0.0;0.0;https://x.com/undefined/status/1760619175465410622;1.50617e+18;;proyek akhir tahun politk;netral;['proyek', 'politk'];1
kurikulum-merdeka_8.csv;1.76024e+18;Wed Feb 21 15:03:35 +0000 2024;0.0;@zanatul_91 @Guru_PNS Jgn menghina kerja keras dikbud ya;1.76032e+18;;zanatul_91;in;;0.0;0.0;0.0;https://x.com/undefined/status/1760319359032123745;583392136.0;;jgn hina kerja keras dikbud;netral;['jgn', 'hina', 'kerja', 'keras', 'dikbud'];1
kurikulum-merdeka_8.csv;1.76024e+18;Thu Feb 22 04:16:02 +0000 2024;0.0;@zanatul_91 Anggaran utk sektor pendidikan udah sejak 15 tahun lalu diketok wajib 20%. Tetapi kalo melihat HASIL dibawah kok menggelikan ya? Pdhl Australia hanya 5.5% Singapore 7% bahkan USA 12.5% ke-3 nya jauh dibawah standar rekomendasi UnEsco ..haha.. https://t.co/p7DgPsQtTY;1.76052e+18;https://pbs.twimg.com/media/GG6efBfaoAEEuX0.jpg;zanatul_91;in;;0.0;0.0;0.0;https://x.com/undefined/status/1760518786040647961;138631288.0;;anggar utk sektor didik sejak tahun lalu ketok wajib tetapi kalo lihat hasil bawah geli pdhl australia hanya singapore bahkan usa jauh bawah standar rekomendasi unesco haha;netral;['anggar', 'utk', 'sektor', 'didik', 'ketok', 'wajib', 'kalo', 'lihat', 'hasil', 'geli', 'pdhl', 'australia', 'singapore', 'usa', 'standar', 'rekomendasi', 'unesco', 'haha'];0
kurikulum-merdeka_9.csv;1.83292e+18;Mon Sep 09 00:08:35 +0000 2024;8.0;@tvOneNews Dulu yg mengusulkan nadiem jadi menteri pendidikan bener2 gak lihat latar belakangnya semoga di pemerintahan yg baru dapat menteri pendidikan yg mengerti dan paham memajukan murid dan tenaga pengajar lebih baik mencapai keilmuwan yg unggul;1.83293e+18;;tvOneNews;in;;0.0;0.0;0.0;https://x.com/undefined/status/1832934088891904501;95581423.0;;dulu usul nadiem menteri didik bener gak lihat latar belakang moga perintah baru dapat menteri didik erti paham maju murid tenaga ajar lebih baik capai keilmuwan unggul;positif;['usul', 'nadiem', 'menteri', 'didik', 'bener', 'gak', 'lihat', 'latar', 'moga', 'perintah', 'menteri', 'didik', 'erti', 'paham', 'maju', 'murid', 'tenaga', 'ajar', 'capai', 'keilmuwan', 'unggul'];1
kurikulum-merdeka_9.csv;1.83292e+18;Sun Sep 08 23:04:13 +0000 2024;7.0;@tvOneNews Nadiem telah merusak sistem pendidikan Indonesia.;1.83292e+18;;tvOneNews;in;;1.0;1.0;0.0;https://x.com/undefined/status/1832917888929513859;121425273.0;;nadiem telah rusak sistem didik indonesia;netral;['nadiem', 'rusak', 'sistem', 'didik', 'indonesia'];0
kurikulum-merdeka_9.csv;1.83292e+18;Sun Sep 08 23:04:34 +0000 2024;4.0;@tvOneNews Niat nya ingin merusak bangsa dan negara ini... Siapa sih nadim ini??? Apa dia benar org Indonesia.. Yg punya rasa terhadap bangsa dan negara ini....;1.83292e+18;;tvOneNews;in;;0.0;0.0;0.0;https://x.com/undefined/status/1832917975747400060;1.62255e+18;;niat ingin rusak bangsa negara siapa sih nadim dia benar org indonesia punya rasa hadap bangsa negara;netral;['niat', 'rusak', 'bangsa', 'negara', 'sih', 'nadim', 'org', 'indonesia', 'hadap', 'bangsa', 'negara'];0
kurikulum-merdeka_9.csv;1.83292e+18;Sun Sep 08 23:42:16 +0000 2024;4.0;@tvOneNews Ucapan seorang negarawan sejati yg sllu tulus mengabdi pada bangsa dan negeri ini perlu dipahami dan diteladani ;1.83293e+18;;tvOneNews;in;;0.0;0.0;0.0;https://x.com/undefined/status/1832927466148761996;1.75196e+18;;ucap orang negarawan sejati sllu tulus abdi bangsa negeri perlu paham teladan;netral;['orang', 'negarawan', 'sejati', 'sllu', 'tulus', 'abdi', 'bangsa', 'negeri', 'paham', 'teladan'];2
kurikulum-merdeka_9.csv;1.83292e+18;Mon Sep 09 00:10:58 +0000 2024;3.0;@tvOneNews Kalau menterinya membuat program seperti itu dan dijalankan artinya atasan menteri sdh setuju....;1.83293e+18;;tvOneNews;in;;0.0;0.0;0.0;https://x.com/undefined/status/1832934689608478800;69804623.0;;kalau menteri buat program seperti jalan arti atas menteri tuju;netral;['menteri', 'program', 'jalan', 'arti', 'menteri', 'tuju'];1
kurikulum-merdeka_9.csv;1.83292e+18;Mon Sep 09 01:39:56 +0000 2024;3.0;@tvOneNews Inilah akibat buruknya bila suatu urusan diberikan kepada orang yang bukan ahlinya tunggu kehancurannya...;1.83296e+18;;tvOneNews;in;;0.0;0.0;0.0;https://x.com/undefined/status/1832957078543167855;305025889.0;;ini akibat buruk bila suatu urus beri kepada orang bukan ahli tunggu hancur;negatif;['akibat', 'buruk', 'urus', 'orang', 'ahli', 'tunggu', 'hancur'];2
kurikulum-merdeka_9.csv;1.83292e+18;Mon Sep 09 11:44:30 +0000 2024;3.0;@tvOneNews Emang bangke si nadiem spp sekolah sekarang mahal banget. Sekolah SMA saja spp nya setara bayar kuliah jaman SBY trus biaya kuliah sekarang lebih gila lagi. Pendidikan sekarang dijadikan ajang komersil;1.83311e+18;;tvOneNews;in;;0.0;1.0;0.0;https://x.com/undefined/status/1833109221749198990;2518915579.0;;emang bangke nadiem spp sekolah sekarang mahal sangat sekolah sma spp tara bayar kuliah jaman sby trus biaya kuliah sekarang lebih gila didik sekarang jadi ajang komersil;netral;['emang', 'bangke', 'nadiem', 'spp', 'sekolah', 'mahal', 'sekolah', 'sma', 'spp', 'tara', 'bayar', 'kuliah', 'jaman', 'sby', 'trus', 'biaya', 'kuliah', 'gila', 'didik', 'ajang', 'komersil'];1
kurikulum-merdeka_9.csv;1.83292e+18;Mon Sep 09 00:47:47 +0000 2024;2.0;@tvOneNews Anaknya yg merdeka belajar ortunya yg mumet jadi ikutan sekolah lagi .;1.83294e+18;;tvOneNews;in;;0.0;1.0;0.0;https://x.com/undefined/status/1832943951898456377;193416229.0;;anak merdeka ajar ortunya mumet ikut sekolah;netral;['anak', 'merdeka', 'ajar', 'ortunya', 'mumet', 'sekolah'];1
kurikulum-merdeka_9.csv;1.83292e+18;Sun Sep 08 23:25:45 +0000 2024;1.0;@tvOneNews Mungkin anak2 Indonesia di suruh jdi tukang ojol aza;1.83292e+18;;tvOneNews;in;;0.0;0.0;0.0;https://x.com/undefined/status/1832923308825923922;1.07395e+18;;mungkin anak indonesia suruh jdi tukang ojol aza;netral;['anak', 'indonesia', 'suruh', 'jdi', 'tukang', 'ojol', 'aza'];0
kurikulum-merdeka_9.csv;1.83292e+18;Mon Sep 09 04:05:24 +0000 2024;1.0;@tvOneNews Betul kata Pak JK. Bukan sistem nya yg salah .. tp penerapan sistem nya belum cocok utk di Indonesia dg kondisi sosial ekonomi yg berbeda dg negara maju;1.83299e+18;;tvOneNews;in;;0.0;0.0;0.0;https://x.com/undefined/status/1832993682913706391;81565069.0;;betul kata pak jk bukan sistem salah tapi terap sistem cocok utk indonesia kondisi sosial ekonomi beda negara maju;negatif;['jk', 'sistem', 'salah', 'terap', 'sistem', 'cocok', 'utk', 'indonesia', 'kondisi', 'sosial', 'ekonomi', 'beda', 'negara', 'maju'];2
kurikulum-merdeka_9.csv;1.83292e+18;Mon Sep 09 10:50:34 +0000 2024;1.0;@tvOneNews Mereka sekarang punya misi membodohi generasi bangsa;1.8331e+18;;tvOneNews;in;;0.0;0.0;0.0;https://x.com/undefined/status/1833095648822071598;1.65761e+18;;mereka sekarang punya misi bodoh generasi bangsa;netral;['misi', 'bodoh', 'generasi', 'bangsa'];2
kurikulum-merdeka_9.csv;1.83292e+18;Mon Sep 09 11:37:22 +0000 2024;1.0;@tvOneNews Kayaknya memang tugasnya menteri skrg memperbodoh rakyta...;1.83311e+18;;tvOneNews;in;;0.0;0.0;0.0;https://x.com/undefined/status/1833107424179548458;1.59746e+18;;kayak memang tugas menteri skrg bodoh rakyta;netral;['kayak', 'tugas', 'menteri', 'skrg', 'bodoh', 'rakyta'];0
kurikulum-merdeka_9.csv;1.83292e+18;Mon Sep 09 02:06:59 +0000 2024;0.0;@tvOneNews Emang benar. Pendidikan kita skrg ini sdh rusak dimulai dari aturan dan kebijakan2 dari pusat. Generasi skrg yg msh sekolah menjadi korban atas rusaknya sistem pendidikan kita.;1.83296e+18;;tvOneNews;in;;0.0;0.0;0.0;https://x.com/undefined/status/1832963882333491540;98551340.0;;emang benar didik kita skrg rusak mulai atur bijak pusat generasi skrg msh sekolah jadi korban atas rusak sistem didik kita;netral;['emang', 'didik', 'skrg', 'rusak', 'atur', 'bijak', 'pusat', 'generasi', 'skrg', 'msh', 'sekolah', 'korban', 'rusak', 'sistem', 'didik'];0
kurikulum-merdeka_9.csv;1.83292e+18;Mon Sep 09 02:21:49 +0000 2024;0.0;@tvOneNews Nadiem kan manusia langka dia lahir dari lobang pantat @nadiemmakarim;1.83297e+18;;tvOneNews;in;;0.0;0.0;0.0;https://x.com/undefined/status/1832967618975957203;116969718.0;;nadiem manusia langka dia lahir lobang pantat;netral;['nadiem', 'manusia', 'langka', 'lahir', 'lobang', 'pantat'];3
kurikulum-merdeka_9.csv;1.83292e+18;Mon Sep 09 03:01:09 +0000 2024;0.0;@tvOneNews ;1.83298e+18;;tvOneNews;qme;;0.0;0.0;0.0;https://x.com/undefined/status/1832977515750494356;1.74576e+18;;;netral;['nan'];0
kurikulum-merdeka_9.csv;1.83292e+18;Mon Sep 09 06:27:19 +0000 2024;0.0;@tvOneNews Sabar pak bukan depan udah gak jadi menteri;1.83303e+18;;tvOneNews;in;;0.0;0.0;0.0;https://x.com/undefined/status/1833029400058900981;8.84709e+17;;sabar pak bukan depan gak menteri;netral;['sabar', 'gak', 'menteri'];1
kurikulum-merdeka_9.csv;1.83292e+18;Mon Sep 09 11:43:34 +0000 2024;0.0;@tvOneNews Menyala p Yusuf kala Terima kasih sudah membela rakyat;1.83311e+18;;tvOneNews;in;;0.0;0.0;0.0;https://x.com/undefined/status/1833108987648364916;1.53859e+18;;nyala p yusuf kala terima kasih bela rakyat;netral;['nyala', 'p', 'yusuf', 'terima', 'kasih', 'bela', 'rakyat'];3
kurikulum-merdeka_9.csv;1.83292e+18;Mon Sep 09 13:12:07 +0000 2024;0.0;@tvOneNews Emg bener gak ada UN anak2 pd males belajar;1.83313e+18;;tvOneNews;in;;0.0;0.0;0.0;https://x.com/undefined/status/1833131272497246716;7.88018e+17;;emg bener gak ada un anak pd males ajar;netral;['emg', 'bener', 'gak', 'un', 'anak', 'pd', 'males', 'ajar'];3
kurikulum-merdeka_9.csv;1.83292e+18;Mon Sep 09 14:35:38 +0000 2024;0.0;@tvOneNews Ancuuuuur?;1.83315e+18;;tvOneNews;in;;0.0;0.0;0.0;https://x.com/undefined/status/1833152288732684788;1.31918e+18;;ancur;netral;['ancur'];2
kurikulum-merdeka_9.csv;1.83292e+18;Mon Sep 09 15:20:56 +0000 2024;0.0;@tvOneNews Pdhl kurikulum merdeka klo dibaca tuh mirip kurikulum cikal cuma lagi2 sebenernya sistemnya belum siap jd mungkin ga jelas eksekusinya pengajar belum siap ortu ga dikasih pengetahuan yg jelas jd marah2 korbannya ke anak jd ga jelas mau kmn arahnya;1.83316e+18;;tvOneNews;in;;0.0;0.0;0.0;https://x.com/undefined/status/1833163689601749487;1.5729e+18;;pdhl kurikulum merdeka kalau baca tuh mirip kurikulum cikal cuma sebenernya sistem siap jd mungkin jelas eksekusi ajar siap ortu kasih tahu jelas jd marah korban anak jd jelas mau kmn arah;netral;['pdhl', 'kurikulum', 'merdeka', 'baca', 'tuh', 'kurikulum', 'cikal', 'sebenernya', 'sistem', 'jd', 'eksekusi', 'ajar', 'ortu', 'kasih', 'jd', 'marah', 'korban', 'anak', 'jd', 'kmn', 'arah'];3
kurikulum-merdeka_9.csv;1.83292e+18;Mon Sep 09 19:25:56 +0000 2024;0.0;"@tvOneNews Mas Menteri &amp; Pabrik Sarjana https://t.co/VBDs7biGmN";1.83323e+18;https://pbs.twimg.com/media/GXDsup3bEAEC4ks.jpg;tvOneNews;in;;0.0;0.0;0.0;https://x.com/undefined/status/1833225345719476557;1.57044e+18;;mas menteri amp pabrik sarjana;netral;['mas', 'menteri', 'amp', 'pabrik', 'sarjana'];3
kurikulum-merdeka_9.csv;1.83292e+18;Mon Sep 09 21:26:29 +0000 2024;0.0;@tvOneNews Merdeka belajar itu kalau dimaknai bisa sak karepmu bejar Kono Ra belajar Yo Kono. Ditambah dengan maraknya konten negatif di sosmed maka lengkaplah.;1.83326e+18;;tvOneNews;in;;0.0;0.0;0.0;https://x.com/undefined/status/1833255682726105224;1.65318e+18;;merdeka ajar kalau makna bisa sak karepmu bejar kono ra ajar yo kono tambah marak konten negatif sosmed maka lengkap;negatif;['merdeka', 'ajar', 'makna', 'sak', 'karepmu', 'bejar', 'kono', 'ra', 'ajar', 'yo', 'kono', 'marak', 'konten', 'negatif', 'sosmed', 'lengkap'];4
kurikulum-merdeka_9.csv;1.83292e+18;Mon Sep 09 22:41:31 +0000 2024;0.0;@tvOneNews Bagus2 aja kurikulum merdeka ;1.83327e+18;;tvOneNews;in;;0.0;0.0;0.0;https://x.com/undefined/status/1833274563393949937;4442456714.0;;bagus kurikulum merdeka;positif;['bagus', 'kurikulum', 'merdeka'];0
respon_orang_tua_terhadap_kurikulum_baru_1.csv;1.83723e+18;Fri Sep 20 21:16:38 +0000 2024;22.0;@ikhwanuddin Kebanyakan org tua menyekolahkan anak itu alasannya krn sibuk kerja ga punya waktu utk mendidik anak. Jdnya ortu tau beres aja sama guru dan sekolah.;1.83724e+18;;ikhwanuddin;in;;0.0;3.0;0.0;https://x.com/undefined/status/1837239469076087109;456016525.0;;banyak org tua sekolah anak alas krn sibuk kerja punya waktu utk didik anak jdnya ortu tau beres sama guru sekolah;netral;['org', 'tua', 'sekolah', 'anak', 'alas', 'krn', 'sibuk', 'kerja', 'utk', 'didik', 'anak', 'jdnya', 'ortu', 'tau', 'beres', 'guru', 'sekolah'];4
respon_orang_tua_terhadap_kurikulum_baru_1.csv;1.83723e+18;Sat Sep 21 01:44:10 +0000 2024;17.0;@ikhwanuddin Kami dulu diinterview diinterview oleh kepala sekolah saat anak test masuk SD. Ditanya jam berangkat/pulang kerja sering lembur gak? Komitmen nemenin anak saat ngerjain homework komitmen untuk membatasi screen time anak.;1.83731e+18;;ikhwanuddin;in;;0.0;0.0;2.0;https://x.com/undefined/status/1837306797306302765;1.81662e+18;;kami dulu diinterview diinterview oleh kepala sekolah saat anak test masuk sd tanya jam berangkat pulang kerja sering lembur gak komitmen nemenin anak saat ngerjain homework komitmen batas screen time anak;netral;['diinterview', 'diinterview', 'kepala', 'sekolah', 'anak', 'test', 'masuk', 'sd', 'jam', 'berangkat', 'pulang', 'kerja', 'lembur', 'gak', 'komitmen', 'nemenin', 'anak', 'ngerjain', 'homework', 'komitmen', 'batas', 'screen', 'time', 'anak'];1
respon_orang_tua_terhadap_kurikulum_baru_1.csv;1.83723e+18;Fri Sep 20 23:15:35 +0000 2024;8.0;@ikhwanuddin setuju. faktor sleep well kadang suka terlewat oleh orang tua padahal tidur yg cukup itu berpengaruh ke performa anak saat di sekolah atau saat belajar.;1.83727e+18;;ikhwanuddin;in;;0.0;0.0;2.0;https://x.com/undefined/status/1837269402523406577;285922061.0;;tuju faktor sleep well kadang suka lewat oleh orang tua padahal tidur cukup pengaruh performa anak saat sekolah saat ajar;netral;['tuju', 'faktor', 'sleep', 'well', 'kadang', 'suka', 'orang', 'tua', 'tidur', 'pengaruh', 'performa', 'anak', 'sekolah', 'ajar'];4
respon_orang_tua_terhadap_kurikulum_baru_1.csv;1.83723e+18;Sat Sep 21 00:59:43 +0000 2024;3.0;@ikhwanuddin Pesan yg bagus untuk ortu yg masukin anaknya ke pesantren atau boarding school dgn alasan yg sama;1.8373e+18;;ikhwanuddin;in;;0.0;0.0;1.0;https://x.com/undefined/status/1837295610288034280;181822588.0;;pesan bagus ortu masukin anak pesantren boarding school alas sama;positif;['pesan', 'bagus', 'ortu', 'masukin', 'anak', 'pesantren', 'boarding', 'school', 'alas'];4
respon_orang_tua_terhadap_kurikulum_baru_1.csv;1.83723e+18;Sat Sep 21 01:00:30 +0000 2024;5.0;@ikhwanuddin Lingkungan : Guru Murid Ortu sejalan dlm proses pendidikan. Sekolah Nyaman untuk belajar bagi siswa tdk ada bullying antar siswa. Kontrol Guru terhadap Siswa di sekolah berjalan. Tanggung jawab pendidikan Anak pada Orang bukan Guru sekolah hanya membantu;1.8373e+18;;ikhwanuddin;in;;0.0;0.0;0.0;https://x.com/undefined/status/1837295808456315272;1.61975e+18;;lingkung guru murid ortu jalan dlm proses didik sekolah nyaman ajar bagi siswa ada bullying antar siswa kontrol guru hadap siswa sekolah jalan tanggung jawab didik anak orang bukan guru sekolah hanya bantu;netral;['lingkung', 'guru', 'murid', 'ortu', 'jalan', 'dlm', 'proses', 'didik', 'sekolah', 'nyaman', 'ajar', 'siswa', 'bullying', 'siswa', 'kontrol', 'guru', 'hadap', 'siswa', 'sekolah', 'jalan', 'tanggung', 'didik', 'anak', 'orang', 'guru', 'sekolah', 'bantu'];4
respon_orang_tua_terhadap_kurikulum_baru_1.csv;1.83723e+18;Sat Sep 21 14:01:43 +0000 2024;3.0;"@ikhwanuddin Dosen ku sekaligus psikolog keluarga &amp; pasangan pernah blg salah satu standar dia milih sekolah buat anaknya adalah sekolah aware dengan parenting ngadain seminar parenting dll Sulit nuntut anak biar pinter tp ga melibatkan orang tua";1.83749e+18;;ikhwanuddin;in;;0.0;0.0;0.0;https://x.com/undefined/status/1837492407455166470;3162151574.0;;dosen ku sekaligus psikolog keluarga amp pasang pernah blg salah satu standar dia milih sekolah buat anak sekolah aware parenting ngadain seminar parenting dll sulit nuntut anak biar pinter tapi libat orang tua;negatif;['dosen', 'ku', 'psikolog', 'keluarga', 'amp', 'pasang', 'blg', 'salah', 'standar', 'milih', 'sekolah', 'anak', 'sekolah', 'aware', 'parenting', 'ngadain', 'seminar', 'parenting', 'dll', 'sulit', 'nuntut', 'anak', 'biar', 'pinter', 'libat', 'orang', 'tua'];1
respon_orang_tua_terhadap_kurikulum_baru_1.csv;1.83723e+18;Fri Sep 20 22:06:17 +0000 2024;1.0;@ikhwanuddin Setuju;1.83725e+18;;ikhwanuddin;in;;0.0;0.0;0.0;https://x.com/undefined/status/1837251962938826932;1.32542e+18;;tuju;netral;['tuju'];4
respon_orang_tua_terhadap_kurikulum_baru_1.csv;1.83723e+18;Sat Sep 21 00:36:43 +0000 2024;0.0;"@ikhwanuddin Sekolah Internasional cuma menang marketting mahal &amp; pelayanan aja isinya tipu2. Budaya na tetap kekerasan. https://t.co/XEEW7YOpMW";1.83729e+18;;ikhwanuddin;in;;0.0;1.0;0.0;https://x.com/undefined/status/1837289821896855831;1.74241e+18;;sekolah internasional cuma menang marketting mahal amp layan isi tipu budaya na tetap keras;netral;['sekolah', 'internasional', 'menang', 'marketting', 'mahal', 'amp', 'layan', 'isi', 'tipu', 'budaya', 'na', 'keras'];2
respon_orang_tua_terhadap_kurikulum_baru_10.csv;1.73296e+18;Mon Dec 11 00:22:13 +0000 2023;11.0;@karinyoo setuju bgt ngajarin anak di era digital ini semakin sulit tantangannya udh beda dgn jaman wkt gw belajar tnp akses Internet disrh ngerjain tugas sekolah andalannya tanya google atau tiktok semua serba dianggap remeh wassalam;1.73401e+18;;karinyoo;in;;0.0;1.0;0.0;https://x.com/undefined/status/1734005632775397377;74373080.0;;tuju bgt ngajarin anak era digital makin sulit tantang udh beda jaman wkt gw ajar tnp akses internet disrh ngerjain tugas sekolah andal tanya google tiktok semua serba anggap remeh wassalam;netral;['tuju', 'bgt', 'ngajarin', 'anak', 'era', 'digital', 'sulit', 'tantang', 'udh', 'beda', 'jaman', 'wkt', 'gw', 'ajar', 'tnp', 'akses', 'internet', 'disrh', 'ngerjain', 'tugas', 'sekolah', 'andal', 'google', 'tiktok', 'serba', 'anggap', 'remeh', 'wassalam'];4
respon_orang_tua_terhadap_kurikulum_baru_10.csv;1.73296e+18;Fri Dec 08 03:23:06 +0000 2023;9.0;@karinyoo realitanya kl d daerah kecil tantangannya bermacam2 kak;1.73296e+18;;karinyoo;in;;0.0;1.0;0.0;https://x.com/undefined/status/1732963990052143477;1.18839e+18;;realitanya kl d daerah kecil tantang macam kak;netral;['realitanya', 'kl', 'd', 'daerah', 'tantang', 'kak'];2
respon_orang_tua_terhadap_kurikulum_baru_10.csv;1.73296e+18;Fri Dec 08 03:45:55 +0000 2023;28.0;@karinyoo @mediocrickey Imo indonesia harus mulai ngerubah jam mata pelajaran yg notabene hafalan dikurangi dan mapel etika ditambahin. Karena zaman skrg untuk apa hafal menghafal karena kalau lupa tinggal googling. Paling diajarin cara googling yg benar;1.73297e+18;;karinyoo;in;;0.0;2.0;1.0;https://x.com/undefined/status/1732969730569621709;83032125.0;;imo indonesia harus mulai ngerubah jam mata ajar notabene hafal rang mapel etika ditambahin zaman skrg hafal hafal kalau lupa tinggal googling paling diajarin cara googling benar;netral;['imo', 'indonesia', 'ngerubah', 'jam', 'mata', 'ajar', 'notabene', 'hafal', 'rang', 'mapel', 'etika', 'ditambahin', 'zaman', 'skrg', 'hafal', 'hafal', 'lupa', 'tinggal', 'googling', 'diajarin', 'googling'];4
respon_orang_tua_terhadap_kurikulum_baru_10.csv;1.73296e+18;Fri Dec 08 05:50:01 +0000 2023;16.0;@karinyoo sekolah minta 100% lulus nilai turun di naekin akriditas harus A terus klo gak A bantua kurang yg minat dikit ekonomi gak muter salah kaprah;1.733e+18;;karinyoo;in;;0.0;0.0;0.0;https://x.com/undefined/status/1733000960912576905;479766947.0;;sekolah minta lulus nilai turun naekin akriditas harus a terus kalau gak a bantua kurang minat dikit ekonomi gak muter salah kaprah;negatif;['sekolah', 'lulus', 'nilai', 'turun', 'naekin', 'akriditas', 'a', 'gak', 'a', 'bantua', 'minat', 'dikit', 'ekonomi', 'gak', 'muter', 'salah', 'kaprah'];0
respon_orang_tua_terhadap_kurikulum_baru_10.csv;1.73296e+18;Mon Dec 11 00:33:55 +0000 2023;8.0;@karinyoo Ini bener ujian nasional nilainya bagus2 alhasil banyak yg daftar tes sekolah favorit tapi ya endingnya nggak keterima. Ketawa bgt liat fenomena ini ini anak bego gak pernah belajar tiba2 nilai rata2 8-9. Akhirnya tetep K.O gara2 tes ujian masuk yg nggak liat nilai nem;1.73401e+18;;karinyoo;in;;0.0;0.0;1.0;https://x.com/undefined/status/1734008575268434016;392638433.0;;bener uji nasional nilai bagus alhasil banyak daftar tes sekolah favorit tapi endingnya nggak terima ketawa bgt liat fenomena anak bego gak pernah ajar tiba nilai rata akhir tetep k o gara tes uji masuk nggak liat nilai nem;positif;['bener', 'uji', 'nasional', 'nilai', 'bagus', 'alhasil', 'daftar', 'tes', 'sekolah', 'favorit', 'endingnya', 'nggak', 'terima', 'ketawa', 'bgt', 'liat', 'fenomena', 'anak', 'bego', 'gak', 'ajar', 'nilai', 'tetep', 'k', 'o', 'gara', 'tes', 'uji', 'masuk', 'nggak', 'liat', 'nilai', 'nem'];0
respon_orang_tua_terhadap_kurikulum_baru_10.csv;1.73296e+18;Fri Dec 08 03:48:31 +0000 2023;6.0;"@karinyoo Info model begini pernah berseliweran &amp; sedihnya gw pun terpapar sampai insecure. Gw beneran parno kalau walas &amp; kepsek di sekolah anak gw sebenarnya nge-katrol nilai anak gw &amp; gak jujur ke gw. Untungnya sih ga kejadian karena sekolahnya punya integritas. Tapi gw masih insecure.";1.73297e+18;;karinyoo;in;;0.0;2.0;0.0;https://x.com/undefined/status/1732970385917038632;59389875.0;;info model begini pernah seliwer amp sedih gw papar sampai insecure gw beneran parno kalau walas amp kepsek sekolah anak gw benar nge katrol nilai anak gw amp gak jujur gw untung sih jadi sekolah punya integritas tapi gw masih insecure;netral;['info', 'model', 'seliwer', 'amp', 'sedih', 'gw', 'papar', 'insecure', 'gw', 'beneran', 'parno', 'walas', 'amp', 'kepsek', 'sekolah', 'anak', 'gw', 'nge', 'katrol', 'nilai', 'anak', 'gw', 'amp', 'gak', 'jujur', 'gw', 'untung', 'sih', 'sekolah', 'integritas', 'gw', 'insecure'];4
respon_orang_tua_terhadap_kurikulum_baru_10.csv;1.73296e+18;Sun Dec 10 06:58:21 +0000 2023;1.0;@karinyoo Aku sebagai ponakan guru SMA sering disuruh bantuin input nilai siswa di excel. Beberapa tahun terakhir ini heran kok nilai anak2 tinggi2 banget di atas 80an 90an juga rame. Padahal materinya makin susah dibanding zamanku belasan tahun lalu.;1.73374e+18;;karinyoo;in;;0.0;1.0;0.0;https://x.com/undefined/status/1733742934632354080;49539615.0;;aku bagai ponakan guru sma sering suruh bantuin input nilai siswa excel beberapa tahun akhir heran nilai anak tinggi sangat atas an an rame padahal materi makin susah banding zaman bas tahun lalu;netral;['ponakan', 'guru', 'sma', 'suruh', 'bantuin', 'input', 'nilai', 'siswa', 'excel', 'heran', 'nilai', 'anak', 'an', 'an', 'rame', 'materi', 'susah', 'banding', 'zaman', 'bas'];0
respon_orang_tua_terhadap_kurikulum_baru_10.csv;1.73296e+18;Sun Dec 10 23:20:48 +0000 2023;1.0;@karinyoo Apa lg dengan sistem ppdb kaya sekarang. 30% biasanya dari prestasi. Sekolah2 ya katrol abis nilai pinter anak jd subjektif. Rata2 nilai dibawah 93 jgn harap masuk negeri jalur prestasi deh kalo sekarang. Maka nya banyak tuh yg rela pindah kk buat masuk zonasi.;1.73399e+18;;karinyoo;in;;0.0;0.0;0.0;https://x.com/undefined/status/1733990175745945650;2602730659.0;;lg sistem ppdb kaya sekarang biasa prestasi sekolah katrol abis nilai pinter anak jd subjektif rata nilai bawah jgn harap masuk negeri jalur prestasi kalo sekarang maka banyak tuh rela pindah kk buat masuk zonasi;netral;['lg', 'sistem', 'ppdb', 'kaya', 'prestasi', 'sekolah', 'katrol', 'abis', 'nilai', 'pinter', 'anak', 'jd', 'subjektif', 'nilai', 'jgn', 'harap', 'masuk', 'negeri', 'jalur', 'prestasi', 'kalo', 'tuh', 'rela', 'pindah', 'kk', 'masuk', 'zonasi'];4
respon_orang_tua_terhadap_kurikulum_baru_11.csv;1.84908e+18;Thu Oct 24 01:18:31 +0000 2024;57.0;@SeokjinRie @sakaparaning @Boediantar4 Betull banget ini.. Realita sekarang itu seperti ninii.. Kalo merujuk pd UN terakhir nilai UN itu 40% nilai rapot 60% Tp nilai rapot dulu tuh apa adanya bawah kkm ya ada banyak. Apalagi skrg pakenya erapot susah guru mau rubah2 nilai kalo udah kirim kepusat;1.84926e+18;;SeokjinRie;in;;0.0;1.0;1.0;https://x.com/undefined/status/1849259143066222672;387583896.0;;betull sangat realita sekarang seperti nini kalo rujuk pd un akhir nilai un nilai rapot tapi nilai rapot dulu tuh ada bawah kkm ada banyak apalagi skrg pakenya erapot susah guru mau rubah nilai kalo kirim pusat;netral;['betull', 'realita', 'nini', 'kalo', 'rujuk', 'pd', 'un', 'nilai', 'un', 'nilai', 'rapot', 'nilai', 'rapot', 'tuh', 'kkm', 'skrg', 'pakenya', 'erapot', 'susah', 'guru', 'rubah', 'nilai', 'kalo', 'kirim', 'pusat'];4
respon_orang_tua_terhadap_kurikulum_baru_11.csv;1.84908e+18;Thu Oct 24 04:34:44 +0000 2024;9.0;@SeokjinRie @sakaparaning @Boediantar4 Kalo gitu brarti menurut saya bukan salah sistem nya. SDM nya aja yang kureng.;1.84931e+18;;SeokjinRie;in;;0.0;1.0;0.0;https://x.com/undefined/status/1849308519281160562;42328108.0;;kalo begitu brarti turut saya bukan salah sistem sdm reng;negatif;['kalo', 'brarti', 'salah', 'sistem', 'sdm', 'reng'];2
respon_orang_tua_terhadap_kurikulum_baru_11.csv;1.84908e+18;Thu Oct 24 04:49:20 +0000 2024;3.0;@SeokjinRie @sakaparaning @Boediantar4 Perlu standard secara nasional bisa diterapkan bertahap UN tdk hrs membuat murid jadi stress tentu ada metodanya dgn tugas tugas mulai dari dasar sampai yg hrs berpikir keras;1.84931e+18;;SeokjinRie;in;;0.0;1.0;0.0;https://x.com/undefined/status/1849312195324313827;1.72113e+18;;perlu standard cara nasional bisa terap tahap un hrs buat murid stress tentu ada metodanya tugas tugas mulai dasar sampai hrs pikir keras;netral;['standard', 'nasional', 'terap', 'tahap', 'un', 'hrs', 'murid', 'stress', 'metodanya', 'tugas', 'tugas', 'dasar', 'hrs', 'pikir', 'keras'];4
respon_orang_tua_terhadap_kurikulum_baru_11.csv;1.84908e+18;Fri Oct 25 00:14:24 +0000 2024;2.0;@SeokjinRie @sakaparaning @Boediantar4 Kemarin ada anak tetangga bapaknya bilang gini ga usah belajar juga bakalan lulus sekolah ko padahal dulu mau lulus aja mati2an buat belajar;1.84961e+18;;SeokjinRie;in;;0.0;0.0;0.0;https://x.com/undefined/status/1849605392554393741;1.46282e+18;;kemarin ada anak tetangga bapak bilang gin usah ajar bakal lulus sekolah ko padahal dulu mau lulus mati an buat ajar;netral;['kemarin', 'anak', 'tetangga', 'bilang', 'gin', 'ajar', 'lulus', 'sekolah', 'ko', 'lulus', 'mati', 'an', 'ajar'];4
respon_orang_tua_terhadap_kurikulum_baru_11.csv;1.84908e+18;Thu Oct 24 12:20:59 +0000 2024;1.0;@SeokjinRie @sakaparaning @Boediantar4 kakak ini keren banget jelasin dengan sabar. kok bs ga belibet gitu aku setuju dengan opini ini;1.84943e+18;;SeokjinRie;in;;0.0;0.0;0.0;https://x.com/undefined/status/1849425856592224460;2757324503.0;;kakak keren sangat jelasin sabar bs belibet begitu aku tuju opini;positif;['kakak', 'keren', 'jelasin', 'sabar', 'bs', 'belibet', 'tuju', 'opini'];4
respon_orang_tua_terhadap_kurikulum_baru_11.csv;1.84908e+18;Thu Oct 24 14:39:32 +0000 2024;1.0;@SeokjinRie @sakaparaning @Boediantar4 Aku setuju merdeka belajar tapi ga setuju kalo gaboleh ada nilai jelek/ga naik kelas. Lagian emangnya sekolah di LN sistemnya juga harus lulus semua gitu kah?;1.84946e+18;;SeokjinRie;in;;0.0;0.0;0.0;https://x.com/undefined/status/1849460722146897940;97483886.0;;aku tuju merdeka ajar tapi tuju kalo gaboleh ada nilai jelek naik kelas lagi emang sekolah ln sistem harus lulus semua begitu kah;negatif;['tuju', 'merdeka', 'ajar', 'tuju', 'kalo', 'gaboleh', 'nilai', 'jelek', 'kelas', 'emang', 'sekolah', 'ln', 'sistem', 'lulus', 'kah'];4
respon_orang_tua_terhadap_kurikulum_baru_11.csv;1.84908e+18;Thu Oct 24 12:42:18 +0000 2024;0.0;@SeokjinRie @sakaparaning @Boediantar4 Nice ;1.84943e+18;;SeokjinRie;en;;0.0;0.0;0.0;https://x.com/undefined/status/1849431219337073035;1.48432e+18;;nice;netral;['nice'];1
respon_orang_tua_terhadap_kurikulum_baru_12.csv;1.5025e+18;Sat Mar 12 08:00:14 +0000 2022;425.0;@adekumala Lagi cek buku MTK kelas 10. So far suka dengan bagaimana bab dibuka di mana siswa bisa langsung lihat aplikasi real dari bab yang dicover. Semoga bisa cepat rilis untuk kelas-kelas lainnya. https://t.co/OwHSCkhscQ;1.50256e+18;https://pbs.twimg.com/media/FNolRk6agAE8vI3.png;adekumala;in;;75.0;12.0;44.0;https://x.com/undefined/status/1502555048974626818;1.2881e+18;;cek buku mtk kelas so far suka bagaimana bab buka mana siswa bisa langsung lihat aplikasi real bab dicover moga bisa cepat rilis kelas kelas lain;positif;['cek', 'buku', 'mtk', 'kelas', 'so', 'far', 'suka', 'bab', 'buka', 'siswa', 'langsung', 'lihat', 'aplikasi', 'real', 'bab', 'dicover', 'moga', 'cepat', 'rilis', 'kelas', 'kelas'];4
respon_orang_tua_terhadap_kurikulum_baru_12.csv;1.5025e+18;Sat Mar 12 09:36:51 +0000 2022;397.0;@adekumala Waaww penulisnya aja Bu Sofie! Beliau ketua Yayasan Litara penggerak pembaruan literasi anak indonesia https://t.co/lp7I3TZxr5;1.50258e+18;https://pbs.twimg.com/media/FNo79x8VEAQCheO.jpg;adekumala;in;;2.0;6.0;22.0;https://x.com/undefined/status/1502579363362979843;43650109.0;;waaww tulis bu sofie beliau ketua yayasan litara gerak baru literasi anak indonesia;netral;['waaww', 'tulis', 'bu', 'sofie', 'beliau', 'ketua', 'yayasan', 'litara', 'gerak', 'literasi', 'anak', 'indonesia'];4
respon_orang_tua_terhadap_kurikulum_baru_12.csv;1.5025e+18;Sat Mar 12 04:43:00 +0000 2022;268.0;@adekumala Semoga entah dalam dua tahun lagi ganti Menteri semoga arah kebijakan dilanjutkan mbak. kalau kali ini saya optimis namun semoga gak dipatahkan olah 'pergantian' 5 tahunan.;1.50251e+18;;adekumala;in;;1.0;2.0;10.0;https://x.com/undefined/status/1502505412293464109;804003925.0;;moga entah dalam dua tahun ganti menteri moga arah bijak lanjut mbak kalau kali saya optimis namun moga gak patah olah ganti tahun;netral;['moga', 'ganti', 'menteri', 'moga', 'arah', 'bijak', 'mbak', 'kali', 'optimis', 'moga', 'gak', 'patah', 'olah', 'ganti'];0
respon_orang_tua_terhadap_kurikulum_baru_12.csv;1.5025e+18;Sat Mar 12 08:12:30 +0000 2022;11.0;@adekumala Nangis liat sampulnya. Semoga ga ada lg anak SD ngrasain dibully karna perbedaan fisik apalagi SARA;1.50256e+18;;adekumala;in;;0.0;1.0;0.0;https://x.com/undefined/status/1502558138049859587;1.25028e+18;;nang liat sampul moga ada lg anak sd ngrasain dibully karna beda fisik apalagi sara;netral;['nang', 'liat', 'sampul', 'moga', 'lg', 'anak', 'sd', 'ngrasain', 'dibully', 'karna', 'beda', 'fisik', 'sara'];0
respon_orang_tua_terhadap_kurikulum_baru_12.csv;1.5025e+18;Sat Mar 12 14:45:32 +0000 2022;11.0;@adekumala Salah satu pengalaman paling berharga buat saya adalah berkontribusi untuk dunia pendidikan. Terima kasih bu telah mengangkat tentang hal ini. Salam hangat dari tim penulis #MerdekaBelajar https://t.co/tqnWJTYbmu;1.50266e+18;https://pbs.twimg.com/media/FNqCnGnUYAkVQjt.jpg;adekumala;in;;0.0;1.0;0.0;https://x.com/undefined/status/1502657046935601154;52043768.0;;salah satu alam paling harga buat saya kontribusi dunia didik terima kasih bu telah angkat tentang hal salam hangat tim tulis merdekabelajar;negatif;['salah', 'alam', 'harga', 'kontribusi', 'dunia', 'didik', 'terima', 'kasih', 'bu', 'angkat', 'salam', 'hangat', 'tim', 'tulis', 'merdekabelajar'];3
respon_orang_tua_terhadap_kurikulum_baru_12.csv;1.5025e+18;Sat Mar 12 06:54:22 +0000 2022;6.0;@adekumala konsep buku ini kyk buku tematik jg gk ya? aku bingung bgt sama buku tematik soalnya gk ada teks apa2 untuk dipelajari kesian sma adek aku :'(;1.50254e+18;;adekumala;in;;0.0;1.0;0.0;https://x.com/undefined/status/1502538474083082240;1.46439e+18;;konsep buku kyk buku tematik aku bingung bgt sama buku tematik soal ada teks ajar kesi sma adek aku;netral;['konsep', 'buku', 'kyk', 'buku', 'tematik', 'bingung', 'bgt', 'buku', 'tematik', 'teks', 'ajar', 'kesi', 'sma', 'adek'];0
respon_orang_tua_terhadap_kurikulum_baru_12.csv;1.5025e+18;Sat Mar 12 07:54:54 +0000 2022;3.0;@adekumala Kurikulum merdeka berarti dipecah lagi ya per mata pelajaran kak?;1.50255e+18;;adekumala;in;;0.0;1.0;1.0;https://x.com/undefined/status/1502553705719410689;1.07684e+18;;kurikulum merdeka arti pecah per mata ajar kak;netral;['kurikulum', 'merdeka', 'arti', 'pecah', 'mata', 'ajar', 'kak'];4
respon_orang_tua_terhadap_kurikulum_baru_12.csv;1.5025e+18;Sun Mar 13 02:51:11 +0000 2022;5.0;@adekumala Ini buku paket anak kelas 1. Bye-bye kurikulum yang materinya banyak banget agak deg-degan sih tahun ajaran depan baru mulai nerapin kurikulum merdeka. https://t.co/ehreYHDUqE;1.50284e+18;https://pbs.twimg.com/media/FNsos_RVkAEfgCF.jpg;adekumala;in;;1.0;1.0;0.0;https://x.com/undefined/status/1502839661395210240;288605774.0;;buku paket anak kelas bye bye kurikulum materi banyak sangat agak deg degan sih tahun ajar depan baru mulai nerapin kurikulum merdeka;netral;['buku', 'paket', 'anak', 'kelas', 'bye', 'bye', 'kurikulum', 'materi', 'deg', 'degan', 'sih', 'ajar', 'nerapin', 'kurikulum', 'merdeka'];3
respon_orang_tua_terhadap_kurikulum_baru_12.csv;1.5025e+18;Sat Mar 12 08:20:21 +0000 2022;2.0;@adekumala Walaupun sdh tdk mengajar secara formal sy masih dan selalu berharap pendidikan di Indonesia semakin membaik semakin membuat anak2 senang belajar..;1.50256e+18;;adekumala;in;;0.0;1.0;1.0;https://x.com/undefined/status/1502560111491153924;41772903.0;;walaupun ajar cara formal sy masih selalu harap didik indonesia makin baik makin buat anak senang ajar;positif;['ajar', 'formal', 'sy', 'harap', 'didik', 'indonesia', 'anak', 'senang', 'ajar'];1
respon_orang_tua_terhadap_kurikulum_baru_12.csv;1.5025e+18;Sat Mar 12 07:47:59 +0000 2022;3.0;@adekumala Wah udah semakin bagus ya sampulnya. Dulu pas masih berkutat di bidang perbukuan suka gmn gitu liat buku kemdikbud. Kaku banget rasanya liat sampulnya dibanding sampul? dari penerbit lain. Good job;1.50255e+18;;adekumala;in;;0.0;1.0;0.0;https://x.com/undefined/status/1502551964852228099;120325776.0;;wah makin bagus sampul dulu pas masih kutat bidang buku suka gmn begitu liat buku kemdikbud kaku sangat rasa liat sampul banding sampul terbit lain good job;positif;['bagus', 'sampul', 'pas', 'kutat', 'bidang', 'buku', 'suka', 'gmn', 'liat', 'buku', 'kemdikbud', 'kaku', 'liat', 'sampul', 'banding', 'sampul', 'terbit', 'good', 'job'];0
respon_orang_tua_terhadap_kurikulum_baru_12.csv;1.5025e+18;Sat Mar 12 08:03:41 +0000 2022;2.0;@adekumala barusan sengaja ngunduh.. dari halaman pertama aja udah sangat cute? desain ilustrasinya colorful.. tata letak prakata daftar isi dan petunjuk membacanya bikin siswa tertarik buat membaca fontnya gemas dan kalimatnya tentu saja mudah dipahami untuk siswa di jenjang tersebut;1.50256e+18;;adekumala;in;;0.0;1.0;0.0;https://x.com/undefined/status/1502555917195259908;9.88607e+17;;barusan sengaja ngunduh halaman pertama sangat cute desain ilustrasi colorful tata letak prakata daftar isi tunjuk baca bikin siswa tarik buat baca fontnya gemas kalimat tentu mudah paham siswa jenjang sebut;positif;['barusan', 'sengaja', 'ngunduh', 'halaman', 'cute', 'desain', 'ilustrasi', 'colorful', 'tata', 'letak', 'prakata', 'daftar', 'isi', 'baca', 'bikin', 'siswa', 'tarik', 'baca', 'fontnya', 'gemas', 'kalimat', 'mudah', 'paham', 'siswa', 'jenjang'];2
respon_orang_tua_terhadap_kurikulum_baru_12.csv;1.5025e+18;Sat Mar 12 09:09:48 +0000 2022;2.0;@adekumala Buku matematika kelas X enak dibaca dan juga enak diliat. Ga block of text yg bikin males baca warnanya cantik pula. Aku suka.;1.50257e+18;;adekumala;in;;0.0;1.0;0.0;https://x.com/undefined/status/1502572556242472962;314342890.0;;buku matematika kelas x enak baca enak liat block of text bikin males baca warna cantik pula aku suka;netral;['buku', 'matematika', 'kelas', 'x', 'enak', 'baca', 'enak', 'liat', 'block', 'of', 'text', 'bikin', 'males', 'baca', 'warna', 'cantik', 'suka'];0
respon_orang_tua_terhadap_kurikulum_baru_12.csv;1.5025e+18;Sat Mar 12 13:21:51 +0000 2022;2.0;"@adekumala Sangat menjanjikan. Terus terang saya berharap banyak dari langkah ini. Akan tetapi saya juga berharap perubahan ini tidak dilakukan serentak dalam skala nasional. Berkaca dari kebijakan kementerian yg lalu kebijakan yg dilakukan secara masif &amp; mendadak justru tidak efektif.";1.50264e+18;;adekumala;in;;0.0;1.0;0.0;https://x.com/undefined/status/1502635984827035648;1208199846.0;;sangat janji terus terang saya harap banyak langkah tetapi saya harap ubah laku serentak dalam skala nasional kaca bijak menteri lalu bijak laku cara masif amp dadak justru efektif;positif;['janji', 'terang', 'harap', 'langkah', 'harap', 'ubah', 'laku', 'serentak', 'skala', 'nasional', 'kaca', 'bijak', 'menteri', 'bijak', 'laku', 'masif', 'amp', 'dadak', 'efektif'];1
respon_orang_tua_terhadap_kurikulum_baru_12.csv;1.5025e+18;Sat Mar 12 05:30:22 +0000 2022;1.0;@adekumala Sudah tidak tematik lagi kah? Karena anakku masih memakai K13 yang tematik;1.50252e+18;;adekumala;in;;0.0;1.0;0.0;https://x.com/undefined/status/1502517332685385731;65344647.0;;tematik kah anak masih pakai k tematik;netral;['tematik', 'kah', 'anak', 'pakai', 'k', 'tematik'];0
respon_orang_tua_terhadap_kurikulum_baru_12.csv;1.5025e+18;Sat Mar 12 08:00:59 +0000 2022;1.0;@adekumala Isinya gimana bund? Isinya mirip sama tematik ga? Cover doang menarik mah percuma kalo isinya ga jelas. Suka kesel aja selama bertahun? ngajarin adek pake tematik soal?nya rancu dan muatan materinya jg kurang. Semoga kedepannya semakin bnyk perubahan kualitas yaa?;1.50256e+18;;adekumala;in;;0.0;1.0;0.0;https://x.com/undefined/status/1502555236191326210;1.12245e+18;;isi gimana bund isi mirip sama tematik cover doang tarik percuma kalo isi jelas suka kesel lama tahun ngajarin adek pake tematik soal rancu muat materi kurang moga depan makin bnyk ubah kualitas yaa;negatif;['isi', 'gimana', 'bund', 'isi', 'tematik', 'cover', 'doang', 'tarik', 'kalo', 'isi', 'suka', 'kesel', 'ngajarin', 'adek', 'pake', 'tematik', 'rancu', 'muat', 'materi', 'moga', 'bnyk', 'ubah', 'kualitas', 'yaa'];0
respon_orang_tua_terhadap_kurikulum_baru_12.csv;1.5025e+18;Sat Mar 12 08:24:47 +0000 2022;1.0;@adekumala Jadi penasaran sama kurikulum merdeka. Harus kuat kuat ngadepin banyak perubahan ya ibuk bapak guru.;1.50256e+18;;adekumala;in;;0.0;1.0;0.0;https://x.com/undefined/status/1502561226534006785;403320727.0;;penasaran sama kurikulum merdeka harus kuat kuat ngadepin banyak ubah ibuk bapak guru;netral;['penasaran', 'kurikulum', 'merdeka', 'kuat', 'kuat', 'ngadepin', 'ubah', 'ibuk', 'guru'];3
respon_orang_tua_terhadap_kurikulum_baru_12.csv;1.5025e+18;Sat Mar 12 16:10:16 +0000 2022;1.0;@adekumala Ini berarti udah ga masuk ke mata pelajaran Tema ya??? Sekolah tempat muridku belajar itu masih pakai yabg covernya berjudul Tema gitu .. ga pake per subjek materi kyk indo ipa ips.. numpang nanya soalnya aku bantu ngajar tp bukan anak pendidikan :(;1.50268e+18;;adekumala;in;;0.0;1.0;0.0;https://x.com/undefined/status/1502678371322691588;189025940.0;;arti masuk mata ajar tema sekolah tempat murid ajar masih pakai yabg covernya judul tema begitu pake per subjek materi kyk indo ipa ips numpang nanya soal aku bantu ngajar tapi bukan anak didik;netral;['arti', 'masuk', 'mata', 'ajar', 'tema', 'sekolah', 'murid', 'ajar', 'pakai', 'yabg', 'covernya', 'judul', 'tema', 'pake', 'subjek', 'materi', 'kyk', 'indo', 'ipa', 'ips', 'numpang', 'nanya', 'bantu', 'ngajar', 'anak', 'didik'];4
respon_orang_tua_terhadap_kurikulum_baru_12.csv;1.5025e+18;Sat Mar 12 18:04:13 +0000 2022;1.0;@adekumala Covernya bagus banget. Ada buku2 utk playgroup gak ya? Kalau bs dibeli lumayan untuk anak aku yg homeschooling;1.50271e+18;;adekumala;in;;0.0;1.0;0.0;https://x.com/undefined/status/1502707048286359556;45854796.0;;covernya bagus sangat ada buku utk playgroup gak kalau bs beli lumayan anak aku homeschooling;positif;['covernya', 'bagus', 'buku', 'utk', 'playgroup', 'gak', 'bs', 'beli', 'lumayan', 'anak', 'homeschooling'];0
respon_orang_tua_terhadap_kurikulum_baru_12.csv;1.5025e+18;Sun Mar 13 01:51:21 +0000 2022;1.0;@adekumala Anakku yg kecil udah pake kurikulum penggerak. Gambar2nya baguuus bgt ceritanya jg relate sm kehidupan sehari2. Ada jg barcode yg linked sm buku cerita digital anak2 jdi lebih tertarik baca. Saking senengnya materi 1 semester dikerjain dalam waktu sebulan aja ;1.50282e+18;;adekumala;in;;0.0;1.0;0.0;https://x.com/undefined/status/1502824603995242507;304276715.0;;anak kecil pake kurikulum gerak gambar bagus bgt cerita relate sm hidup hari ada barcode linked sm buku cerita digital anak jdi lebih tarik baca saking neng materi semester dikerjain dalam waktu bulan;positif;['anak', 'pake', 'kurikulum', 'gerak', 'gambar', 'bagus', 'bgt', 'cerita', 'relate', 'sm', 'hidup', 'barcode', 'linked', 'sm', 'buku', 'cerita', 'digital', 'anak', 'jdi', 'tarik', 'baca', 'saking', 'neng', 'materi', 'semester', 'dikerjain'];3
respon_orang_tua_terhadap_kurikulum_baru_12.csv;1.5025e+18;Sun Mar 13 09:39:02 +0000 2022;1.0;@adekumala Thank you? dalam pembuatanya buku ini juga byk peran dan kerjsama dengan ilustrator penulis dan editor juga tentunya;1.50294e+18;;adekumala;in;;0.0;1.0;0.0;https://x.com/undefined/status/1502942299986153473;1.35698e+18;;thank you dalam pembuatanya buku byk peran kerjsama ilustrator tulis editor tentu;netral;['thank', 'you', 'pembuatanya', 'buku', 'byk', 'peran', 'kerjsama', 'ilustrator', 'tulis', 'editor'];4
respon_orang_tua_terhadap_kurikulum_baru_12.csv;1.5025e+18;Sat Mar 12 07:15:52 +0000 2022;0.0;@adekumala @beachdizcoo Ini beneran balik Bahasa Indonesia ??? Adekku SD pelajarannya TEMA soalnya Jadi agak ribet. Enakan Bhs.Indo IPA IPS PKN dipisah daripada jadi 1 TEMA gitu;1.50254e+18;;adekumala;in;;0.0;1.0;0.0;https://x.com/undefined/status/1502543884014219264;7.00976e+17;;beneran balik bahasa indonesia adekku sd ajar tema soal agak ribet enak bhs indo ipa ips pkn pisah daripada tema begitu;negatif;['beneran', 'bahasa', 'indonesia', 'adekku', 'sd', 'ajar', 'tema', 'ribet', 'enak', 'bhs', 'indo', 'ipa', 'ips', 'pkn', 'pisah', 'tema'];1
respon_orang_tua_terhadap_kurikulum_baru_12.csv;1.5025e+18;Sat Mar 12 07:48:08 +0000 2022;0.0;@adekumala kurikulum baru udh gapake tema ya ??;1.50255e+18;;adekumala;in;;0.0;1.0;0.0;https://x.com/undefined/status/1502552003733467137;1.11022e+18;;kurikulum baru udh gapake tema;netral;['kurikulum', 'udh', 'gapake', 'tema'];0
respon_orang_tua_terhadap_kurikulum_baru_12.csv;1.5025e+18;Sat Mar 12 08:58:57 +0000 2022;0.0;@adekumala Bagaimana dengan buku dari Depag mbak?!;1.50257e+18;;adekumala;in;;0.0;1.0;0.0;https://x.com/undefined/status/1502569824257720323;478245731.0;;bagaimana buku depag mbak;netral;['buku', 'depag', 'mbak'];0
respon_orang_tua_terhadap_kurikulum_baru_12.csv;1.5025e+18;Sat Mar 12 09:17:58 +0000 2022;0.0;@adekumala Mohon maaf mba.. Saya masih awam. Apakah sistem kurikulum Merdeka ini akan dijalankan oleh tiap sekolah? Baik negeri maupun swasta?;1.50257e+18;;adekumala;in;;0.0;1.0;0.0;https://x.com/undefined/status/1502574609841156099;54788618.0;;mohon maaf mba saya masih awam apakah sistem kurikulum merdeka jalan oleh tiap sekolah baik negeri maupun swasta;positif;['mohon', 'maaf', 'mba', 'awam', 'sistem', 'kurikulum', 'merdeka', 'jalan', 'sekolah', 'negeri', 'swasta'];1
respon_orang_tua_terhadap_kurikulum_baru_12.csv;1.5025e+18;Sat Mar 12 10:53:44 +0000 2022;0.0;@adekumala Untuk jenjang smp ada kak?;1.5026e+18;;adekumala;in;;0.0;1.0;0.0;https://x.com/undefined/status/1502598713616654347;46350030.0;;jenjang smp ada kak;netral;['jenjang', 'smp', 'kak'];1
respon_orang_tua_terhadap_kurikulum_baru_12.csv;1.5025e+18;Sat Mar 12 23:43:04 +0000 2022;0.0;@adekumala sekolah penggerak itu gimana ka;1.50279e+18;;adekumala;in;;0.0;1.0;0.0;https://x.com/undefined/status/1502792321599180801;1.00689e+18;;sekolah gerak gimana ka;netral;['sekolah', 'gerak', 'gimana', 'ka'];1
respon_orang_tua_terhadap_kurikulum_baru_12.csv;1.5025e+18;Sun Mar 13 00:20:17 +0000 2022;0.0;@adekumala Kalau AKM bagaimana Bu? Krn beberapa sekolah sdh menggunakan AKM di kelas 4. Anak sy mau daftar pesantren pun ada yg testnya dgn AKM;1.5028e+18;;adekumala;in;;0.0;1.0;0.0;https://x.com/undefined/status/1502801688327233536;2328280020.0;;kalau akm bagaimana bu krn beberapa sekolah guna akm kelas anak sy mau daftar pesantren ada testnya akm;netral;['akm', 'bu', 'krn', 'sekolah', 'akm', 'kelas', 'anak', 'sy', 'daftar', 'pesantren', 'testnya', 'akm'];0
respon_orang_tua_terhadap_kurikulum_baru_12.csv;1.5025e+18;Sun Mar 13 01:17:20 +0000 2022;0.0;@adekumala Bu mohon maaf izin tanya sebenarnya kurikulum pendidikan Indonesia itu di ambil atau di buat atas dasar aspek yang bisa memunculkan potensi anak atau kah ada yang lain?;1.50282e+18;;adekumala;in;;0.0;1.0;0.0;https://x.com/undefined/status/1502816042212495364;1.42833e+18;;bu mohon maaf izin tanya benar kurikulum didik indonesia ambil buat atas dasar aspek bisa muncul potensi anak kah ada lain;netral;['bu', 'mohon', 'maaf', 'izin', 'kurikulum', 'didik', 'indonesia', 'ambil', 'dasar', 'aspek', 'muncul', 'potensi', 'anak', 'kah'];0
respon_orang_tua_terhadap_kurikulum_baru_12.csv;1.5025e+18;Sun Mar 13 03:22:17 +0000 2022;0.0;@adekumala Kak izin bertanya mengenai SMA yang tidak ada jurusan IPA IPS dan Bahasa apakah itu akan terlaksana pada tahun ini?;1.50285e+18;;adekumala;in;;0.0;1.0;0.0;https://x.com/undefined/status/1502847490587910145;1.4421e+18;;kak izin tanya kena sma ada jurus ipa ips bahasa apakah laksana tahun;netral;['kak', 'izin', 'kena', 'sma', 'jurus', 'ipa', 'ips', 'bahasa', 'laksana'];4
respon_orang_tua_terhadap_kurikulum_baru_12.csv;1.5025e+18;Sun Mar 13 04:44:17 +0000 2022;0.0;@adekumala Berarti kurikulum terbaru ini bukan tematik lg ya bu? Sudah permapel??;1.50287e+18;;adekumala;in;;0.0;1.0;0.0;https://x.com/undefined/status/1502868125854814208;216972199.0;;arti kurikulum baru bukan tematik lg bu permapel;netral;['arti', 'kurikulum', 'tematik', 'lg', 'bu', 'permapel'];0
respon_orang_tua_terhadap_kurikulum_baru_12.csv;1.5025e+18;Sat Mar 12 09:12:05 +0000 2022;5.0;"@adekumala Transnformasinya sih bagus literasi mantap. Hanya yg jd permasalahan adalah; 1. Oknum ASN yg tidak focus sibuk d luar. Pembelajaran di kelas mah dilemparin k honorer pendamping. 2. Focus belajar siswa tidak berimbang sekolah rumah lingkungan. 3. Pembelajaran daring sema..";1.50257e+18;;adekumala;in;;0.0;1.0;0.0;https://x.com/undefined/status/1502573129729601539;89644400.0;;transnformasinya sih bagus literasi mantap hanya jd masalah oknum asn focus sibuk d luar ajar kelas dilemparin k honorer damping focus ajar siswa imbang sekolah rumah lingkung ajar daring sema;positif;['transnformasinya', 'sih', 'bagus', 'literasi', 'mantap', 'jd', 'oknum', 'asn', 'focus', 'sibuk', 'd', 'ajar', 'kelas', 'dilemparin', 'k', 'honorer', 'damping', 'focus', 'ajar', 'siswa', 'imbang', 'sekolah', 'rumah', 'lingkung', 'ajar', 'daring', 'sema'];2
respon_orang_tua_terhadap_kurikulum_baru_12.csv;1.5025e+18;Sat Mar 12 06:42:33 +0000 2022;4.0;@adekumala Saya ada melihat buku kepercayaan terhadap Tuhan yang maha esa dan Budi pengerti. Apa ini di pakai buat yang bukan beragama Islam Khonghucu Kristen Hindu dan budha ya buk?;1.50254e+18;;adekumala;in;;0.0;2.0;0.0;https://x.com/undefined/status/1502535498530967553;2899357021.0;;saya ada lihat buku percaya hadap tuhan maha esa budi erti pakai buat bukan agama islam khonghucu kristen hindu budha buk;netral;['lihat', 'buku', 'percaya', 'hadap', 'tuhan', 'maha', 'esa', 'budi', 'erti', 'pakai', 'agama', 'islam', 'khonghucu', 'kristen', 'hindu', 'budha', 'buk'];3
respon_orang_tua_terhadap_kurikulum_baru_12.csv;1.5025e+18;Sat Mar 12 07:19:10 +0000 2022;4.0;@adekumala barusan aja selesai overview di sekolah kami oleh dinas setempat. https://t.co/f4APZEDlSF;1.50254e+18;https://pbs.twimg.com/media/FNocc64aUAMBYzz.jpg;adekumala;in;;0.0;3.0;0.0;https://x.com/undefined/status/1502544715467849733;2297190607.0;;barusan selesai overview sekolah kami oleh dinas tempat;netral;['barusan', 'selesai', 'overview', 'sekolah', 'dinas'];0
respon_orang_tua_terhadap_kurikulum_baru_12.csv;1.5025e+18;Sat Mar 12 07:38:36 +0000 2022;4.0;@adekumala Uwah bener banget baru kemarin aku pelatihan maasyaaAllah suka banget sama konsep merdeka belajar pemberian pembelajaran yang ga cuma mementingkat standarisasi tanpa perhatiin kemampuan tiap anaknya beda-beda. Soal waktu pasti butuh waktu untuk penyesuaian lagi;1.50255e+18;;adekumala;in;;0.0;0.0;0.0;https://x.com/undefined/status/1502549605614964737;512730064.0;;uwah bener sangat baru kemarin aku latih maasyallah suka sangat sama konsep merdeka ajar beri ajar cuma mementingkat standar tanpa perhatiin mampu tiap anak beda beda soal waktu pasti butuh waktu sesuai;netral;['uwah', 'bener', 'kemarin', 'latih', 'maasyallah', 'suka', 'konsep', 'merdeka', 'ajar', 'ajar', 'mementingkat', 'standar', 'perhatiin', 'anak', 'beda', 'beda', 'butuh', 'sesuai'];4
respon_orang_tua_terhadap_kurikulum_baru_12.csv;1.5025e+18;Sat Mar 12 08:47:10 +0000 2022;2.0;@adekumala Tp sayang...masa pak jokowi kurang 2 th lagi belom tentu Mas Nadiem lagi yg jg mendiknas nanti kena menteri gen boomer lagi bisa berabe;1.50257e+18;;adekumala;in;;0.0;1.0;1.0;https://x.com/undefined/status/1502566862399602690;64438929.0;;tapi sayang masa pak jokowi kurang th bom tentu mas nadiem mendiknas nanti kena menteri gen boomer bisa berabe;negatif;['sayang', 'jokowi', 'th', 'bom', 'mas', 'nadiem', 'mendiknas', 'kena', 'menteri', 'gen', 'boomer', 'berabe'];0
respon_orang_tua_terhadap_kurikulum_baru_12.csv;1.5025e+18;Sat Mar 12 09:48:53 +0000 2022;4.0;@adekumala Lihat penulisnya salah satunya Bu Eva Nukman itu penerjemah Jerman Indonesia yang cukup terkenal namanya.;1.50258e+18;;adekumala;in;;0.0;0.0;0.0;https://x.com/undefined/status/1502582392166707201;259594890.0;;lihat tulis salah satu bu eva nukman terjemah jerman indonesia cukup kenal nama;negatif;['lihat', 'tulis', 'salah', 'bu', 'eva', 'nukman', 'terjemah', 'jerman', 'indonesia', 'kenal', 'nama'];0
respon_orang_tua_terhadap_kurikulum_baru_12.csv;1.5025e+18;Sat Mar 12 12:58:30 +0000 2022;3.0;@adekumala Udah lihat juga buku-buku ini dari bbrp guru penggerak... Memang bagus dan ada perubahan dr BSE th2 sebelumnya. Penambahan: mengajak siswa lbh peka + terlibat dgn objek belajar peran guru sbg fasilitator jg lbh dijelaskan dgn detail. Smg terus berdampak positif;1.50263e+18;;adekumala;in;;0.0;0.0;0.0;https://x.com/undefined/status/1502630110125780994;1.18502e+18;;lihat buku buku bbrp guru gerak memang bagus ada ubah bse th belum tambah ajak siswa lbh peka libat objek ajar peran guru bagai fasilitator lbh jelas detail smg terus dampak positif;positif;['lihat', 'buku', 'buku', 'bbrp', 'guru', 'gerak', 'bagus', 'ubah', 'bse', 'th', 'ajak', 'siswa', 'lbh', 'peka', 'libat', 'objek', 'ajar', 'peran', 'guru', 'fasilitator', 'lbh', 'detail', 'smg', 'dampak', 'positif'];2
respon_orang_tua_terhadap_kurikulum_baru_12.csv;1.5025e+18;Sat Mar 12 08:36:16 +0000 2022;2.0;@adekumala Apapun perubahannya semoga bisa dirasakan diseluruh indonesia jangan sampai di pelosok belum merasakan udah berubah lagi ;1.50256e+18;;adekumala;in;;0.0;0.0;0.0;https://x.com/undefined/status/1502564118183964675;65342308.0;;apa ubah moga bisa rasa seluruh indonesia jangan sampai pelosok rasa ubah;netral;['ubah', 'moga', 'indonesia', 'pelosok', 'ubah'];0
respon_orang_tua_terhadap_kurikulum_baru_12.csv;1.5025e+18;Sat Mar 12 09:04:44 +0000 2022;2.0;@adekumala Enak yaaa 2022 Guru Guru bnyak yg mudaa dan Cara Mendidiknyaa menyesuaikan tingkatan..;1.50257e+18;;adekumala;in;;0.0;1.0;0.0;https://x.com/undefined/status/1502571281715060736;287057562.0;;enak guru guru bnyak mudaa cara mendidiknyaa sesuai tingkat;netral;['enak', 'guru', 'guru', 'bnyak', 'mudaa', 'mendidiknyaa', 'sesuai', 'tingkat'];1
respon_orang_tua_terhadap_kurikulum_baru_12.csv;1.5025e+18;Sat Mar 12 12:47:09 +0000 2022;2.0;@adekumala serasa pengen koleksi;1.50263e+18;;adekumala;in;;0.0;0.0;0.0;https://x.com/undefined/status/1502627255578918915;324396798.0;;serasa ken koleksi;netral;['serasa', 'ken', 'koleksi'];4
respon_orang_tua_terhadap_kurikulum_baru_12.csv;1.5025e+18;Sat Mar 12 12:50:37 +0000 2022;2.0;@adekumala tolong kecilin ukuran bukunya atau jangan lagi bawa cetak seukuran gaban dan berat. kasian anak2 kelas 1 2 3 tersiksa buat punggung anak. selain bawa beberapa buku ukuran besar dan berat itu mereka biasa bawa air dan kotak makan siang.;1.50263e+18;;adekumala;in;;0.0;0.0;0.0;https://x.com/undefined/status/1502628125594697729;62281652.0;;tolong kecilin ukur buku jangan bawa cetak ukur gaban berat kasi anak kelas siksa buat punggung anak selain bawa beberapa buku ukur besar berat mereka biasa bawa air kotak makan siang;netral;['tolong', 'kecilin', 'ukur', 'buku', 'bawa', 'cetak', 'ukur', 'gaban', 'berat', 'kasi', 'anak', 'kelas', 'siksa', 'punggung', 'anak', 'bawa', 'buku', 'ukur', 'berat', 'bawa', 'air', 'kotak', 'makan', 'siang'];4
respon_orang_tua_terhadap_kurikulum_baru_12.csv;1.5025e+18;Sat Mar 12 12:51:18 +0000 2022;2.0;@adekumala Nah banyakin gambar? kayak gini dong di buku soalnya aku SD suka banget buka buku bahasa Karna banyak gambar nya tapi lama kelamaan buku? isinya tulisan semua jadi kurang semangat kalo buka;1.50263e+18;;adekumala;in;;0.0;0.0;0.0;https://x.com/undefined/status/1502628298454548482;1.23481e+18;;banyakin gambar kayak gin buku soal aku sd suka sangat buka buku bahasa karna banyak gambar tapi lama lama buku isi tulis semua kurang semangat kalo buka;negatif;['banyakin', 'gambar', 'kayak', 'gin', 'buku', 'sd', 'suka', 'buka', 'buku', 'bahasa', 'karna', 'gambar', 'buku', 'isi', 'tulis', 'semangat', 'kalo', 'buka'];0
respon_orang_tua_terhadap_kurikulum_baru_12.csv;1.5025e+18;Sat Mar 12 14:50:27 +0000 2022;2.0;@adekumala Barusan liat twitt ini langsung meluncur ke websitenya terus nyari buku kelas IV ternyata ada dan isinya bagus banget. Cuma problemnya hp siswa kadang speknya masih yg rendah memori cepet penuh dan susah untuk install aplikasi pembuka file pdf;1.50266e+18;;adekumala;in;;0.0;1.0;0.0;https://x.com/undefined/status/1502658283160891394;273339086.0;;barusan liat twitt langsung luncur websitenya terus nyari buku kelas iv nyata ada isi bagus sangat cuma problem hp siswa kadang speknya masih rendah memori cepet penuh susah install aplikasi buka file pdf;positif;['barusan', 'liat', 'twitt', 'langsung', 'luncur', 'websitenya', 'nyari', 'buku', 'kelas', 'iv', 'nyata', 'isi', 'bagus', 'problem', 'hp', 'siswa', 'kadang', 'speknya', 'rendah', 'memori', 'cepet', 'penuh', 'susah', 'install', 'aplikasi', 'buka', 'file', 'pdf'];2
respon_orang_tua_terhadap_kurikulum_baru_12.csv;1.5025e+18;Sat Mar 12 15:00:37 +0000 2022;2.0;@adekumala Ini bukan buku paket huaaa lucu banget kek buku dongeng ;1.50266e+18;;adekumala;in;;0.0;0.0;0.0;https://x.com/undefined/status/1502660840280915973;1.40489e+18;;bukan buku paket hua lucu sangat kek buku dongeng;netral;['buku', 'paket', 'hua', 'lucu', 'kek', 'buku', 'dongeng'];0
respon_orang_tua_terhadap_kurikulum_baru_12.csv;1.5025e+18;Sun Mar 13 03:06:35 +0000 2022;2.0;@adekumala And again.. sekolah jadi lebih baik ketika kita lulus ;1.50284e+18;;adekumala;in;;0.0;0.0;0.0;https://x.com/undefined/status/1502843537716826113;1.23613e+18;;and again sekolah lebih baik ketika kita lulus;positif;['and', 'again', 'sekolah', 'lulus'];2
respon_orang_tua_terhadap_kurikulum_baru_12.csv;1.5025e+18;Sun Mar 13 14:37:17 +0000 2022;2.0;@adekumala Anak u nanti buku sekolahnya udah bagus gambarnya. Gak kaya lidi lagi gambaR orangnya @effieherdi ;1.50302e+18;;adekumala;in;;0.0;0.0;0.0;https://x.com/undefined/status/1503017359258243072;86458744.0;;anak u nanti buku sekolah bagus gambar gak kaya lidi gambar orang;positif;['anak', 'u', 'buku', 'sekolah', 'bagus', 'gambar', 'gak', 'kaya', 'lidi', 'gambar', 'orang'];0
respon_orang_tua_terhadap_kurikulum_baru_12.csv;1.5025e+18;Sat Mar 12 07:39:52 +0000 2022;1.0;@adekumala Semoga utk mapel B.Inggris juga ada perubahan. Bukan lagi base on knowledge tp base on skill.;1.50255e+18;;adekumala;in;;0.0;0.0;0.0;https://x.com/undefined/status/1502549922494570496;1.28765e+18;;moga utk mapel b inggris ada ubah bukan base on knowledge tapi base on skill;netral;['moga', 'utk', 'mapel', 'b', 'inggris', 'ubah', 'base', 'on', 'knowledge', 'base', 'on', 'skill'];4
respon_orang_tua_terhadap_kurikulum_baru_12.csv;1.5025e+18;Sat Mar 12 07:41:10 +0000 2022;1.0;@adekumala @adhitamafaiz jaman kita buku tematik covernya jauh yak wkwk;1.50255e+18;;adekumala;in;;0.0;1.0;0.0;https://x.com/undefined/status/1502550249356742659;1.14003e+18;;jaman kita buku tematik covernya jauh yak;netral;['jaman', 'buku', 'tematik', 'covernya', 'yak'];0
respon_orang_tua_terhadap_kurikulum_baru_12.csv;1.5025e+18;Sat Mar 12 08:14:04 +0000 2022;1.0;@adekumala Lihat sampulnya ada disabilitas sudah menunjukkan kemajuan yang sangat luar biasa dalam menghargai mahkluk hidup;1.50256e+18;;adekumala;in;;0.0;0.0;0.0;https://x.com/undefined/status/1502558529772687360;422163965.0;;lihat sampul ada disabilitas tunjuk maju sangat luar biasa dalam harga mahkluk hidup;netral;['lihat', 'sampul', 'disabilitas', 'maju', 'harga', 'mahkluk', 'hidup'];1
respon_orang_tua_terhadap_kurikulum_baru_12.csv;1.5025e+18;Sat Mar 12 08:15:41 +0000 2022;1.0;@adekumala The diversity ??;1.50256e+18;;adekumala;en;;0.0;0.0;0.0;https://x.com/undefined/status/1502558937429655555;9.64846e+17;;the diversity;netral;['the', 'diversity'];0
respon_orang_tua_terhadap_kurikulum_baru_13.csv;1.81282e+18;Mon Jul 15 19:57:09 +0000 2024;1.0;@themomlearner Takut bgt jd org tua permisif soalnya suka ga tegaan sm anak kecil :(;1.81294e+18;;themomlearner;in;;0.0;1.0;0.0;https://x.com/undefined/status/1812939478400729317;184364211.0;;takut bgt jd org tua permisif soal suka tega sm anak kecil;netral;['takut', 'bgt', 'jd', 'org', 'tua', 'permisif', 'suka', 'tega', 'sm', 'anak'];0
respon_orang_tua_terhadap_kurikulum_baru_13.csv;1.81282e+18;Mon Jul 15 13:32:31 +0000 2024;0.0;@themomlearner semoga nanti bisa jadi orang tua yang baik deh aku;1.81284e+18;;themomlearner;in;;0.0;1.0;0.0;https://x.com/undefined/status/1812842683712610396;1.15148e+18;;moga nanti bisa orang tua baik aku;positif;['moga', 'orang', 'tua'];0
respon_orang_tua_terhadap_kurikulum_baru_13.csv;1.81282e+18;Mon Jul 15 13:48:58 +0000 2024;0.0;@themomlearner Terimakasih untuk ilmu nya kak;1.81285e+18;;themomlearner;in;;0.0;1.0;0.0;https://x.com/undefined/status/1812846822723145947;2757790193.0;;terimakasih ilmu kak;netral;['terimakasih', 'ilmu', 'kak'];1
respon_orang_tua_terhadap_kurikulum_baru_13.csv;1.81282e+18;Mon Jul 15 14:48:08 +0000 2024;0.0;@themomlearner Nice thread ka thank u ilmunya yaa;1.81286e+18;;themomlearner;in;;0.0;1.0;0.0;https://x.com/undefined/status/1812861714431709415;8.37481e+17;;nice thread ka thank u ilmu yaa;netral;['nice', 'thread', 'ka', 'thank', 'u', 'ilmu', 'yaa'];1
respon_orang_tua_terhadap_kurikulum_baru_13.csv;1.81282e+18;Mon Jul 15 14:14:31 +0000 2024;1.0;@themomlearner Sebisa mungkin otoritatif;1.81285e+18;;themomlearner;in;;0.0;0.0;0.0;https://x.com/undefined/status/1812853255652999545;978646566.0;;bisa mungkin otoritatif;netral;['otoritatif'];1
respon_orang_tua_terhadap_kurikulum_baru_13.csv;1.81282e+18;Mon Jul 15 12:22:52 +0000 2024;0.0;@themomlearner Jgn jd pesimis ya;1.81283e+18;;themomlearner;in;;0.0;0.0;0.0;https://x.com/undefined/status/1812825156303348160;8.52818e+17;;jgn jd pesimis;netral;['jgn', 'jd', 'pesimis'];3
respon_orang_tua_terhadap_kurikulum_baru_13.csv;1.81282e+18;Mon Jul 15 12:33:37 +0000 2024;0.0;@themomlearner Makasih infonya ya kak;1.81283e+18;;themomlearner;in;;0.0;0.0;0.0;https://x.com/undefined/status/1812827860627071484;3922664052.0;;makasih info kak;netral;['makasih', 'info', 'kak'];1
respon_orang_tua_terhadap_kurikulum_baru_13.csv;1.81282e+18;Mon Jul 15 12:53:33 +0000 2024;0.0;@themomlearner pembahasan bagus untuk orang tua;1.81283e+18;;themomlearner;in;;0.0;0.0;0.0;https://x.com/undefined/status/1812832876096041449;1.15626e+18;;bahas bagus orang tua;positif;['bahas', 'bagus', 'orang', 'tua'];0
respon_orang_tua_terhadap_kurikulum_baru_13.csv;1.81282e+18;Mon Jul 15 12:55:27 +0000 2024;0.0;@themomlearner Bikin dilema ya kak;1.81283e+18;;themomlearner;in;;0.0;0.0;0.0;https://x.com/undefined/status/1812833357572796707;862771914.0;;bikin dilema kak;netral;['bikin', 'dilema', 'kak'];3
respon_orang_tua_terhadap_kurikulum_baru_13.csv;1.81282e+18;Mon Jul 15 13:18:46 +0000 2024;0.0;@themomlearner nah bener ni kak;1.81284e+18;;themomlearner;in;;0.0;0.0;0.0;https://x.com/undefined/status/1812839223269208276;1956089569.0;;bener ni kak;netral;['bener', 'ni', 'kak'];1
respon_orang_tua_terhadap_kurikulum_baru_13.csv;1.81282e+18;Mon Jul 15 13:32:07 +0000 2024;0.0;@themomlearner Baru tau gw rasanya jdi org tua gini;1.81284e+18;;themomlearner;in;;0.0;0.0;0.0;https://x.com/undefined/status/1812842584664051799;1.13935e+18;;baru tau gw rasa jdi org tua gin;netral;['tau', 'gw', 'jdi', 'org', 'tua', 'gin'];0
respon_orang_tua_terhadap_kurikulum_baru_13.csv;1.81282e+18;Mon Jul 15 14:10:23 +0000 2024;0.0;@themomlearner Makasih bnyak yah udh sharing;1.81285e+18;;themomlearner;in;;0.0;0.0;0.0;https://x.com/undefined/status/1812852212558885205;294528028.0;;makasih bnyak yah udh sharing;netral;['makasih', 'bnyak', 'yah', 'udh', 'sharing'];1
respon_orang_tua_terhadap_kurikulum_baru_13.csv;1.81282e+18;Mon Jul 15 15:10:57 +0000 2024;0.0;@themomlearner harus belajar parenting sejak sekarang nih;1.81287e+18;;themomlearner;in;;0.0;0.0;0.0;https://x.com/undefined/status/1812867456077345179;1376555310.0;;harus ajar parenting sejak sekarang nih;netral;['ajar', 'parenting', 'nih'];1
respon_orang_tua_terhadap_kurikulum_baru_13.csv;1.81282e+18;Mon Jul 15 16:26:34 +0000 2024;0.0;@themomlearner Jadi ortu itu susah;1.81289e+18;;themomlearner;in;;0.0;0.0;0.0;https://x.com/undefined/status/1812886485806559309;8.75793e+17;;ortu susah;netral;['ortu', 'susah'];4
respon_orang_tua_terhadap_kurikulum_baru_13.csv;1.81282e+18;Mon Jul 15 12:38:02 +0000 2024;1.0;@themomlearner Maaciw yaa kaak ilmunyaaa semoga bisa diamalin;1.81283e+18;;themomlearner;in;;0.0;0.0;0.0;https://x.com/undefined/status/1812828971308040235;1.52894e+18;;maaciw yaa kaak ilmu moga bisa diamalin;netral;['maaciw', 'yaa', 'kaak', 'ilmu', 'moga', 'diamalin'];0
respon_orang_tua_terhadap_kurikulum_baru_13.csv;1.81282e+18;Mon Jul 15 12:11:35 +0000 2024;0.0;@themomlearner Ini yg buat agak dilema;1.81282e+18;;themomlearner;in;;0.0;0.0;0.0;https://x.com/undefined/status/1812822316013035708;1.13845e+18;;buat agak dilema;netral;['dilema'];3
respon_orang_tua_terhadap_kurikulum_baru_13.csv;1.81282e+18;Mon Jul 15 15:47:51 +0000 2024;0.0;@themomlearner Tp Ada anak yg dibebasin malah salah pergaulan;1.81288e+18;;themomlearner;in;;0.0;0.0;0.0;https://x.com/undefined/status/1812876743717618058;1.58795e+18;;tapi ada anak dibebasin malah salah gaul;negatif;['anak', 'dibebasin', 'salah', 'gaul'];1
respon_orang_tua_terhadap_kurikulum_baru_13.csv;1.81282e+18;Mon Jul 15 12:13:17 +0000 2024;0.0;@themomlearner yg kaya gini buat agak dilema;1.81282e+18;;themomlearner;in;;0.0;0.0;0.0;https://x.com/undefined/status/1812822744775680404;1.53883e+18;;kaya gin buat agak dilema;netral;['kaya', 'gin', 'dilema'];3
respon_orang_tua_terhadap_kurikulum_baru_13.csv;1.81282e+18;Mon Jul 15 12:16:33 +0000 2024;0.0;@themomlearner suka dimarahin nyimak dah;1.81282e+18;;themomlearner;in;;0.0;0.0;0.0;https://x.com/undefined/status/1812823566741557512;170172882.0;;suka dimarahin nyimak;netral;['suka', 'dimarahin', 'nyimak'];4
respon_orang_tua_terhadap_kurikulum_baru_13.csv;1.81282e+18;Mon Jul 15 12:24:34 +0000 2024;0.0;@themomlearner thanks for sharing;1.81283e+18;;themomlearner;en;;0.0;0.0;0.0;https://x.com/undefined/status/1812825584755671483;1.32385e+18;;thanks for sharing;netral;['thanks', 'for', 'sharing'];1
respon_orang_tua_terhadap_kurikulum_baru_13.csv;1.81282e+18;Mon Jul 15 12:25:30 +0000 2024;0.0;@themomlearner ortuku mikir gini ga ya;1.81283e+18;;themomlearner;in;;0.0;0.0;0.0;https://x.com/undefined/status/1812825819536126422;1.75342e+18;;ortuku mikir gin;netral;['ortuku', 'mikir', 'gin'];1
respon_orang_tua_terhadap_kurikulum_baru_13.csv;1.81282e+18;Mon Jul 15 12:26:48 +0000 2024;0.0;@themomlearner bener harusnya seimban gt;1.81283e+18;;themomlearner;in;;0.0;0.0;0.0;https://x.com/undefined/status/1812826143923556463;98409293.0;;bener harus seimban gt;netral;['bener', 'seimban', 'gt'];0
respon_orang_tua_terhadap_kurikulum_baru_13.csv;1.81282e+18;Mon Jul 15 12:28:07 +0000 2024;0.0;@themomlearner semua orang tau sayang sama anaknya.;1.81283e+18;;themomlearner;in;;0.0;0.0;0.0;https://x.com/undefined/status/1812826477668557244;1.28121e+18;;semua orang tau sayang sama anak;netral;['orang', 'tau', 'sayang', 'anak'];3
respon_orang_tua_terhadap_kurikulum_baru_13.csv;1.81282e+18;Mon Jul 15 12:34:29 +0000 2024;0.0;@themomlearner ogtu ya trnyata;1.81283e+18;;themomlearner;in;;0.0;0.0;0.0;https://x.com/undefined/status/1812828079989100927;1.33954e+18;;ogtu trnyata;netral;['ogtu', 'trnyata'];0
respon_orang_tua_terhadap_kurikulum_baru_13.csv;1.81282e+18;Mon Jul 15 12:35:47 +0000 2024;0.0;@themomlearner Izin nyimak aku ka;1.81283e+18;;themomlearner;in;;0.0;0.0;0.0;https://x.com/undefined/status/1812828408059252850;9.19727e+17;;izin nyimak aku ka;netral;['izin', 'nyimak', 'ka'];1
respon_orang_tua_terhadap_kurikulum_baru_13.csv;1.81282e+18;Mon Jul 15 13:26:52 +0000 2024;0.0;@themomlearner baru tau ak soal ini;1.81284e+18;;themomlearner;in;;0.0;0.0;0.0;https://x.com/undefined/status/1812841263735230709;1.75478e+18;;baru tau ak soal;netral;['tau', 'ak'];3
respon_orang_tua_terhadap_kurikulum_baru_13.csv;1.81282e+18;Mon Jul 15 13:28:02 +0000 2024;0.0;@themomlearner aku kalo jadi org tua gk bakal gitu;1.81284e+18;;themomlearner;in;;0.0;0.0;0.0;https://x.com/undefined/status/1812841556971569579;1.26388e+18;;aku kalo org tua bakal begitu;netral;['kalo', 'org', 'tua'];0
respon_orang_tua_terhadap_kurikulum_baru_13.csv;1.81282e+18;Mon Jul 15 13:34:24 +0000 2024;0.0;@themomlearner Keren mantap terus dalam ilmu;1.81284e+18;;themomlearner;in;;0.0;0.0;0.0;https://x.com/undefined/status/1812843156335157294;51815301.0;;keren mantap terus dalam ilmu;positif;['keren', 'mantap', 'ilmu'];1
respon_orang_tua_terhadap_kurikulum_baru_13.csv;1.81282e+18;Mon Jul 15 13:34:46 +0000 2024;0.0;@themomlearner terimakasih udah sharing kak;1.81284e+18;;themomlearner;in;;0.0;0.0;0.0;https://x.com/undefined/status/1812843251516502140;1.25023e+18;;terimakasih sharing kak;netral;['terimakasih', 'sharing', 'kak'];1
respon_orang_tua_terhadap_kurikulum_baru_13.csv;1.81282e+18;Mon Jul 15 13:47:01 +0000 2024;0.0;@themomlearner Makasih kk jadi tau tentang ginian;1.81285e+18;;themomlearner;in;;0.0;0.0;0.0;https://x.com/undefined/status/1812846333923115061;1.11354e+18;;makasih kk tau tentang ginian;netral;['makasih', 'kk', 'tau', 'ginian'];1
respon_orang_tua_terhadap_kurikulum_baru_13.csv;1.81282e+18;Mon Jul 15 13:50:47 +0000 2024;0.0;@themomlearner bikin dilema ya kak;1.81285e+18;;themomlearner;in;;0.0;0.0;0.0;https://x.com/undefined/status/1812847282758570196;1.50227e+18;;bikin dilema kak;netral;['bikin', 'dilema', 'kak'];3
respon_orang_tua_terhadap_kurikulum_baru_13.csv;1.81282e+18;Mon Jul 15 13:54:54 +0000 2024;0.0;@themomlearner Valid sih ini kak;1.81285e+18;;themomlearner;in;;0.0;0.0;0.0;https://x.com/undefined/status/1812848316172132704;1.20973e+18;;valid sih kak;netral;['valid', 'sih', 'kak'];0
respon_orang_tua_terhadap_kurikulum_baru_13.csv;1.81282e+18;Mon Jul 15 13:54:58 +0000 2024;0.0;@themomlearner wah parenting lgi suka ni ak;1.81285e+18;;themomlearner;in;;0.0;0.0;0.0;https://x.com/undefined/status/1812848335742730654;1.53988e+18;;wah parenting lgi suka ni ak;netral;['parenting', 'lgi', 'suka', 'ni', 'ak'];3
respon_orang_tua_terhadap_kurikulum_baru_13.csv;1.81282e+18;Mon Jul 15 13:56:48 +0000 2024;0.0;@themomlearner moga gue jd org tua yg baik;1.81285e+18;;themomlearner;in;;0.0;0.0;0.0;https://x.com/undefined/status/1812848793131352269;1.33576e+18;;moga saya jd org tua baik;positif;['moga', 'jd', 'org', 'tua'];0
respon_orang_tua_terhadap_kurikulum_baru_13.csv;1.81282e+18;Mon Jul 15 13:57:12 +0000 2024;0.0;@themomlearner Semoga kita semua kelak menjadi org tua bijak;1.81285e+18;;themomlearner;in;;0.0;0.0;0.0;https://x.com/undefined/status/1812848894541529260;2435019079.0;;moga kita semua kelak jadi org tua bijak;netral;['moga', 'kelak', 'org', 'tua', 'bijak'];0
respon_orang_tua_terhadap_kurikulum_baru_13.csv;1.81282e+18;Mon Jul 15 15:41:50 +0000 2024;0.0;@themomlearner makasih kak ilmunya bermanfaat banget;1.81288e+18;;themomlearner;in;;0.0;0.0;0.0;https://x.com/undefined/status/1812875225870332153;1.35663e+18;;makasih kak ilmu manfaat sangat;netral;['makasih', 'kak', 'ilmu', 'manfaat'];1
respon_orang_tua_terhadap_kurikulum_baru_13.csv;1.81282e+18;Mon Jul 15 16:15:06 +0000 2024;0.0;@themomlearner susah juga nentuinnya;1.81288e+18;;themomlearner;in;;0.0;0.0;0.0;https://x.com/undefined/status/1812883600947454145;1.17145e+18;;susah nentuinnya;netral;['susah', 'nentuinnya'];3
respon_orang_tua_terhadap_kurikulum_baru_13.csv;1.81282e+18;Mon Jul 15 18:09:22 +0000 2024;0.0;@themomlearner valid sih kak;1.81291e+18;;themomlearner;in;;0.0;0.0;0.0;https://x.com/undefined/status/1812912354306498817;994593674.0;;valid sih kak;netral;['valid', 'sih', 'kak'];0
respon_orang_tua_terhadap_kurikulum_baru_13.csv;1.81282e+18;Thu Nov 07 13:13:07 +0000 2024;0.0;@themomlearner Cek anak susah diatur dilaporin emaknya : https://t.co/PZOWhMpwUC;1.85451e+18;;themomlearner;in;;0.0;0.0;0.0;https://x.com/undefined/status/1854512406325768687;1.8545e+18;;cek anak susah atur dilaporin emaknya;netral;['cek', 'anak', 'susah', 'atur', 'dilaporin', 'emaknya'];4
respon_orang_tua_terhadap_kurikulum_baru_13.csv;1.81282e+18;Mon Jul 15 12:58:46 +0000 2024;0.0;@themomlearner bikin dilema ga si;1.81283e+18;;themomlearner;in;;0.0;0.0;0.0;https://x.com/undefined/status/1812834188808331726;2475168817.0;;bikin dilema;netral;['bikin', 'dilema'];3
respon_orang_tua_terhadap_kurikulum_baru_14.csv;1.70428e+18;Wed Sep 20 00:04:50 +0000 2023;0.0;@valiisaa makasih iimunya nanti aku praktekin kalo dah punya;1.70429e+18;;valiisaa;in;;0.0;1.0;0.0;https://x.com/undefined/status/1704285451656507890;1376555310.0;;makasih iimunya nanti aku praktekin kalo punya;netral;['makasih', 'iimunya', 'praktekin', 'kalo'];1
respon_orang_tua_terhadap_kurikulum_baru_14.csv;1.70428e+18;Wed Sep 20 00:32:05 +0000 2023;1.0;@valiisaa Tanya ya kak Kan katanya jangan menggunakan kata negatif ke anak yg bermaksud larangan kayak jangan lari nanti jatuh gitu kalimat penggantinya gimana yg enak Paham maksutnya aku gak?;1.70429e+18;;valiisaa;in;;0.0;2.0;0.0;https://x.com/undefined/status/1704292309788189090;1.29997e+18;;tanya kak kata jangan guna kata negatif anak maksud larang kayak jangan lari nanti jatuh begitu kalimat ganti gimana enak paham maksutnya aku gak;negatif;['kak', 'negatif', 'anak', 'maksud', 'larang', 'kayak', 'lari', 'jatuh', 'kalimat', 'ganti', 'gimana', 'enak', 'paham', 'maksutnya', 'gak'];2
respon_orang_tua_terhadap_kurikulum_baru_14.csv;1.70428e+18;Tue Sep 19 23:46:39 +0000 2023;0.0;@valiisaa alhamdulillah udah tau kesalahannya tinggal buat anaknya ama nemuin ibunya yang belum;1.70428e+18;;valiisaa;in;;0.0;1.0;0.0;https://x.com/undefined/status/1704280877943967929;1.17201e+18;;alhamdulillah tau salah tinggal buat anak ama nemuin ibu;negatif;['alhamdulillah', 'tau', 'salah', 'tinggal', 'anak', 'ama', 'nemuin'];4
respon_orang_tua_terhadap_kurikulum_baru_14.csv;1.70428e+18;Tue Sep 19 23:50:37 +0000 2023;0.0;@valiisaa thanks inponya;1.70428e+18;;valiisaa;en;;0.0;1.0;0.0;https://x.com/undefined/status/1704281872564707824;535901680.0;;thanks inponya;netral;['thanks', 'inponya'];3
respon_orang_tua_terhadap_kurikulum_baru_14.csv;1.70428e+18;Wed Sep 20 00:10:05 +0000 2023;0.0;@valiisaa Sepertinya mendidiknya sama...kok jadinya tidak sama...ada yang okey dan ada yang perlu perhatian....;1.70429e+18;;valiisaa;in;;0.0;1.0;0.0;https://x.com/undefined/status/1704286774309380515;1.48582e+18;;seperti didik sama jadi sama ada okey ada perlu perhati;netral;['didik', 'okey', 'perhati'];1
respon_orang_tua_terhadap_kurikulum_baru_14.csv;1.70428e+18;Wed Sep 20 01:00:20 +0000 2023;0.0;@valiisaa Ilmu lagi nih;1.7043e+18;;valiisaa;in;;0.0;0.0;0.0;https://x.com/undefined/status/1704299419108262337;1.05445e+18;;ilmu nih;netral;['ilmu', 'nih'];1
respon_orang_tua_terhadap_kurikulum_baru_14.csv;1.70428e+18;Wed Sep 20 01:01:39 +0000 2023;0.0;@valiisaa nice info;1.7043e+18;;valiisaa;es;;0.0;0.0;0.0;https://x.com/undefined/status/1704299749934084116;1.25067e+18;;nice info;netral;['nice', 'info'];1
respon_orang_tua_terhadap_kurikulum_baru_14.csv;1.70428e+18;Wed Sep 20 01:27:56 +0000 2023;0.0;@valiisaa Thanks for info bun;1.70431e+18;;valiisaa;en;;0.0;0.0;0.0;https://x.com/undefined/status/1704306366272410043;1.62037e+18;;thanks for info bun;netral;['thanks', 'for', 'info', 'bun'];1
respon_orang_tua_terhadap_kurikulum_baru_14.csv;1.70428e+18;Wed Sep 20 01:33:27 +0000 2023;0.0;@valiisaa Pagi bund;1.70431e+18;;valiisaa;in;;0.0;0.0;0.0;https://x.com/undefined/status/1704307751172931748;1.44646e+18;;pagi bund;netral;['pagi', 'bund'];4
respon_orang_tua_terhadap_kurikulum_baru_14.csv;1.70428e+18;Wed Sep 20 03:11:55 +0000 2023;0.0;@valiisaa makasii ka valisaaa ;1.70433e+18;;valiisaa;et;;0.0;0.0;0.0;https://x.com/undefined/status/1704332533859844237;1.25401e+18;;makasii ka valisa;netral;['makasii', 'ka', 'valisa'];3
respon_orang_tua_terhadap_kurikulum_baru_14.csv;1.70428e+18;Wed Sep 20 03:14:27 +0000 2023;0.0;@valiisaa Noted;1.70433e+18;;valiisaa;en;;0.0;0.0;0.0;https://x.com/undefined/status/1704333168969715833;323937760.0;;noted;netral;['noted'];1
respon_orang_tua_terhadap_kurikulum_baru_14.csv;1.70428e+18;Wed Sep 20 03:29:20 +0000 2023;0.0;@valiisaa Yuk orang tua mulai belajar parenting;1.70434e+18;;valiisaa;in;;0.0;0.0;0.0;https://x.com/undefined/status/1704336914055348711;1.61405e+18;;yuk orang tua mulai ajar parenting;netral;['yuk', 'orang', 'tua', 'ajar', 'parenting'];4
respon_orang_tua_terhadap_kurikulum_baru_14.csv;1.70428e+18;Wed Sep 20 04:10:31 +0000 2023;0.0;@valiisaa semoga dapet val;1.70435e+18;;valiisaa;in;;0.0;0.0;0.0;https://x.com/undefined/status/1704347280596476164;2192120497.0;;moga dapet val;netral;['moga', 'dapet', 'val'];2
respon_orang_tua_terhadap_kurikulum_baru_14.csv;1.70428e+18;Wed Sep 20 05:13:20 +0000 2023;0.0;@valiisaa Oke tinggal bikin anaknya yg belum;1.70436e+18;;valiisaa;in;;0.0;0.0;0.0;https://x.com/undefined/status/1704363090413015429;1.12472e+18;;oke tinggal bikin anak;netral;['oke', 'tinggal', 'bikin', 'anak'];4
respon_orang_tua_terhadap_kurikulum_baru_14.csv;1.70428e+18;Wed Sep 20 07:31:43 +0000 2023;0.0;@valiisaa @_chaoticmaw terimakasih edukasinya tapi nikah aja belum apalagi praktikin asuh anak kyk gini ;1.7044e+18;;valiisaa;in;;0.0;0.0;0.0;https://x.com/undefined/status/1704397915819765922;1472301548.0;;terimakasih edukasi tapi nikah apalagi praktikin asuh anak kyk gin;netral;['terimakasih', 'edukasi', 'nikah', 'praktikin', 'asuh', 'anak', 'kyk', 'gin'];3
respon_orang_tua_terhadap_kurikulum_baru_14.csv;1.70428e+18;Wed Sep 20 08:35:53 +0000 2023;0.0;@valiisaa Mantap bun ilmu ilmu nya;1.70441e+18;;valiisaa;in;;0.0;0.0;0.0;https://x.com/undefined/status/1704414063038730486;630011738.0;;mantap bun ilmu ilmu;positif;['mantap', 'bun', 'ilmu', 'ilmu'];1
respon_orang_tua_terhadap_kurikulum_baru_14.csv;1.70428e+18;Wed Sep 20 08:56:51 +0000 2023;0.0;@valiisaa Thanks infonya;1.70442e+18;;valiisaa;in;;0.0;0.0;0.0;https://x.com/undefined/status/1704419336717488631;1.32205e+18;;thanks info;netral;['thanks', 'info'];1
respon_orang_tua_terhadap_kurikulum_baru_14.csv;1.70428e+18;Wed Sep 20 09:07:14 +0000 2023;0.0;@valiisaa Noted kak;1.70442e+18;;valiisaa;en;;0.0;0.0;0.0;https://x.com/undefined/status/1704421951798968648;9.1389e+17;;noted kak;netral;['noted', 'kak'];1
respon_orang_tua_terhadap_kurikulum_baru_14.csv;1.70428e+18;Wed Sep 20 09:28:38 +0000 2023;0.0;@valiisaa Yg bener gimana?;1.70443e+18;;valiisaa;in;;0.0;0.0;0.0;https://x.com/undefined/status/1704427338971455629;210987055.0;;bener gimana;netral;['bener', 'gimana'];1
respon_orang_tua_terhadap_kurikulum_baru_14.csv;1.70428e+18;Wed Sep 20 11:24:21 +0000 2023;0.0;@valiisaa @gitochin;1.70446e+18;;valiisaa;qam;;0.0;1.0;0.0;https://x.com/undefined/status/1704456456823869758;1.25579e+18;;;netral;['nan'];0
respon_orang_tua_terhadap_kurikulum_baru_14.csv;1.70428e+18;Wed Sep 20 17:37:57 +0000 2023;0.0;@valiisaa Yg sudah berhasil anaknya nanti bakal seperti siapa? Ada contoh?;1.70455e+18;;valiisaa;in;;0.0;0.0;0.0;https://x.com/undefined/status/1704550477923500481;53004992.0;;hasil anak nanti bakal seperti siapa ada contoh;netral;['hasil', 'anak', 'contoh'];1
respon_orang_tua_terhadap_kurikulum_baru_14.csv;1.70428e+18;Wed Sep 20 19:22:37 +0000 2023;0.0;@valiisaa My Mother the Goddess of this world has been doing the anti-thesis of all the above mentioned. She makes My Father sits in relaxation playing black jack with his children. God bless them both.;1.70458e+18;;valiisaa;en;;0.0;0.0;0.0;https://x.com/undefined/status/1704576816508453210;486531836.0;;my mother the goddess of this world has been doing the anti thesis of all the above mentioned she makes my father sits in relaxation playing black jack with his children god bless them both;netral;['my', 'mother', 'the', 'goddess', 'of', 'this', 'world', 'has', 'been', 'doing', 'the', 'anti', 'thesis', 'of', 'all', 'the', 'above', 'mentioned', 'she', 'makes', 'my', 'father', 'sits', 'in', 'relaxation', 'playing', 'black', 'jack', 'with', 'his', 'children', 'god', 'bless', 'them', 'both'];0
respon_orang_tua_terhadap_kurikulum_baru_14.csv;1.70428e+18;Mon Sep 25 12:22:34 +0000 2023;0.0;@valiisaa pengen banget punya anak... tapi apalah daya....;1.70628e+18;;valiisaa;in;;0.0;0.0;0.0;https://x.com/undefined/status/1706283048390869330;9.84253e+17;;ken sangat punya anak tapi apa daya;netral;['ken', 'anak', 'daya'];4
respon_orang_tua_terhadap_kurikulum_baru_14.csv;1.70428e+18;Tue Dec 10 00:39:20 +0000 2024;0.0;@valiisaa @_screenshoter screenshot;1.86628e+18;;valiisaa;en;;0.0;1.0;0.0;https://x.com/undefined/status/1866281509654819210;2889370938.0;;screenshot;netral;['screenshot'];4
respon_orang_tua_terhadap_kurikulum_baru_15.csv;1.78849e+18;Thu May 09 11:44:08 +0000 2024;4.0;@mcitraningrum Kok aku berharap banget berbagai kenangan bersama Bapak bisa dibukukan ya mbak ;1.78854e+18;;mcitraningrum;in;;0.0;1.0;0.0;https://x.com/undefined/status/1788535421112295724;192091574.0;;aku harap sangat bagai kenang sama bapak bisa buku mbak;netral;['harap', 'kenang', 'buku', 'mbak'];0
respon_orang_tua_terhadap_kurikulum_baru_15.csv;1.78849e+18;Fri May 10 08:38:17 +0000 2024;0.0;@mcitraningrum kok kayak pernah baca tulisaan ini sebelumnya tp dmn ya;1.78885e+18;;mcitraningrum;in;;0.0;1.0;0.0;https://x.com/undefined/status/1788851038990315777;1.5657e+18;;kayak pernah baca tulisaan belum tapi dmn;netral;['kayak', 'baca', 'tulisaan', 'dmn'];4
respon_orang_tua_terhadap_kurikulum_baru_15.csv;1.78849e+18;Thu May 09 09:18:46 +0000 2024;20.0;@mcitraningrum Banyak orang hanya melihat privilege orang lain tanpa menyadari privilege diri sendiri;1.7885e+18;;mcitraningrum;in;;0.0;0.0;2.0;https://x.com/undefined/status/1788498837117821084;58405028.0;;banyak orang hanya lihat privilege orang lain tanpa sadar privilege diri sendiri;netral;['orang', 'lihat', 'privilege', 'orang', 'sadar', 'privilege'];4
respon_orang_tua_terhadap_kurikulum_baru_15.csv;1.78849e+18;Thu May 09 11:21:32 +0000 2024;15.0;@mcitraningrum Privilege yg saya punya karena ada ayah yg kerjanya supir selalu kelimpahan majalah buku2 dan koran2 bekas yg bagus2 eks bacaan penumpang. Referensi saya terhadap pelajaran situasi ekonomi nasional dan tren bisnis pun luas untuk anak yg masih kecil. Privilese itu bisa dimana2;1.78853e+18;;mcitraningrum;in;;0.0;0.0;1.0;https://x.com/undefined/status/1788529732738584718;405444458.0;;privilege saya punya ada ayah kerja supir selalu limpah majalah buku koran bekas bagus eks baca tumpang referensi saya hadap ajar situasi ekonomi nasional tren bisnis luas anak masih kecil privilese bisa mana;positif;['privilege', 'ayah', 'kerja', 'supir', 'limpah', 'majalah', 'buku', 'koran', 'bekas', 'bagus', 'eks', 'baca', 'tumpang', 'referensi', 'hadap', 'ajar', 'situasi', 'ekonomi', 'nasional', 'tren', 'bisnis', 'luas', 'anak', 'privilese'];1
respon_orang_tua_terhadap_kurikulum_baru_15.csv;1.78849e+18;Thu May 09 11:12:08 +0000 2024;8.0;@mcitraningrum betul Mbak. hal serupa saya alami pun pesan serupa dari almarhum Bapak. pramila Bapak justru mbirak (menyuruh) anaknya untuk ngglidhig dolan srawung dg siapa saja agar belarasa empati dg kawan-kawan lain yg boleh jadi tak seberuntung kita.;1.78853e+18;;mcitraningrum;in;;0.0;0.0;1.0;https://x.com/undefined/status/1788527369634103764;239198179.0;;betul mbak hal rupa saya alami pesan rupa almarhum bapak pramila bapak justru mbirak suruh anak ngglidhig dolan srawung siapa agar belarasa empati kawan kawan lain boleh tak untung kita;netral;['mbak', 'rupa', 'alami', 'pesan', 'rupa', 'almarhum', 'pramila', 'mbirak', 'suruh', 'anak', 'ngglidhig', 'dolan', 'srawung', 'belarasa', 'empati', 'kawan', 'kawan', 'untung'];4
respon_orang_tua_terhadap_kurikulum_baru_15.csv;1.78849e+18;Thu May 09 15:11:23 +0000 2024;6.0;@mcitraningrum Previlege sy dulu pas kecil bapak selalu menemani sy belajar selalu mendoakan meskipun beliau buta huruf.tapi beliau yg selalu menemani membuat sy semangat;1.78859e+18;;mcitraningrum;in;;0.0;0.0;1.0;https://x.com/undefined/status/1788587578461135166;74693259.0;;previlege sy dulu pas kecil bapak selalu tani sy ajar selalu doa meski beliau buta huruf tapi beliau selalu tani buat sy semangat;netral;['previlege', 'sy', 'pas', 'tani', 'sy', 'ajar', 'doa', 'beliau', 'buta', 'huruf', 'beliau', 'tani', 'sy', 'semangat'];1
respon_orang_tua_terhadap_kurikulum_baru_15.csv;1.78849e+18;Thu May 09 21:29:37 +0000 2024;5.0;@mcitraningrum Privilege memiliki orang tua yg berpandangan seperti Bapak nya ini adalah privilege diatas privilege.;1.78868e+18;;mcitraningrum;in;;0.0;0.0;0.0;https://x.com/undefined/status/1788682763870035982;1722378254.0;;privilege milik orang tua pandang seperti bapak privilege atas privilege;netral;['privilege', 'milik', 'orang', 'tua', 'pandang', 'privilege', 'privilege'];4
respon_orang_tua_terhadap_kurikulum_baru_15.csv;1.78849e+18;Fri May 10 03:17:06 +0000 2024;1.0;@mcitraningrum Boleh aku memaknai (yg mgkin) berbeda terkait pendidikan di balik pesan pengalaman anda? Begini: selayaknya semua anak mendapatkan pendidikan dan faktor2 pendukung atau akses yg setara. Sebelumnya terimakasih untuk refleksi ini.;1.78877e+18;;mcitraningrum;in;;0.0;0.0;0.0;https://x.com/undefined/status/1788770211916845366;1.25107e+18;;boleh aku makna mgkin beda kait didik balik pesan alam anda begini layak semua anak dapat didik faktor dukung akses tara belum terimakasih refleksi;netral;['makna', 'mgkin', 'beda', 'kait', 'didik', 'pesan', 'alam', 'layak', 'anak', 'didik', 'faktor', 'dukung', 'akses', 'tara', 'terimakasih', 'refleksi'];1
respon_orang_tua_terhadap_kurikulum_baru_2.csv;1.81282e+18;Mon Jul 15 19:57:09 +0000 2024;1.0;@themomlearner Takut bgt jd org tua permisif soalnya suka ga tegaan sm anak kecil :(;1.81294e+18;;themomlearner;in;;0.0;1.0;0.0;https://x.com/undefined/status/1812939478400729317;184364211.0;;takut bgt jd org tua permisif soal suka tega sm anak kecil;netral;['takut', 'bgt', 'jd', 'org', 'tua', 'permisif', 'suka', 'tega', 'sm', 'anak'];0
respon_orang_tua_terhadap_kurikulum_baru_2.csv;1.81282e+18;Mon Jul 15 13:32:31 +0000 2024;0.0;@themomlearner semoga nanti bisa jadi orang tua yang baik deh aku;1.81284e+18;;themomlearner;in;;0.0;1.0;0.0;https://x.com/undefined/status/1812842683712610396;1.15148e+18;;moga nanti bisa orang tua baik aku;positif;['moga', 'orang', 'tua'];0
respon_orang_tua_terhadap_kurikulum_baru_2.csv;1.81282e+18;Mon Jul 15 13:48:58 +0000 2024;0.0;@themomlearner Terimakasih untuk ilmu nya kak;1.81285e+18;;themomlearner;in;;0.0;1.0;0.0;https://x.com/undefined/status/1812846822723145947;2757790193.0;;terimakasih ilmu kak;netral;['terimakasih', 'ilmu', 'kak'];1
respon_orang_tua_terhadap_kurikulum_baru_2.csv;1.81282e+18;Mon Jul 15 14:48:08 +0000 2024;0.0;@themomlearner Nice thread ka thank u ilmunya yaa;1.81286e+18;;themomlearner;in;;0.0;1.0;0.0;https://x.com/undefined/status/1812861714431709415;8.37481e+17;;nice thread ka thank u ilmu yaa;netral;['nice', 'thread', 'ka', 'thank', 'u', 'ilmu', 'yaa'];1
respon_orang_tua_terhadap_kurikulum_baru_2.csv;1.81282e+18;Mon Jul 15 14:14:31 +0000 2024;1.0;@themomlearner Sebisa mungkin otoritatif;1.81285e+18;;themomlearner;in;;0.0;0.0;0.0;https://x.com/undefined/status/1812853255652999545;978646566.0;;bisa mungkin otoritatif;netral;['otoritatif'];1
respon_orang_tua_terhadap_kurikulum_baru_2.csv;1.81282e+18;Mon Jul 15 12:22:52 +0000 2024;0.0;@themomlearner Jgn jd pesimis ya;1.81283e+18;;themomlearner;in;;0.0;0.0;0.0;https://x.com/undefined/status/1812825156303348160;8.52818e+17;;jgn jd pesimis;netral;['jgn', 'jd', 'pesimis'];3
respon_orang_tua_terhadap_kurikulum_baru_2.csv;1.81282e+18;Mon Jul 15 12:33:37 +0000 2024;0.0;@themomlearner Makasih infonya ya kak;1.81283e+18;;themomlearner;in;;0.0;0.0;0.0;https://x.com/undefined/status/1812827860627071484;3922664052.0;;makasih info kak;netral;['makasih', 'info', 'kak'];1
respon_orang_tua_terhadap_kurikulum_baru_2.csv;1.81282e+18;Mon Jul 15 12:53:33 +0000 2024;0.0;@themomlearner pembahasan bagus untuk orang tua;1.81283e+18;;themomlearner;in;;0.0;0.0;0.0;https://x.com/undefined/status/1812832876096041449;1.15626e+18;;bahas bagus orang tua;positif;['bahas', 'bagus', 'orang', 'tua'];0
respon_orang_tua_terhadap_kurikulum_baru_2.csv;1.81282e+18;Mon Jul 15 12:55:27 +0000 2024;0.0;@themomlearner Bikin dilema ya kak;1.81283e+18;;themomlearner;in;;0.0;0.0;0.0;https://x.com/undefined/status/1812833357572796707;862771914.0;;bikin dilema kak;netral;['bikin', 'dilema', 'kak'];3
respon_orang_tua_terhadap_kurikulum_baru_2.csv;1.81282e+18;Mon Jul 15 13:18:46 +0000 2024;0.0;@themomlearner nah bener ni kak;1.81284e+18;;themomlearner;in;;0.0;0.0;0.0;https://x.com/undefined/status/1812839223269208276;1956089569.0;;bener ni kak;netral;['bener', 'ni', 'kak'];1
respon_orang_tua_terhadap_kurikulum_baru_2.csv;1.81282e+18;Mon Jul 15 13:32:07 +0000 2024;0.0;@themomlearner Baru tau gw rasanya jdi org tua gini;1.81284e+18;;themomlearner;in;;0.0;0.0;0.0;https://x.com/undefined/status/1812842584664051799;1.13935e+18;;baru tau gw rasa jdi org tua gin;netral;['tau', 'gw', 'jdi', 'org', 'tua', 'gin'];0
respon_orang_tua_terhadap_kurikulum_baru_2.csv;1.81282e+18;Mon Jul 15 14:10:23 +0000 2024;0.0;@themomlearner Makasih bnyak yah udh sharing;1.81285e+18;;themomlearner;in;;0.0;0.0;0.0;https://x.com/undefined/status/1812852212558885205;294528028.0;;makasih bnyak yah udh sharing;netral;['makasih', 'bnyak', 'yah', 'udh', 'sharing'];1
respon_orang_tua_terhadap_kurikulum_baru_2.csv;1.81282e+18;Mon Jul 15 15:10:57 +0000 2024;0.0;@themomlearner harus belajar parenting sejak sekarang nih;1.81287e+18;;themomlearner;in;;0.0;0.0;0.0;https://x.com/undefined/status/1812867456077345179;1376555310.0;;harus ajar parenting sejak sekarang nih;netral;['ajar', 'parenting', 'nih'];1
respon_orang_tua_terhadap_kurikulum_baru_2.csv;1.81282e+18;Mon Jul 15 16:26:34 +0000 2024;0.0;@themomlearner Jadi ortu itu susah;1.81289e+18;;themomlearner;in;;0.0;0.0;0.0;https://x.com/undefined/status/1812886485806559309;8.75793e+17;;ortu susah;netral;['ortu', 'susah'];4
respon_orang_tua_terhadap_kurikulum_baru_2.csv;1.81282e+18;Mon Jul 15 12:38:02 +0000 2024;1.0;@themomlearner Maaciw yaa kaak ilmunyaaa semoga bisa diamalin;1.81283e+18;;themomlearner;in;;0.0;0.0;0.0;https://x.com/undefined/status/1812828971308040235;1.52894e+18;;maaciw yaa kaak ilmu moga bisa diamalin;netral;['maaciw', 'yaa', 'kaak', 'ilmu', 'moga', 'diamalin'];0
respon_orang_tua_terhadap_kurikulum_baru_2.csv;1.81282e+18;Mon Jul 15 12:11:35 +0000 2024;0.0;@themomlearner Ini yg buat agak dilema;1.81282e+18;;themomlearner;in;;0.0;0.0;0.0;https://x.com/undefined/status/1812822316013035708;1.13845e+18;;buat agak dilema;netral;['dilema'];3
respon_orang_tua_terhadap_kurikulum_baru_2.csv;1.81282e+18;Mon Jul 15 15:47:51 +0000 2024;0.0;@themomlearner Tp Ada anak yg dibebasin malah salah pergaulan;1.81288e+18;;themomlearner;in;;0.0;0.0;0.0;https://x.com/undefined/status/1812876743717618058;1.58795e+18;;tapi ada anak dibebasin malah salah gaul;negatif;['anak', 'dibebasin', 'salah', 'gaul'];1
respon_orang_tua_terhadap_kurikulum_baru_2.csv;1.81282e+18;Mon Jul 15 12:13:17 +0000 2024;0.0;@themomlearner yg kaya gini buat agak dilema;1.81282e+18;;themomlearner;in;;0.0;0.0;0.0;https://x.com/undefined/status/1812822744775680404;1.53883e+18;;kaya gin buat agak dilema;netral;['kaya', 'gin', 'dilema'];3
respon_orang_tua_terhadap_kurikulum_baru_2.csv;1.81282e+18;Mon Jul 15 12:16:33 +0000 2024;0.0;@themomlearner suka dimarahin nyimak dah;1.81282e+18;;themomlearner;in;;0.0;0.0;0.0;https://x.com/undefined/status/1812823566741557512;170172882.0;;suka dimarahin nyimak;netral;['suka', 'dimarahin', 'nyimak'];4
respon_orang_tua_terhadap_kurikulum_baru_2.csv;1.81282e+18;Mon Jul 15 12:24:34 +0000 2024;0.0;@themomlearner thanks for sharing;1.81283e+18;;themomlearner;en;;0.0;0.0;0.0;https://x.com/undefined/status/1812825584755671483;1.32385e+18;;thanks for sharing;netral;['thanks', 'for', 'sharing'];1
respon_orang_tua_terhadap_kurikulum_baru_2.csv;1.81282e+18;Mon Jul 15 12:25:30 +0000 2024;0.0;@themomlearner ortuku mikir gini ga ya;1.81283e+18;;themomlearner;in;;0.0;0.0;0.0;https://x.com/undefined/status/1812825819536126422;1.75342e+18;;ortuku mikir gin;netral;['ortuku', 'mikir', 'gin'];1
respon_orang_tua_terhadap_kurikulum_baru_2.csv;1.81282e+18;Mon Jul 15 12:26:48 +0000 2024;0.0;@themomlearner bener harusnya seimban gt;1.81283e+18;;themomlearner;in;;0.0;0.0;0.0;https://x.com/undefined/status/1812826143923556463;98409293.0;;bener harus seimban gt;netral;['bener', 'seimban', 'gt'];0
respon_orang_tua_terhadap_kurikulum_baru_2.csv;1.81282e+18;Mon Jul 15 12:28:07 +0000 2024;0.0;@themomlearner semua orang tau sayang sama anaknya.;1.81283e+18;;themomlearner;in;;0.0;0.0;0.0;https://x.com/undefined/status/1812826477668557244;1.28121e+18;;semua orang tau sayang sama anak;netral;['orang', 'tau', 'sayang', 'anak'];3
respon_orang_tua_terhadap_kurikulum_baru_2.csv;1.81282e+18;Mon Jul 15 12:34:29 +0000 2024;0.0;@themomlearner ogtu ya trnyata;1.81283e+18;;themomlearner;in;;0.0;0.0;0.0;https://x.com/undefined/status/1812828079989100927;1.33954e+18;;ogtu trnyata;netral;['ogtu', 'trnyata'];0
respon_orang_tua_terhadap_kurikulum_baru_2.csv;1.81282e+18;Mon Jul 15 12:35:47 +0000 2024;0.0;@themomlearner Izin nyimak aku ka;1.81283e+18;;themomlearner;in;;0.0;0.0;0.0;https://x.com/undefined/status/1812828408059252850;9.19727e+17;;izin nyimak aku ka;netral;['izin', 'nyimak', 'ka'];1
respon_orang_tua_terhadap_kurikulum_baru_2.csv;1.81282e+18;Mon Jul 15 13:26:52 +0000 2024;0.0;@themomlearner baru tau ak soal ini;1.81284e+18;;themomlearner;in;;0.0;0.0;0.0;https://x.com/undefined/status/1812841263735230709;1.75478e+18;;baru tau ak soal;netral;['tau', 'ak'];3
respon_orang_tua_terhadap_kurikulum_baru_2.csv;1.81282e+18;Mon Jul 15 13:28:02 +0000 2024;0.0;@themomlearner aku kalo jadi org tua gk bakal gitu;1.81284e+18;;themomlearner;in;;0.0;0.0;0.0;https://x.com/undefined/status/1812841556971569579;1.26388e+18;;aku kalo org tua bakal begitu;netral;['kalo', 'org', 'tua'];0
respon_orang_tua_terhadap_kurikulum_baru_2.csv;1.81282e+18;Mon Jul 15 13:34:24 +0000 2024;0.0;@themomlearner Keren mantap terus dalam ilmu;1.81284e+18;;themomlearner;in;;0.0;0.0;0.0;https://x.com/undefined/status/1812843156335157294;51815301.0;;keren mantap terus dalam ilmu;positif;['keren', 'mantap', 'ilmu'];1
respon_orang_tua_terhadap_kurikulum_baru_2.csv;1.81282e+18;Mon Jul 15 13:34:46 +0000 2024;0.0;@themomlearner terimakasih udah sharing kak;1.81284e+18;;themomlearner;in;;0.0;0.0;0.0;https://x.com/undefined/status/1812843251516502140;1.25023e+18;;terimakasih sharing kak;netral;['terimakasih', 'sharing', 'kak'];1
respon_orang_tua_terhadap_kurikulum_baru_2.csv;1.81282e+18;Mon Jul 15 13:47:01 +0000 2024;0.0;@themomlearner Makasih kk jadi tau tentang ginian;1.81285e+18;;themomlearner;in;;0.0;0.0;0.0;https://x.com/undefined/status/1812846333923115061;1.11354e+18;;makasih kk tau tentang ginian;netral;['makasih', 'kk', 'tau', 'ginian'];1
respon_orang_tua_terhadap_kurikulum_baru_2.csv;1.81282e+18;Mon Jul 15 13:50:47 +0000 2024;0.0;@themomlearner bikin dilema ya kak;1.81285e+18;;themomlearner;in;;0.0;0.0;0.0;https://x.com/undefined/status/1812847282758570196;1.50227e+18;;bikin dilema kak;netral;['bikin', 'dilema', 'kak'];3
respon_orang_tua_terhadap_kurikulum_baru_2.csv;1.81282e+18;Mon Jul 15 13:54:54 +0000 2024;0.0;@themomlearner Valid sih ini kak;1.81285e+18;;themomlearner;in;;0.0;0.0;0.0;https://x.com/undefined/status/1812848316172132704;1.20973e+18;;valid sih kak;netral;['valid', 'sih', 'kak'];0
respon_orang_tua_terhadap_kurikulum_baru_2.csv;1.81282e+18;Mon Jul 15 13:54:58 +0000 2024;0.0;@themomlearner wah parenting lgi suka ni ak;1.81285e+18;;themomlearner;in;;0.0;0.0;0.0;https://x.com/undefined/status/1812848335742730654;1.53988e+18;;wah parenting lgi suka ni ak;netral;['parenting', 'lgi', 'suka', 'ni', 'ak'];3
respon_orang_tua_terhadap_kurikulum_baru_2.csv;1.81282e+18;Mon Jul 15 13:56:48 +0000 2024;0.0;@themomlearner moga gue jd org tua yg baik;1.81285e+18;;themomlearner;in;;0.0;0.0;0.0;https://x.com/undefined/status/1812848793131352269;1.33576e+18;;moga saya jd org tua baik;positif;['moga', 'jd', 'org', 'tua'];0
respon_orang_tua_terhadap_kurikulum_baru_2.csv;1.81282e+18;Mon Jul 15 13:57:12 +0000 2024;0.0;@themomlearner Semoga kita semua kelak menjadi org tua bijak;1.81285e+18;;themomlearner;in;;0.0;0.0;0.0;https://x.com/undefined/status/1812848894541529260;2435019079.0;;moga kita semua kelak jadi org tua bijak;netral;['moga', 'kelak', 'org', 'tua', 'bijak'];0
respon_orang_tua_terhadap_kurikulum_baru_2.csv;1.81282e+18;Mon Jul 15 15:41:50 +0000 2024;0.0;@themomlearner makasih kak ilmunya bermanfaat banget;1.81288e+18;;themomlearner;in;;0.0;0.0;0.0;https://x.com/undefined/status/1812875225870332153;1.35663e+18;;makasih kak ilmu manfaat sangat;netral;['makasih', 'kak', 'ilmu', 'manfaat'];1
respon_orang_tua_terhadap_kurikulum_baru_2.csv;1.81282e+18;Mon Jul 15 16:15:06 +0000 2024;0.0;@themomlearner susah juga nentuinnya;1.81288e+18;;themomlearner;in;;0.0;0.0;0.0;https://x.com/undefined/status/1812883600947454145;1.17145e+18;;susah nentuinnya;netral;['susah', 'nentuinnya'];3
respon_orang_tua_terhadap_kurikulum_baru_2.csv;1.81282e+18;Mon Jul 15 18:09:22 +0000 2024;0.0;@themomlearner valid sih kak;1.81291e+18;;themomlearner;in;;0.0;0.0;0.0;https://x.com/undefined/status/1812912354306498817;994593674.0;;valid sih kak;netral;['valid', 'sih', 'kak'];0
respon_orang_tua_terhadap_kurikulum_baru_2.csv;1.81282e+18;Thu Nov 07 13:13:07 +0000 2024;0.0;@themomlearner Cek anak susah diatur dilaporin emaknya : https://t.co/PZOWhMpwUC;1.85451e+18;;themomlearner;in;;0.0;0.0;0.0;https://x.com/undefined/status/1854512406325768687;1.8545e+18;;cek anak susah atur dilaporin emaknya;netral;['cek', 'anak', 'susah', 'atur', 'dilaporin', 'emaknya'];4
respon_orang_tua_terhadap_kurikulum_baru_2.csv;1.81282e+18;Mon Jul 15 12:58:46 +0000 2024;0.0;@themomlearner bikin dilema ga si;1.81283e+18;;themomlearner;in;;0.0;0.0;0.0;https://x.com/undefined/status/1812834188808331726;2475168817.0;;bikin dilema;netral;['bikin', 'dilema'];3
respon_orang_tua_terhadap_kurikulum_baru_3.csv;1.84907e+18;Wed Oct 23 13:44:36 +0000 2024;246.0;@alandakariza Guru udahlah digaji rendah 1 kelas isinya bisa 40an anak trus dituntut juga mengakomodir variasi daya belajar anak yg gap nya jauh plus beban kerjaan administrasi rutin. Superheroes.;1.84908e+18;;alandakariza;in;;4.0;9.0;33.0;https://x.com/undefined/status/1849084510878789796;198783754.0;;guru udahlah gaji rendah kelas isi bisa an anak trus tuntut mengakomodir variasi daya ajar anak gap jauh plus beban kerja administrasi rutin superheroes;netral;['guru', 'udahlah', 'gaji', 'rendah', 'kelas', 'isi', 'an', 'anak', 'trus', 'tuntut', 'mengakomodir', 'variasi', 'daya', 'ajar', 'anak', 'gap', 'plus', 'beban', 'kerja', 'administrasi', 'rutin', 'superheroes'];0
respon_orang_tua_terhadap_kurikulum_baru_3.csv;1.84907e+18;Wed Oct 23 23:12:22 +0000 2024;45.0;@alandakariza Gw pribadi ga terlalu mempermasalahkan sistem zonasinya. Lebih concern ke perataan akses pendidikan peningkatan kualitas guru (dari gaji peningkatan kapasitas dll) sama manajemen sekolahnya yg bener dulu. Kalo 3 poin itu udh proper gw yakin kualitas pendidikan bakal naik.;1.84923e+18;;alandakariza;in;;1.0;2.0;11.0;https://x.com/undefined/status/1849227393896177984;8.77148e+17;;gw pribadi terlalu masalah sistem zonasi lebih concern perata akses didik tingkat kualitas guru gaji tingkat kapasitas dll sama manajemen sekolah bener dulu kalo poin udh proper gw yakin kualitas didik bakal naik;negatif;['gw', 'pribadi', 'sistem', 'zonasi', 'concern', 'perata', 'akses', 'didik', 'tingkat', 'kualitas', 'guru', 'gaji', 'tingkat', 'kapasitas', 'dll', 'manajemen', 'sekolah', 'bener', 'kalo', 'poin', 'udh', 'proper', 'gw', 'kualitas', 'didik'];1
respon_orang_tua_terhadap_kurikulum_baru_3.csv;1.84907e+18;Wed Oct 23 14:13:39 +0000 2024;22.0;"@alandakariza sebelumnya baca opini soal zonasi membuat anak anak ga bisa keluar dari bubble lalu setelah baca opini Kak Alanda jadi paham bahwa ada yang lebih penting selain keluar dari bubble yaitu setiap anak memiliki kesempatan untuk mulai dari titik yg sama yaitu dari sekolah &amp; kelas";1.84909e+18;;alandakariza;in;;0.0;1.0;2.0;https://x.com/undefined/status/1849091823253463329;1650178736.0;;belum baca opini soal zonasi buat anak anak bisa keluar bubble lalu telah baca opini kak alanda paham bahwa ada lebih penting selain keluar bubble yaitu tiap anak milik sempat mulai titik sama yaitu sekolah amp kelas;netral;['baca', 'opini', 'zonasi', 'anak', 'anak', 'bubble', 'baca', 'opini', 'kak', 'alanda', 'paham', 'bubble', 'anak', 'milik', 'titik', 'sekolah', 'amp', 'kelas'];1
respon_orang_tua_terhadap_kurikulum_baru_3.csv;1.84907e+18;Wed Oct 23 23:29:19 +0000 2024;12.0;@alandakariza Justru pake zonasi itu menghilangkan kesempatan untuk banyak anak. Karena dengan sistem zonasi sekarang banyak area yang ga bisa masuk ke sekolah negeri manapun. Jadi mau ga mau dia mesti ke swasta (kalau mampu bayar).;1.84923e+18;;alandakariza;in;;0.0;2.0;0.0;https://x.com/undefined/status/1849231661239763424;128513202.0;;justru pake zonasi hilang sempat banyak anak sistem zonasi sekarang banyak area bisa masuk sekolah negeri mana mau mau dia mesti swasta kalau mampu bayar;netral;['pake', 'zonasi', 'hilang', 'anak', 'sistem', 'zonasi', 'area', 'masuk', 'sekolah', 'negeri', 'mesti', 'swasta', 'bayar'];4
respon_orang_tua_terhadap_kurikulum_baru_3.csv;1.84907e+18;Wed Oct 23 13:15:57 +0000 2024;11.0;@alandakariza Setuju dgn zonasi tp implementasinya harus terinci hingga ke daerah daerah yg notabene bukan kota yang secara infrastruktur lengkap;1.84908e+18;;alandakariza;in;;0.0;1.0;0.0;https://x.com/undefined/status/1849077300706545926;72884031.0;;tuju zonasi tapi implementasi harus inci hingga daerah daerah notabene bukan kota cara infrastruktur lengkap;netral;['tuju', 'zonasi', 'implementasi', 'inci', 'daerah', 'daerah', 'notabene', 'kota', 'infrastruktur', 'lengkap'];3
respon_orang_tua_terhadap_kurikulum_baru_3.csv;1.84907e+18;Wed Oct 23 13:27:27 +0000 2024;11.0;@alandakariza Cuma minusnya disini guru2 nya jadi repot banget gak sih? ngajarnya jadi ekstra supaya bisa memenuhi kebutuhan semua muridnya Kalo saya dulu anak2 yg menuju pintar akhirnya sering dibentak sama gurunya terus gurunya sering pilih kasih ke yang pintar;1.84908e+18;;alandakariza;in;;0.0;3.0;0.0;https://x.com/undefined/status/1849080196730912994;9.03898e+17;;cuma minus sini guru repot sangat gak sih ngajarnya ekstra supaya bisa penuh butuh semua murid kalo saya dulu anak tuju pintar akhir sering bentak sama guru terus guru sering pilih kasih pintar;netral;['minus', 'guru', 'repot', 'gak', 'sih', 'ngajarnya', 'ekstra', 'penuh', 'butuh', 'murid', 'kalo', 'anak', 'tuju', 'pintar', 'bentak', 'guru', 'guru', 'pilih', 'kasih', 'pintar'];4
respon_orang_tua_terhadap_kurikulum_baru_3.csv;1.84907e+18;Wed Oct 23 12:51:55 +0000 2024;3.0;@alandakariza Halo Alanda salam kenal (lagi) yaa sesama alumni warwick dan pengurus PPI UK nih meskipun kita beda tahun. Boleh DM ngga ya pengen tanya lebih detail soal sekoalh negeri dari perspektif ortu ini kalau ga keberatan I am a parent too and want to explore that option too.;1.84907e+18;;alandakariza;in;;0.0;2.0;0.0;https://x.com/undefined/status/1849071254470607340;59078700.0;;halo alanda salam kenal yaa sama alumni warwick urus ppi uk nih meski kita beda tahun boleh dm ngga ken tanya lebih detail soal sekoalh negeri perspektif ortu kalau berat i am a parent too and want to explore that option too;netral;['halo', 'alanda', 'salam', 'kenal', 'yaa', 'alumni', 'warwick', 'urus', 'ppi', 'uk', 'nih', 'beda', 'dm', 'ngga', 'ken', 'detail', 'sekoalh', 'negeri', 'perspektif', 'ortu', 'berat', 'i', 'am', 'a', 'parent', 'too', 'and', 'want', 'to', 'explore', 'that', 'option', 'too'];4
respon_orang_tua_terhadap_kurikulum_baru_3.csv;1.84907e+18;Wed Oct 23 15:26:02 +0000 2024;3.0;"@alandakariza Kayaknya anaknya sd ya? Soalnya saya nyimpulinnya soal pinter baca buku &amp; mengeja kalo sd kayaknya sistem pendidikan bisa macem2 jumlah sekolah jg lebih banyak drpd smp &amp; sma. Pernah liat guru SMA ngeluh anak SMA bukan diajarin matpel malah diajarin baca?";1.84911e+18;;alandakariza;in;;0.0;2.0;0.0;https://x.com/undefined/status/1849110038838989193;1719157729.0;;kayak anak sd soal saya nyimpulinnya soal pinter baca buku amp eja kalo sd kayak sistem didik bisa macem jumlah sekolah lebih banyak drpd smp amp sma pernah liat guru sma ngeluh anak sma bukan diajarin matpel malah diajarin baca;netral;['kayak', 'anak', 'sd', 'nyimpulinnya', 'pinter', 'baca', 'buku', 'amp', 'eja', 'kalo', 'sd', 'kayak', 'sistem', 'didik', 'macem', 'sekolah', 'drpd', 'smp', 'amp', 'sma', 'liat', 'guru', 'sma', 'ngeluh', 'anak', 'sma', 'diajarin', 'matpel', 'diajarin', 'baca'];1
respon_orang_tua_terhadap_kurikulum_baru_3.csv;1.84907e+18;Wed Oct 23 13:27:43 +0000 2024;1.0;"@alandakariza Agree. &amp; Zonasi juga bukan hal yg baru sekali - thn dulu2 namanya Rayon";1.84908e+18;;alandakariza;in;;0.0;2.0;0.0;https://x.com/undefined/status/1849080263122518480;341878767.0;;agree amp zonasi bukan hal baru sekali thn dulu nama rayon;netral;['agree', 'amp', 'zonasi', 'thn', 'nama', 'rayon'];2
respon_orang_tua_terhadap_kurikulum_baru_3.csv;1.84907e+18;Wed Oct 23 13:04:07 +0000 2024;1.0;@alandakariza ;1.84907e+18;;alandakariza;qme;;0.0;1.0;0.0;https://x.com/undefined/status/1849074324445212911;1.7943e+18;;;netral;['nan'];0
respon_orang_tua_terhadap_kurikulum_baru_3.csv;1.84907e+18;Thu Oct 24 00:41:11 +0000 2024;2.0;@alandakariza Untuk SD mungkin hal itu tepat di SD itu yang utama anak jadi senang belajar merangsang rasa ingin tahu dll. Tapi untuk level SMP dan SMA justru meritokrasi sepertinya dibutuhkan. Mereka harus mulai belajar kehidupan dan suka tidak suka it's wild world out there.;1.84925e+18;;alandakariza;in;;0.0;0.0;1.0;https://x.com/undefined/status/1849249745203798178;77098425.0;;sd mungkin hal tepat sd utama anak senang ajar rangsang rasa ingin tahu dll tapi level smp sma justru meritokrasi seperti butuh mereka harus mulai ajar hidup suka suka it s wild world out there;netral;['sd', 'sd', 'utama', 'anak', 'senang', 'ajar', 'rangsang', 'dll', 'level', 'smp', 'sma', 'meritokrasi', 'butuh', 'ajar', 'hidup', 'suka', 'suka', 'it', 's', 'wild', 'world', 'out', 'there'];4
respon_orang_tua_terhadap_kurikulum_baru_3.csv;1.84907e+18;Wed Oct 23 15:09:15 +0000 2024;0.0;@alandakariza Wuih nggak nyangka anaknya Landa sekolah di SDN ;1.84911e+18;;alandakariza;in;;0.0;0.0;0.0;https://x.com/undefined/status/1849105814310805671;28067321.0;;wuih nggak nyangka anak landa sekolah sdn;netral;['wuih', 'nggak', 'nyangka', 'anak', 'landa', 'sekolah', 'sdn'];0
respon_orang_tua_terhadap_kurikulum_baru_3.csv;1.84907e+18;Wed Oct 23 21:04:58 +0000 2024;0.0;@alandakariza Namun dampak zonasi di kabupaten seperti daerahku sungguh mengerikan mba. Sekolah2 terbaik justru diisi dengan anak2 titipan dari luar zona yg seharusnya. Bahkan mereka mengakali dengan pindah KK sekeluarga ke alamat paling dekat dengan sekolah;1.8492e+18;;alandakariza;in;;0.0;0.0;0.0;https://x.com/undefined/status/1849195333395591566;1.54685e+18;;namun dampak zonasi kabupaten seperti daerah sungguh keri mba sekolah baik justru isi anak titip luar zona harus bahkan mereka akal pindah kk keluarga alamat paling dekat sekolah;positif;['dampak', 'zonasi', 'kabupaten', 'daerah', 'sungguh', 'keri', 'mba', 'sekolah', 'isi', 'anak', 'titip', 'zona', 'akal', 'pindah', 'kk', 'keluarga', 'alamat', 'sekolah'];1
respon_orang_tua_terhadap_kurikulum_baru_3.csv;1.84907e+18;Wed Oct 23 23:23:44 +0000 2024;0.0;@alandakariza Agak aneh ya kl ngasih dasar argumen cuma pake contoh di pendidikan dasar macem SD mengingat karakter gaya belajar pergaulan bocah sama remaja itu JAUH berbeda;1.84923e+18;;alandakariza;in;;0.0;0.0;0.0;https://x.com/undefined/status/1849230254122156446;1.62007e+18;;agak aneh kl ngasih dasar argumen cuma pake contoh didik dasar macem sd ingat karakter gaya ajar gaul bocah sama remaja jauh beda;negatif;['aneh', 'kl', 'ngasih', 'dasar', 'argumen', 'pake', 'contoh', 'didik', 'dasar', 'macem', 'sd', 'karakter', 'gaya', 'ajar', 'gaul', 'bocah', 'remaja', 'beda'];4
respon_orang_tua_terhadap_kurikulum_baru_3.csv;1.84907e+18;Thu Oct 24 01:27:07 +0000 2024;0.0;@alandakariza sekarang Zonasi bisa disebut jalur Akamsi sih;1.84926e+18;;alandakariza;in;;0.0;0.0;0.0;https://x.com/undefined/status/1849261304122581420;289164404.0;;sekarang zonasi bisa sebut jalur akamsi sih;netral;['zonasi', 'jalur', 'akamsi', 'sih'];3
respon_orang_tua_terhadap_kurikulum_baru_3.csv;1.84907e+18;Thu Oct 24 01:39:54 +0000 2024;0.0;@alandakariza pfft zonasi atau ngga cuma mindahin status unggulan sekolah yang satu ke sekolah yang lain;1.84926e+18;;alandakariza;in;;0.0;0.0;0.0;https://x.com/undefined/status/1849264522747670893;1.0109e+18;;pfft zonasi ngga cuma mindahin status unggul sekolah satu sekolah lain;netral;['pfft', 'zonasi', 'ngga', 'mindahin', 'status', 'unggul', 'sekolah', 'sekolah'];2
respon_orang_tua_terhadap_kurikulum_baru_3.csv;1.84907e+18;Thu Oct 24 02:16:22 +0000 2024;0.0;"@alandakariza Ibu saya pensiunan guru SMP. Setuju dgn pendapat ini. Karena guru ngajar dimana aja sebetulnya sama. Mau di skolah unggulan atau bukan. Yg membedakan hanya fasilitas sekolah &amp; input anak2 nya saja";1.84927e+18;;alandakariza;in;;0.0;0.0;0.0;https://x.com/undefined/status/1849273697808650303;47993055.0;;ibu saya pensiun guru smp tuju dapat guru ngajar mana betul sama mau skolah unggul bukan beda hanya fasilitas sekolah amp input anak;netral;['pensiun', 'guru', 'smp', 'tuju', 'guru', 'ngajar', 'skolah', 'unggul', 'beda', 'fasilitas', 'sekolah', 'amp', 'input', 'anak'];2
respon_orang_tua_terhadap_kurikulum_baru_3.csv;1.84907e+18;Thu Oct 24 02:23:35 +0000 2024;0.0;@alandakariza Bukannya itu didalam satu kelas dibagi kelompok juga bagian kecil dari meritokasi? Karena aslinya di sekolah negeri sekarang tidak seperti diatas jadi dibiarkan atau mengikuti kemampuan batas yang terendah;1.84928e+18;;alandakariza;in;;0.0;0.0;0.0;https://x.com/undefined/status/1849275517096354261;72563849.0;;bukan dalam satu kelas bagi kelompok bagi kecil meritokasi asli sekolah negeri sekarang seperti atas biar ikut mampu batas rendah;netral;['kelas', 'kelompok', 'meritokasi', 'asli', 'sekolah', 'negeri', 'biar', 'batas', 'rendah'];2
respon_orang_tua_terhadap_kurikulum_baru_3.csv;1.84907e+18;Thu Oct 24 02:34:55 +0000 2024;0.0;@alandakariza Agak oot tapi penasaran jadi anaknya mba Alanda udah sekolah?? Kayaknya baru kemarin liat mba Alanda rambut biru di podcast time flies so fast Kayaknya ini sekolah negeri yg sebelum zonasi emg sudah bagus ya mba? Jadi punya alternatif menghadapi zonasi dgn anak yg beragam.;1.84928e+18;;alandakariza;in;;0.0;0.0;0.0;https://x.com/undefined/status/1849278368006688783;1.54706e+18;;agak oot tapi penasaran anak mba alanda sekolah kayak baru kemarin liat mba alanda rambut biru podcast time flies so fast kayak sekolah negeri belum zonasi emg bagus mba punya alternatif hadap zonasi anak agam;positif;['oot', 'penasaran', 'anak', 'mba', 'alanda', 'sekolah', 'kayak', 'kemarin', 'liat', 'mba', 'alanda', 'rambut', 'biru', 'podcast', 'time', 'flies', 'so', 'fast', 'kayak', 'sekolah', 'negeri', 'zonasi', 'emg', 'bagus', 'mba', 'alternatif', 'hadap', 'zonasi', 'anak', 'agam'];4
respon_orang_tua_terhadap_kurikulum_baru_3.csv;1.84907e+18;Thu Oct 24 02:42:31 +0000 2024;0.0;@alandakariza Saya pribadi sih tetap memilih g berharap banyak dg hal2 yg berbau pemerintah;1.84928e+18;;alandakariza;in;;0.0;0.0;0.0;https://x.com/undefined/status/1849280282203132278;1.29607e+18;;saya pribadi sih tetap pilih g harap banyak hal bau perintah;netral;['pribadi', 'sih', 'pilih', 'g', 'harap', 'bau', 'perintah'];1
respon_orang_tua_terhadap_kurikulum_baru_3.csv;1.84907e+18;Thu Oct 24 03:26:35 +0000 2024;0.0;@alandakariza Loh saya sepakat zonasi asal sekolahnya juga cukup;1.84929e+18;;alandakariza;in;;0.0;0.0;0.0;https://x.com/undefined/status/1849291369438920927;522882884.0;;loh saya sepakat zonasi asal sekolah cukup;netral;['loh', 'sepakat', 'zonasi', 'sekolah'];4
respon_orang_tua_terhadap_kurikulum_baru_3.csv;1.84907e+18;Thu Oct 24 03:32:04 +0000 2024;0.0;@alandakariza Tp kalo SMP-SMA gk bisa pake sistem itu kan?;1.84929e+18;;alandakariza;in;;0.0;0.0;0.0;https://x.com/undefined/status/1849292750170333383;1.36652e+18;;tapi kalo smp sma bisa pake sistem;netral;['kalo', 'smp', 'sma', 'pake', 'sistem'];1
respon_orang_tua_terhadap_kurikulum_baru_3.csv;1.84907e+18;Thu Oct 24 04:02:04 +0000 2024;0.0;@alandakariza Setuju;1.8493e+18;;alandakariza;in;;0.0;0.0;0.0;https://x.com/undefined/status/1849300299040874719;1.57513e+18;;tuju;netral;['tuju'];4
respon_orang_tua_terhadap_kurikulum_baru_3.csv;1.84907e+18;Thu Oct 24 04:03:42 +0000 2024;0.0;@alandakariza Zonasi sangat membantu buat yg keluarga kurang mampu. Ngirit ongkos doong;1.8493e+18;;alandakariza;in;;0.0;0.0;0.0;https://x.com/undefined/status/1849300710518898849;1.56668e+18;;zonasi sangat bantu buat keluarga kurang mampu ngirit ongkos doong;negatif;['zonasi', 'bantu', 'keluarga', 'ngirit', 'ongkos', 'doong'];4
respon_orang_tua_terhadap_kurikulum_baru_3.csv;1.84907e+18;Thu Oct 24 04:08:42 +0000 2024;0.0;@alandakariza Saya sepkat dengan kalimat penutupnya.;1.8493e+18;;alandakariza;in;;0.0;0.0;0.0;https://x.com/undefined/status/1849301969955144173;2993672654.0;;saya sepkat kalimat tutup;netral;['sepkat', 'kalimat', 'tutup'];4
respon_orang_tua_terhadap_kurikulum_baru_3.csv;1.84907e+18;Thu Oct 24 09:03:53 +0000 2024;0.0;@alandakariza iya ga setuju sekolah negeri ada sekolah unggulan ;1.84938e+18;;alandakariza;in;;0.0;0.0;0.0;https://x.com/undefined/status/1849376252970577937;247277409.0;;tuju sekolah negeri ada sekolah unggul;netral;['tuju', 'sekolah', 'negeri', 'sekolah', 'unggul'];2
respon_orang_tua_terhadap_kurikulum_baru_3.csv;1.84907e+18;Thu Oct 24 09:41:10 +0000 2024;0.0;@alandakariza gaji 500 rb disuruh kaya gitu ;1.84939e+18;;alandakariza;in;;0.0;0.0;0.0;https://x.com/undefined/status/1849385638497579077;1.77688e+18;;gaji rb suruh kaya begitu;netral;['gaji', 'rb', 'suruh', 'kaya'];4
respon_orang_tua_terhadap_kurikulum_baru_4.csv;1.72866e+18;Sun Nov 26 07:54:28 +0000 2023;0.0;@sangjuwita Yai @fakhrualong;1.72868e+18;;sangjuwita;und;;0.0;1.0;0.0;https://x.com/undefined/status/1728683624172831096;7.80143e+17;;yai;netral;['yai'];2
respon_orang_tua_terhadap_kurikulum_baru_5.csv;1.74998e+18;Wed Jan 24 03:48:21 +0000 2024;47.0;@kuuwroo ini kurmed sama merdeka belajar. jd emang kurang lebih si anak tuh diminta buat cari sendiri ya tp ga didiemin juga sih kudunya ttp dikasi pondasi dulu;1.75e+18;;kuuwroo;in;;0.0;4.0;0.0;https://x.com/undefined/status/1750002573665513811;501617572.0;;kurmed sama merdeka ajar jd emang kurang lebih anak tuh minta buat cari sendiri tapi didiemin sih kudu ttp kasi pondasi dulu;negatif;['kurmed', 'merdeka', 'ajar', 'jd', 'emang', 'anak', 'tuh', 'cari', 'didiemin', 'sih', 'kudu', 'ttp', 'kasi', 'pondasi'];4
respon_orang_tua_terhadap_kurikulum_baru_5.csv;1.74998e+18;Wed Jan 24 03:09:19 +0000 2024;24.0;@kuuwroo ini gara gara kurikulm merdeka gasii jadi si anak disuruh explore sendiri gituuu;1.74999e+18;;kuuwroo;in;;0.0;3.0;0.0;https://x.com/undefined/status/1749992748449693741;1.63735e+18;;gara gara kurikulm merdeka gasii anak suruh explore sendiri begitu;netral;['gara', 'gara', 'kurikulm', 'merdeka', 'gasii', 'anak', 'suruh', 'explore'];0
respon_orang_tua_terhadap_kurikulum_baru_5.csv;1.74998e+18;Wed Jan 24 03:57:21 +0000 2024;0.0;@kuuwroo iyaaa aku kmrn juga gtu kak tpi klo aku case nya sengaja disuru nyari materi sendiri misal barisan aritmatika biar aku bisa tau duluan dan belajar dulu sblum gurunya ngejelasin;1.75e+18;;kuuwroo;in;;0.0;1.0;0.0;https://x.com/undefined/status/1750004836857491519;1.39252e+18;;aku kmrn gtu kak tpi kalau aku case sengaja disuru nyari materi sendiri misal baris aritmatika biar aku bisa tau duluan ajar dulu sblum guru ngejelasin;netral;['kmrn', 'gtu', 'kak', 'tpi', 'case', 'sengaja', 'disuru', 'nyari', 'materi', 'baris', 'aritmatika', 'biar', 'tau', 'duluan', 'ajar', 'sblum', 'guru', 'ngejelasin'];2
respon_orang_tua_terhadap_kurikulum_baru_5.csv;1.74998e+18;Wed Jan 24 07:30:40 +0000 2024;0.0;@kuuwroo gue jg pernah kok kak wkwkw. malahan pas guru dtg di awal pertemuan tu kasi tau materi yg mau dibahas (bab babnya). abis tu bagi kelompok trs tiap kelompok itu dpt materi yg beda (sesuai bab 1 semester itu) trs dipresentasiin WKWKWKW;1.75006e+18;;kuuwroo;in;;0.0;1.0;0.0;https://x.com/undefined/status/1750058519729205308;1.52687e+18;;saya pernah kak wkwkw malah pas guru dtg awal temu tu kasi tau materi mau bahas bab bab abis tu bagi kelompok trs tiap kelompok dpt materi beda sesuai bab semester trs dipresentasiin wkwkwkw;netral;['kak', 'wkwkw', 'pas', 'guru', 'dtg', 'temu', 'tu', 'kasi', 'tau', 'materi', 'bahas', 'bab', 'bab', 'abis', 'tu', 'kelompok', 'trs', 'kelompok', 'dpt', 'materi', 'beda', 'sesuai', 'bab', 'semester', 'trs', 'dipresentasiin', 'wkwkwkw'];2
respon_orang_tua_terhadap_kurikulum_baru_5.csv;1.74998e+18;Wed Jan 24 07:33:27 +0000 2024;0.0;@kuuwroo Kata adek ku yang SMP semenjak ganti kurikulum merdeka emang apa-apa disuru cari sendiri terus banyak kerja kelompoknya tapi kalo menurutku ya kurikulum merdekanya kayaknya harus di revisi deh jadi misal yaudah guru jelasinnya lebih ke kayak diskusi bersama aja;1.75006e+18;;kuuwroo;in;;0.0;1.0;0.0;https://x.com/undefined/status/1750059222270984549;1.46715e+18;;kata adek ku smp semenjak ganti kurikulum merdeka emang disuru cari sendiri terus banyak kerja kelompok tapi kalo turut kurikulum merdeka kayak harus revisi misal yaudah guru jelasinnya lebih kayak diskusi sama;netral;['adek', 'ku', 'smp', 'semenjak', 'ganti', 'kurikulum', 'merdeka', 'emang', 'disuru', 'cari', 'kerja', 'kelompok', 'kalo', 'kurikulum', 'merdeka', 'kayak', 'revisi', 'yaudah', 'guru', 'jelasinnya', 'kayak', 'diskusi'];0
respon_orang_tua_terhadap_kurikulum_baru_5.csv;1.74998e+18;Wed Jan 24 07:49:24 +0000 2024;0.0;@kuuwroo Guru guru yg bgni nih aneh kl gangajar dulu aky jg punya guru geo bgni yg ngajarnya dkit bgt cuma ngajarin background trs kita disuru presentasi per sub chapter per anak jd katanya biar saling ngajarin tp mnrt ku metode gini cuma bikin anak fokus belajar sm 1 subchapter;1.75006e+18;;kuuwroo;in;;0.0;1.0;0.0;https://x.com/undefined/status/1750063236857336033;1.48625e+18;;guru guru bgni nih aneh kl gangajar dulu aky punya guru geo bgni ngajarnya dkit bgt cuma ngajarin background trs kita disuru presentasi per sub chapter per anak jd kata biar saling ngajarin tapi mnrt ku metode gin cuma bikin anak fokus ajar sm subchapter;negatif;['guru', 'guru', 'bgni', 'nih', 'aneh', 'kl', 'gangajar', 'aky', 'guru', 'geo', 'bgni', 'ngajarnya', 'dkit', 'bgt', 'ngajarin', 'background', 'trs', 'disuru', 'presentasi', 'sub', 'chapter', 'anak', 'jd', 'biar', 'ngajarin', 'mnrt', 'ku', 'metode', 'gin', 'bikin', 'anak', 'fokus', 'ajar', 'sm', 'subchapter'];0
respon_orang_tua_terhadap_kurikulum_baru_5.csv;1.74998e+18;Wed Jan 24 08:08:19 +0000 2024;0.0;@kuuwroo aaaa paham inimah penyalah artian kurikulum nder. di kumer kan siswa emg disuruh aktif dan lebih mandiri makanya disuruh nemuin teori sendiri. guru cm jd dalang kelas.;1.75007e+18;;kuuwroo;in;;0.0;1.0;0.0;https://x.com/undefined/status/1750067997031727281;1.67514e+18;;a paham inimah salah arti kurikulum nder kumer siswa emg suruh aktif lebih mandiri makanya suruh nemuin teori sendiri guru cm jd dalang kelas;negatif;['a', 'paham', 'inimah', 'salah', 'arti', 'kurikulum', 'nder', 'kumer', 'siswa', 'emg', 'suruh', 'aktif', 'mandiri', 'suruh', 'nemuin', 'teori', 'guru', 'cm', 'jd', 'dalang', 'kelas'];4
respon_orang_tua_terhadap_kurikulum_baru_5.csv;1.74998e+18;Wed Jan 24 08:19:27 +0000 2024;0.0;@kuuwroo aku mengalami ini jg kebetulan keponakan aku ipa sedangkan aku ips gapnya jauh bgt. Sometimes dia nanya kan mtk gitu. Beda jauh efek imbas kurikulum merdeka yg menurut aku indonesia yg blm melek literasi ini dihadapkan dengan belajar mandiri dan belajar kelompok freak;1.75007e+18;;kuuwroo;in;;0.0;0.0;0.0;https://x.com/undefined/status/1750070798977806504;593737014.0;;aku alami betul keponakan aku ipa sedang aku ips gap jauh bgt sometimes dia nanya mtk begitu beda jauh efek imbas kurikulum merdeka turut aku indonesia melek literasi hadap ajar mandiri ajar kelompok freak;netral;['alami', 'keponakan', 'ipa', 'ips', 'gap', 'bgt', 'sometimes', 'nanya', 'mtk', 'beda', 'efek', 'imbas', 'kurikulum', 'merdeka', 'indonesia', 'melek', 'literasi', 'hadap', 'ajar', 'mandiri', 'ajar', 'kelompok', 'freak'];4
respon_orang_tua_terhadap_kurikulum_baru_5.csv;1.74998e+18;Wed Jan 24 08:31:10 +0000 2024;0.0;@kuuwroo negri ga? wkwkwk soalnya gue gabolehin adek gue masuk negri krn doi tipe yg harus dibimbing akhirnya bokap mau sekolahin adek gue di swasta yg lumayan lah;1.75007e+18;;kuuwroo;in;;0.0;0.0;0.0;https://x.com/undefined/status/1750073746482929787;1.31718e+18;;negri wkwkwk soal saya gabolehin adek saya masuk negri krn doi tipe harus bimbing akhir bokap mau sekolahin adek saya swasta lumayan;netral;['negri', 'wkwkwk', 'gabolehin', 'adek', 'masuk', 'negri', 'krn', 'doi', 'tipe', 'bimbing', 'bokap', 'sekolahin', 'adek', 'swasta', 'lumayan'];0
respon_orang_tua_terhadap_kurikulum_baru_5.csv;1.74998e+18;Wed Jan 24 08:31:42 +0000 2024;0.0;@kuuwroo ka emg kurikulum merdeka begitu sekarang karena buat memancing siswa ini dinamakan metode pembelajaran. Tapi harusnya tetep ada metode ceramah dulu dr guru baru nanti siswa csri tahu sendiri.;1.75007e+18;;kuuwroo;in;;0.0;0.0;0.0;https://x.com/undefined/status/1750073878129553724;1.41355e+18;;ka emg kurikulum merdeka begitu sekarang buat pancing siswa nama metode ajar tapi harus tetep ada metode ceramah dulu guru baru nanti siswa csri tahu sendiri;netral;['ka', 'emg', 'kurikulum', 'merdeka', 'pancing', 'siswa', 'nama', 'metode', 'ajar', 'tetep', 'metode', 'ceramah', 'guru', 'siswa', 'csri'];2
respon_orang_tua_terhadap_kurikulum_baru_5.csv;1.74998e+18;Wed Jan 24 08:40:45 +0000 2024;0.0;"@kuuwroo Gue waktu sma pernah belajar ini &amp; kebetulan berkelompok juga emg pel kaya gini harus di jelasin sama masing2 kelompoknya biasanya di dalem soal itu ada namanya &amp; suruh kita belajar dulu liat youtube rumus gt &amp; pas di bahas gurunya ikut bahas juga. Kayanya emg ngelatih muridnya";1.75008e+18;;kuuwroo;in;;0.0;0.0;0.0;https://x.com/undefined/status/1750076156102250623;1.38997e+18;;saya waktu sma pernah ajar amp betul kelompok emg pel kaya gin harus jelasin sama masing kelompok biasa dalem soal ada nama amp suruh kita ajar dulu liat youtube rumus gt amp pas bahas guru ikut bahas kaya emg ngelatih murid;netral;['sma', 'ajar', 'amp', 'kelompok', 'emg', 'pel', 'kaya', 'gin', 'jelasin', 'kelompok', 'dalem', 'nama', 'amp', 'suruh', 'ajar', 'liat', 'youtube', 'rumus', 'gt', 'amp', 'pas', 'bahas', 'guru', 'bahas', 'kaya', 'emg', 'ngelatih', 'murid'];0
respon_orang_tua_terhadap_kurikulum_baru_5.csv;1.74998e+18;Wed Jan 24 08:44:52 +0000 2024;0.0;@kuuwroo ini udah ada dari jaman gue kuliah : baru masuk disuru buka buku trs ditunjuk random buat ngejelasin;1.75008e+18;;kuuwroo;in;;0.0;0.0;0.0;https://x.com/undefined/status/1750077194410606602;79114591.0;;ada jaman saya kuliah baru masuk disuru buka buku trs tunjuk random buat ngejelasin;netral;['jaman', 'kuliah', 'masuk', 'disuru', 'buka', 'buku', 'trs', 'random', 'ngejelasin'];2
respon_orang_tua_terhadap_kurikulum_baru_5.csv;1.74998e+18;Wed Jan 24 07:51:25 +0000 2024;0.0;@kuuwroo Sekarang emang gitu sistemnya kak. Jadi kita yg ngejelasin belajar duluan ntar guru sisanya aja. Jadi kaya semacem belajar dari kita untuk kita;1.75006e+18;;kuuwroo;in;;0.0;0.0;0.0;https://x.com/undefined/status/1750063740912124249;1.54934e+18;;sekarang emang begitu sistem kak kita ngejelasin ajar duluan ntar guru sisa kaya semacem ajar kita kita;netral;['emang', 'sistem', 'kak', 'ngejelasin', 'ajar', 'duluan', 'ntar', 'guru', 'sisa', 'kaya', 'semacem', 'ajar'];4
respon_orang_tua_terhadap_kurikulum_baru_5.csv;1.74998e+18;Wed Jan 24 07:57:09 +0000 2024;0.0;@kuuwroo dihh klo mahasiswa yg kaya gini sih udh makanan sehari-hari LAH INI???? ANAK SMA WOYYY ANJRIT GURUNYA GAJI BUTA;1.75007e+18;;kuuwroo;in;;0.0;0.0;0.0;https://x.com/undefined/status/1750065184469844458;1.51167e+18;;dihh kalau mahasiswa kaya gin sih udh makan hari hari anak sma woy anjrit guru gaji buta;netral;['dihh', 'mahasiswa', 'kaya', 'gin', 'sih', 'udh', 'makan', 'anak', 'sma', 'woy', 'anjrit', 'guru', 'gaji', 'buta'];3
respon_orang_tua_terhadap_kurikulum_baru_5.csv;1.74998e+18;Wed Jan 24 08:47:32 +0000 2024;0.0;@kuuwroo gue semester kemarin juga amjink tapi mapel biologi 1 semester di tinggalin ga di jelasin cuma kasih tugas sama suruh ngerangkum SEMESTER 2 DATENG DATENG MARAH MARAH KELAKUAN ANAK KLS GUE PADAHAL ELO JD GURU JG GA BERTANGGUNG JAWAB BJIR;1.75008e+18;;kuuwroo;in;;0.0;0.0;0.0;https://x.com/undefined/status/1750077864006066595;1.67526e+18;;saya semester kemarin amjink tapi mapel biologi semester tinggalin jelasin cuma kasih tugas sama suruh ngerangkum semester dateng dateng marah marah laku anak kls saya padahal elo jd guru tanggung jawab bjir;netral;['semester', 'kemarin', 'amjink', 'mapel', 'biologi', 'semester', 'tinggalin', 'jelasin', 'kasih', 'tugas', 'suruh', 'ngerangkum', 'semester', 'dateng', 'dateng', 'marah', 'marah', 'laku', 'anak', 'kls', 'elo', 'jd', 'guru', 'tanggung', 'bjir'];1
respon_orang_tua_terhadap_kurikulum_baru_5.csv;1.74998e+18;Wed Jan 24 08:56:11 +0000 2024;0.0;@kuuwroo sekolah gw emg kaya gini bikin kelompok terus ada 1 ketuanya yg nilainya paling tinggi diantara mereka lah dia yg jelasin dan bertanggung jawab atas nilai kelompok2nya;1.75008e+18;;kuuwroo;in;;0.0;0.0;0.0;https://x.com/undefined/status/1750080040031932487;1.26853e+18;;sekolah gw emg kaya gin bikin kelompok terus ada ketua nilai paling tinggi antara mereka dia jelasin tanggung jawab atas nilai kelompok;netral;['sekolah', 'gw', 'emg', 'kaya', 'gin', 'bikin', 'kelompok', 'ketua', 'nilai', 'jelasin', 'tanggung', 'nilai', 'kelompok'];4
respon_orang_tua_terhadap_kurikulum_baru_5.csv;1.74998e+18;Wed Jan 24 08:57:05 +0000 2024;0.0;@kuuwroo Bisa banyak kemungkinan kak banyak yg reply krn kurikulum dsb tp bisa juga dr guru nya sendiri. Aku ngajar anak sma tetep diajarin dl materi dasarnya selebihnya siswa yang aktif. Tp adekku kasusnya sama ky kaka tbtb dikasi tugas tp ga dijelasin samsek sm gurunya;1.75008e+18;;kuuwroo;in;;0.0;0.0;0.0;https://x.com/undefined/status/1750080269841998092;1234157810.0;;bisa banyak mungkin kak banyak reply krn kurikulum dsb tapi bisa guru sendiri aku ngajar anak sma tetep diajarin dl materi dasar lebih siswa aktif tapi adekku kasus sama ky kaka tbtb kasi tugas tapi dijelasin samsek sm guru;netral;['kak', 'reply', 'krn', 'kurikulum', 'dsb', 'guru', 'ngajar', 'anak', 'sma', 'tetep', 'diajarin', 'dl', 'materi', 'dasar', 'siswa', 'aktif', 'adekku', 'ky', 'kaka', 'tbtb', 'kasi', 'tugas', 'dijelasin', 'samsek', 'sm', 'guru'];3
respon_orang_tua_terhadap_kurikulum_baru_5.csv;1.74998e+18;Wed Jan 24 09:05:48 +0000 2024;0.0;@kuuwroo Gue guru les mtk sebelum mulai biasanya gue tanya: udh dibahas blm sama gurunya? Jawabannya selalu sama udah tapi ya gt ga jelas / udah tapi cepet2. Jadi yg di bahas materi A tapi yg dijadiin tugas tuh B. Kayak.. huh? Paling engga kasih basic yg jelas laa ;1.75008e+18;;kuuwroo;in;;0.0;0.0;0.0;https://x.com/undefined/status/1750082463748198815;3316912891.0;;saya guru les mtk belum mulai biasa saya tanya udh bahas sama guru jawab selalu sama tapi gt jelas tapi cepet bahas materi a tapi dijadiin tugas tuh b kayak huh paling engga kasih basic jelas laa;netral;['guru', 'les', 'mtk', 'udh', 'bahas', 'guru', 'gt', 'cepet', 'bahas', 'materi', 'a', 'dijadiin', 'tugas', 'tuh', 'b', 'kayak', 'huh', 'engga', 'kasih', 'basic', 'laa'];0
respon_orang_tua_terhadap_kurikulum_baru_5.csv;1.74998e+18;Wed Jan 24 09:05:57 +0000 2024;0.0;@kuuwroo Kurikulum ini tuh kek kurikulum luar negeri. Bikin ank bebas berekspresi berbicara menyatakan pendapatnya disuruh berpikir kritis (yg gw tangkap dr om gw krn anknya masuk kurikulum ini) tp ya kgk gini jg buset dilepas sendiri mikir sendiri. At least jelasin dulu kem;1.75008e+18;;kuuwroo;in;;0.0;0.0;0.0;https://x.com/undefined/status/1750082500125446608;1.61069e+18;;kurikulum tuh kek kurikulum luar negeri bikin ank bebas ekspres bicara nyata dapat suruh pikir kritis gw tangkap om gw krn anknya masuk kurikulum tapi kgk gin buset lepas sendiri mikir sendiri at least jelasin dulu kem;netral;['kurikulum', 'tuh', 'kek', 'kurikulum', 'negeri', 'bikin', 'ank', 'bebas', 'ekspres', 'bicara', 'nyata', 'suruh', 'pikir', 'kritis', 'gw', 'tangkap', 'om', 'gw', 'krn', 'anknya', 'masuk', 'kurikulum', 'kgk', 'gin', 'buset', 'lepas', 'mikir', 'at', 'least', 'jelasin', 'kem'];4
respon_orang_tua_terhadap_kurikulum_baru_5.csv;1.74998e+18;Wed Jan 24 09:09:36 +0000 2024;0.0;@kuuwroo Sekolah gw dulu begini jd gw dah tolol mtk makin tolol;1.75008e+18;;kuuwroo;in;;0.0;0.0;0.0;https://x.com/undefined/status/1750083417847611815;1.45979e+18;;sekolah gw dulu begini jd gw tolol mtk makin tolol;netral;['sekolah', 'gw', 'jd', 'gw', 'tolol', 'mtk', 'tolol'];2
respon_orang_tua_terhadap_kurikulum_baru_5.csv;1.74998e+18;Wed Jan 24 09:29:25 +0000 2024;0.0;"@kuuwroo iya kurmed gini skrng ;(";1.75009e+18;;kuuwroo;in;;0.0;0.0;0.0;https://x.com/undefined/status/1750088404157825102;1.27251e+18;;kurmed gin skrng;netral;['kurmed', 'gin', 'skrng'];1
respon_orang_tua_terhadap_kurikulum_baru_5.csv;1.74998e+18;Wed Jan 24 09:42:01 +0000 2024;0.0;@kuuwroo Dulu di sekolah ku sering begini tpi bukan mtk wktu itu biologi pkn kaya gitu;1.75009e+18;;kuuwroo;in;;0.0;0.0;0.0;https://x.com/undefined/status/1750091573990506786;3184784904.0;;dulu sekolah ku sering begini tpi bukan mtk wktu biologi pkn kaya begitu;netral;['sekolah', 'ku', 'tpi', 'mtk', 'wktu', 'biologi', 'pkn', 'kaya'];0
respon_orang_tua_terhadap_kurikulum_baru_5.csv;1.74998e+18;Wed Jan 24 05:31:57 +0000 2024;0.0;@kuuwroo Dulu gue pas SMP malah kocaknya ngasih PR soal soal olimpiade matematika gitu tapi gak dijelasin dulu. Mungkin karena gua di kelas unggulan tapi tetep aja gak semuanya ngerti njir. Atau guenya aja yang tolol ya? Mana tuh guru galak banget.;1.75003e+18;;kuuwroo;in;;0.0;0.0;0.0;https://x.com/undefined/status/1750028643768897626;1.42853e+18;;dulu saya pas smp malah kocak ngasih pr soal soal olimpiade matematika begitu tapi gak dijelasin dulu mungkin gua kelas unggul tapi tetep gak semua ngerti njir gue tolol mana tuh guru galak sangat;netral;['pas', 'smp', 'kocak', 'ngasih', 'pr', 'olimpiade', 'matematika', 'gak', 'dijelasin', 'gua', 'kelas', 'unggul', 'tetep', 'gak', 'ngerti', 'njir', 'gue', 'tolol', 'tuh', 'guru', 'galak'];3
respon_orang_tua_terhadap_kurikulum_baru_5.csv;1.74998e+18;Wed Jan 24 05:50:00 +0000 2024;0.0;@kuuwroo Kurikulumnya semakin kesini emng murid disuru eksplore sendiri. Trus jg dari dulu emg ada metode pembelajaran yang anaknya disuru kelompokan kay gitu (aku anak pendidikan). Tp biasanya sblm eksplore harus di kasi pemahaman umum ga nyampai ke rinci baru dilnjut muridnya sndri;1.75003e+18;;kuuwroo;in;;0.0;0.0;0.0;https://x.com/undefined/status/1750033189010391043;1.28143e+18;;kurikulum makin kesini emng murid disuru eksplore sendiri trus dulu emg ada metode ajar anak disuru lompok kay begitu aku anak didik tapi biasa sblm eksplore harus kasi paham umum nyampai rinci baru dilnjut murid sndri;netral;['kurikulum', 'kesini', 'emng', 'murid', 'disuru', 'eksplore', 'trus', 'emg', 'metode', 'ajar', 'anak', 'disuru', 'lompok', 'kay', 'anak', 'didik', 'sblm', 'eksplore', 'kasi', 'paham', 'nyampai', 'rinci', 'dilnjut', 'murid', 'sndri'];3
respon_orang_tua_terhadap_kurikulum_baru_5.csv;1.74998e+18;Wed Jan 24 05:52:53 +0000 2024;0.0;@kuuwroo Plis jangan biarin. Laporkan ke kepsek ke dinas. Gak ada model oembdlajaran kyk gtu di sekolah. Pliss semua waki kurid kompak protes klo ada kek gtu;1.75003e+18;;kuuwroo;in;;0.0;0.0;0.0;https://x.com/undefined/status/1750033913584762952;1.73061e+18;;plis jangan biarin lapor kepsek dinas gak ada model oembdlajaran kyk gtu sekolah pliss semua wak kurid kompak protes kalau ada kek gtu;netral;['plis', 'biarin', 'lapor', 'kepsek', 'dinas', 'gak', 'model', 'oembdlajaran', 'kyk', 'gtu', 'sekolah', 'pliss', 'wak', 'kurid', 'kompak', 'protes', 'kek', 'gtu'];3
respon_orang_tua_terhadap_kurikulum_baru_5.csv;1.74998e+18;Wed Jan 24 05:54:48 +0000 2024;0.0;@kuuwroo emg pler sih kurmer soalnya materinya berat? jg mana anak klas 10 udh diajarin peluang lagi padahal jaman w gaada tuh peluang;1.75003e+18;;kuuwroo;in;;0.0;0.0;0.0;https://x.com/undefined/status/1750034396005143019;1.14016e+18;;emg pler sih kurmer soal materi berat mana anak klas udh diajarin peluang padahal jaman w gaada tuh peluang;netral;['emg', 'pler', 'sih', 'kurmer', 'materi', 'berat', 'anak', 'klas', 'udh', 'diajarin', 'peluang', 'jaman', 'w', 'gaada', 'tuh', 'peluang'];4
respon_orang_tua_terhadap_kurikulum_baru_5.csv;1.74998e+18;Wed Jan 24 05:56:16 +0000 2024;0.0;@kuuwroo lah dosen gini kan wkwkwkwk;1.75003e+18;;kuuwroo;in;;0.0;0.0;0.0;https://x.com/undefined/status/1750034762495107296;1.31241e+18;;dosen gin wkwkwkwk;netral;['dosen', 'gin', 'wkwkwkwk'];1
respon_orang_tua_terhadap_kurikulum_baru_5.csv;1.74998e+18;Wed Jan 24 05:56:53 +0000 2024;0.0;@kuuwroo Sejak gue sma taun 2014 emang ada bbrp guru yg kyk gitu apalagi kuliah banyak bgt dosen yg ga nerangin matkulnya ujug ujug disuruh kelompokan trs presentasi materi. Kalo kata guru sm dosen yg gue dgr sih kurikulum merdeka ngebentuk siswanya lebih eksplor matkulnya sendiri;1.75003e+18;;kuuwroo;in;;0.0;0.0;0.0;https://x.com/undefined/status/1750034919294955677;1.53046e+18;;sejak saya sma taun emang ada bbrp guru kyk begitu apalagi kuliah banyak bgt dosen nerangin matkulnya ujug ujug suruh lompok trs presentasi materi kalo kata guru sm dosen saya dgr sih kurikulum merdeka ngebentuk siswa lebih eksplor matkulnya sendiri;netral;['sma', 'taun', 'emang', 'bbrp', 'guru', 'kyk', 'kuliah', 'bgt', 'dosen', 'nerangin', 'matkulnya', 'ujug', 'ujug', 'suruh', 'lompok', 'trs', 'presentasi', 'materi', 'kalo', 'guru', 'sm', 'dosen', 'dgr', 'sih', 'kurikulum', 'merdeka', 'ngebentuk', 'siswa', 'eksplor', 'matkulnya'];3
respon_orang_tua_terhadap_kurikulum_baru_5.csv;1.74998e+18;Wed Jan 24 06:04:02 +0000 2024;0.0;@kuuwroo emg kurmer ini nyebelin gue yg kuliah di keguruan ikut kena imbasnya KURIKULUM GUE DIGANTI 3 KALI GARA-GARA KURMER DOANG;1.75004e+18;;kuuwroo;in;;0.0;0.0;0.0;https://x.com/undefined/status/1750036720396165631;1.47834e+18;;emg kurmer nyebelin saya kuliah guru ikut kena imbas kurikulum saya ganti kali gara gara kurmer doang;netral;['emg', 'kurmer', 'nyebelin', 'kuliah', 'guru', 'kena', 'imbas', 'kurikulum', 'ganti', 'kali', 'gara', 'gara', 'kurmer', 'doang'];0
respon_orang_tua_terhadap_kurikulum_baru_5.csv;1.74998e+18;Wed Jan 24 06:07:04 +0000 2024;0.0;@kuuwroo Katanya emng kurikulum merdeka kayak gini;1.75004e+18;;kuuwroo;in;;0.0;0.0;0.0;https://x.com/undefined/status/1750037482195038420;1.68732e+18;;kata emng kurikulum merdeka kayak gin;netral;['emng', 'kurikulum', 'merdeka', 'kayak', 'gin'];0
respon_orang_tua_terhadap_kurikulum_baru_5.csv;1.74998e+18;Wed Jan 24 06:18:01 +0000 2024;0.0;@kuuwroo persis kaya adekku adekku sering banget begini;1.75004e+18;;kuuwroo;in;;0.0;0.0;0.0;https://x.com/undefined/status/1750040237299146802;1.46482e+18;;persis kaya adekku adekku sering sangat begini;netral;['persis', 'kaya', 'adekku', 'adekku'];1
respon_orang_tua_terhadap_kurikulum_baru_5.csv;1.74998e+18;Wed Jan 24 06:25:55 +0000 2024;0.0;@kuuwroo gatau karena emang kurikulum merdeka atau karena emang gurunya yang begitu. yang jelas ini ngerugiin anak2;1.75004e+18;;kuuwroo;in;;0.0;0.0;0.0;https://x.com/undefined/status/1750042227395690872;1.33502e+18;;gatau emang kurikulum merdeka emang guru begitu jelas ngerugiin anak;netral;['gatau', 'emang', 'kurikulum', 'merdeka', 'emang', 'guru', 'ngerugiin', 'anak'];4
respon_orang_tua_terhadap_kurikulum_baru_5.csv;1.74998e+18;Wed Jan 24 06:27:04 +0000 2024;0.0;@kuuwroo aku ada guru modelan begini kalau di kelas tuh bahasnya malah percintaan gitu ga penting banget. entah biar disukain banyak siswa ato gimana. tapi yang jelas anak2 yang rajin tuh jad kaya males gitu soalnya gapernah jelasin materi;1.75004e+18;;kuuwroo;in;;0.0;0.0;0.0;https://x.com/undefined/status/1750042515187929435;1.33502e+18;;aku ada guru model begini kalau kelas tuh bahas malah cinta begitu penting sangat entah biar disukain banyak siswa ato gimana tapi jelas anak rajin tuh jad kaya males begitu soal gapernah jelasin materi;netral;['guru', 'model', 'kelas', 'tuh', 'bahas', 'cinta', 'biar', 'disukain', 'siswa', 'ato', 'gimana', 'anak', 'rajin', 'tuh', 'jad', 'kaya', 'males', 'gapernah', 'jelasin', 'materi'];3
respon_orang_tua_terhadap_kurikulum_baru_5.csv;1.74998e+18;Wed Jan 24 06:39:14 +0000 2024;0.0;@kuuwroo gue yg lulusan 2018 aja dlu sistem belajarnya gini padahal dlu angkatan gw masih kurikulum KTSP. kata gurunya meski kalian kurikulum KTSP tp ngikut sistem adik kelas yg udah kurikulum 2013 nah sistem belajarnya gini stress bgt dluu nyari materi sendiri;1.75005e+18;;kuuwroo;in;;0.0;0.0;0.0;https://x.com/undefined/status/1750045578728513978;1.09266e+18;;saya lulus dlu sistem ajar gin padahal dlu angkat gw masih kurikulum ktsp kata guru meski kalian kurikulum ktsp tapi ngikut sistem adik kelas kurikulum sistem ajar gin stress bgt dluu nyari materi sendiri;netral;['lulus', 'dlu', 'sistem', 'ajar', 'gin', 'dlu', 'angkat', 'gw', 'kurikulum', 'ktsp', 'guru', 'kurikulum', 'ktsp', 'ngikut', 'sistem', 'adik', 'kelas', 'kurikulum', 'sistem', 'ajar', 'gin', 'stress', 'bgt', 'dluu', 'nyari', 'materi'];2
respon_orang_tua_terhadap_kurikulum_baru_5.csv;1.74998e+18;Wed Jan 24 06:49:16 +0000 2024;0.0;@kuuwroo IH KEMARIN AKU JG DPT TUGAS BEGINI PERSIS BGT CARI NILAI TENGAH NILAI RATA NILAI YG SERING MUNCUL. JD KITA EMANG NGEJELASIN SENDIRI INI DAPET ANGKA NYA DARI MANA aku aja sampe panik karna bener ngejelasin bareng kelompok kita;1.75005e+18;;kuuwroo;in;;0.0;0.0;0.0;https://x.com/undefined/status/1750048102105665879;1.55983e+18;;ih kemarin aku dpt tugas begini persis bgt cari nilai tengah nilai rata nilai sering muncul jd kita emang ngejelasin sendiri dapet angka mana aku sampe panik karna bener ngejelasin bareng kelompok kita;netral;['ih', 'kemarin', 'dpt', 'tugas', 'persis', 'bgt', 'cari', 'nilai', 'nilai', 'nilai', 'muncul', 'jd', 'emang', 'ngejelasin', 'dapet', 'angka', 'sampe', 'panik', 'karna', 'bener', 'ngejelasin', 'bareng', 'kelompok'];4
respon_orang_tua_terhadap_kurikulum_baru_5.csv;1.74998e+18;Wed Jan 24 06:58:36 +0000 2024;0.0;@kuuwroo gua pernah anying;1.75005e+18;;kuuwroo;in;;0.0;0.0;0.0;https://x.com/undefined/status/1750050449498230808;1.69634e+18;;gua pernah anying;netral;['gua', 'anying'];4
respon_orang_tua_terhadap_kurikulum_baru_5.csv;1.74998e+18;Wed Jan 24 07:02:31 +0000 2024;0.0;@kuuwroo kurikulum merdeka mereka nyari sendiri kalo udah nanti baru dibahas bareng2 + dikasi penguatan + penjelasan. jd anak dilatih aktif buat caritau sendiri dulu;1.75005e+18;;kuuwroo;in;;0.0;0.0;0.0;https://x.com/undefined/status/1750051436052775239;1.27637e+18;;kurikulum merdeka mereka nyari sendiri kalo nanti baru bahas bareng kasi kuat jelas jd anak latih aktif buat caritau sendiri dulu;netral;['kurikulum', 'merdeka', 'nyari', 'kalo', 'bahas', 'bareng', 'kasi', 'kuat', 'jd', 'anak', 'latih', 'aktif', 'caritau'];3
respon_orang_tua_terhadap_kurikulum_baru_5.csv;1.74998e+18;Wed Jan 24 07:04:49 +0000 2024;0.0;@kuuwroo Aku lulusan 22 guru ku bilang gini guna nya ada hp apa cari sendiri ;1.75005e+18;;kuuwroo;in;;0.0;0.0;0.0;https://x.com/undefined/status/1750052016033075505;1.68808e+18;;aku lulus guru ku bilang gin guna ada hp cari sendiri;netral;['lulus', 'guru', 'ku', 'bilang', 'gin', 'hp', 'cari'];0
respon_orang_tua_terhadap_kurikulum_baru_5.csv;1.74998e+18;Wed Jan 24 07:06:51 +0000 2024;0.0;@kuuwroo harusnya si kl udh presentasi gini diulang lagi penjelasannya sm gurunya. tp kl cuma presentasi perkelompok permateri yg bahkan materi cari sendiri trs ga dijelasin ulang sm gurunya wah udh masuk gaji buta si itu;1.75005e+18;;kuuwroo;in;;0.0;0.0;0.0;https://x.com/undefined/status/1750052526614028651;1.69387e+18;;harus kl udh presentasi gin ulang jelas sm guru tapi kl cuma presentasi kelompok materi bahkan materi cari sendiri trs dijelasin ulang sm guru wah udh masuk gaji buta;netral;['kl', 'udh', 'presentasi', 'gin', 'ulang', 'sm', 'guru', 'kl', 'presentasi', 'kelompok', 'materi', 'materi', 'cari', 'trs', 'dijelasin', 'ulang', 'sm', 'guru', 'udh', 'masuk', 'gaji', 'buta'];0
respon_orang_tua_terhadap_kurikulum_baru_5.csv;1.74998e+18;Wed Jan 24 07:18:39 +0000 2024;0.0;@kuuwroo Aku rasa kurtilas lebih baik drpd merdeka;1.75006e+18;;kuuwroo;in;;0.0;0.0;0.0;https://x.com/undefined/status/1750055498580209749;1.15477e+18;;aku rasa kurtilas lebih baik drpd merdeka;positif;['kurtilas', 'drpd', 'merdeka'];4
respon_orang_tua_terhadap_kurikulum_baru_5.csv;1.74998e+18;Wed Jan 24 07:21:06 +0000 2024;0.0;@kuuwroo honestly malah yg kek begini udh dr dulu jaman aku sma udah disuruh nyari jawaban sndiri kek adek km nder. dan secara baik kelompok/sendiri. mind you jaman aku sma tuh tahun 2014 - 2017. banyak guru kek gitu. aku dl jg bingung materi baru tp disuruh cari sndiri cara nya ;1.75006e+18;;kuuwroo;in;;0.0;0.0;0.0;https://x.com/undefined/status/1750056111796007213;139400653.0;;honestly malah kek begini udh dulu jaman aku sma suruh nyari jawab sndiri kek adek km nder cara baik kelompok sendiri mind you jaman aku sma tuh tahun banyak guru kek begitu aku dl bingung materi baru tapi suruh cari sndiri cara;positif;['honestly', 'kek', 'udh', 'jaman', 'sma', 'suruh', 'nyari', 'sndiri', 'kek', 'adek', 'km', 'nder', 'kelompok', 'mind', 'you', 'jaman', 'sma', 'tuh', 'guru', 'kek', 'dl', 'bingung', 'materi', 'suruh', 'cari', 'sndiri'];4
respon_orang_tua_terhadap_kurikulum_baru_5.csv;1.74998e+18;Wed Jan 24 07:22:02 +0000 2024;0.0;@kuuwroo aku waktu kelas 10 dapat guru begini jg nih guru mtk. persis bgt. dijelasin materi ngga sama sekali tp disuruh kerja kelompok dan nyari jawaban sendiri ;1.75006e+18;;kuuwroo;in;;0.0;0.0;0.0;https://x.com/undefined/status/1750056348442853573;1.27093e+18;;aku waktu kelas dapat guru begini nih guru mtk persis bgt dijelasin materi ngga sama sekali tapi suruh kerja kelompok nyari jawab sendiri;netral;['kelas', 'guru', 'nih', 'guru', 'mtk', 'persis', 'bgt', 'dijelasin', 'materi', 'ngga', 'suruh', 'kerja', 'kelompok', 'nyari'];4
respon_orang_tua_terhadap_kurikulum_baru_5.csv;1.74998e+18;Wed Jan 24 07:35:47 +0000 2024;1.0;@kuuwroo sekarang modelan ngajarnya kayak gitu sih siswa dituntut aktif tapi ini mah jadi kayak kuliah harusnya mah yg sekolah wajib jangan diterapin kayak gitu kasian siswanya sekarang tempat les malah lebih baik dan lebih memberi ilmu dibanding sekolah kasian yg gak bisa les;1.75006e+18;;kuuwroo;in;;0.0;1.0;0.0;https://x.com/undefined/status/1750059808638816485;1.44055e+18;;sekarang model ngajarnya kayak begitu sih siswa tuntut aktif tapi kayak kuliah harus sekolah wajib jangan diterapin kayak begitu kasi siswa sekarang tempat les malah lebih baik lebih beri ilmu banding sekolah kasi gak bisa les;positif;['model', 'ngajarnya', 'kayak', 'sih', 'siswa', 'tuntut', 'aktif', 'kayak', 'kuliah', 'sekolah', 'wajib', 'diterapin', 'kayak', 'kasi', 'siswa', 'les', 'ilmu', 'banding', 'sekolah', 'kasi', 'gak', 'les'];0
respon_orang_tua_terhadap_kurikulum_baru_5.csv;1.74998e+18;Wed Jan 24 05:56:24 +0000 2024;0.0;@kuuwroo Iyaa waktu masih sma juga gtu tahun 2022 katanya suruh cari sendiri di internet. Karena siswa harus lebih aktif dibanding guru.;1.75003e+18;;kuuwroo;in;;0.0;0.0;0.0;https://x.com/undefined/status/1750034796296974404;1.72146e+18;;iyaa waktu masih sma gtu tahun kata suruh cari sendiri internet siswa harus lebih aktif banding guru;netral;['iyaa', 'sma', 'gtu', 'suruh', 'cari', 'internet', 'siswa', 'aktif', 'banding', 'guru'];0
respon_orang_tua_terhadap_kurikulum_baru_5.csv;1.74998e+18;Wed Jan 24 07:33:10 +0000 2024;0.0;@kuuwroo Ini karna masuk K13 ga sih? Jadi emang lebih banyak mandirinya. Btw mau nawarin jasa belajar/bedah soal mtk bareng hehe;1.75006e+18;;kuuwroo;in;;0.0;0.0;0.0;https://x.com/undefined/status/1750059150040768754;444631434.0;;karna masuk k sih emang lebih banyak mandiri btw mau nawarin jasa ajar bedah soal mtk bareng;netral;['karna', 'masuk', 'k', 'sih', 'emang', 'mandiri', 'btw', 'nawarin', 'jasa', 'ajar', 'bedah', 'mtk', 'bareng'];4
respon_orang_tua_terhadap_kurikulum_baru_6.csv;1.78849e+18;Thu May 09 11:44:08 +0000 2024;4.0;@mcitraningrum Kok aku berharap banget berbagai kenangan bersama Bapak bisa dibukukan ya mbak ;1.78854e+18;;mcitraningrum;in;;0.0;1.0;0.0;https://x.com/undefined/status/1788535421112295724;192091574.0;;aku harap sangat bagai kenang sama bapak bisa buku mbak;netral;['harap', 'kenang', 'buku', 'mbak'];0
respon_orang_tua_terhadap_kurikulum_baru_6.csv;1.78849e+18;Fri May 10 08:38:17 +0000 2024;0.0;@mcitraningrum kok kayak pernah baca tulisaan ini sebelumnya tp dmn ya;1.78885e+18;;mcitraningrum;in;;0.0;1.0;0.0;https://x.com/undefined/status/1788851038990315777;1.5657e+18;;kayak pernah baca tulisaan belum tapi dmn;netral;['kayak', 'baca', 'tulisaan', 'dmn'];4
respon_orang_tua_terhadap_kurikulum_baru_6.csv;1.78849e+18;Thu May 09 09:18:46 +0000 2024;20.0;@mcitraningrum Banyak orang hanya melihat privilege orang lain tanpa menyadari privilege diri sendiri;1.7885e+18;;mcitraningrum;in;;0.0;0.0;2.0;https://x.com/undefined/status/1788498837117821084;58405028.0;;banyak orang hanya lihat privilege orang lain tanpa sadar privilege diri sendiri;netral;['orang', 'lihat', 'privilege', 'orang', 'sadar', 'privilege'];4
respon_orang_tua_terhadap_kurikulum_baru_6.csv;1.78849e+18;Thu May 09 11:21:32 +0000 2024;15.0;@mcitraningrum Privilege yg saya punya karena ada ayah yg kerjanya supir selalu kelimpahan majalah buku2 dan koran2 bekas yg bagus2 eks bacaan penumpang. Referensi saya terhadap pelajaran situasi ekonomi nasional dan tren bisnis pun luas untuk anak yg masih kecil. Privilese itu bisa dimana2;1.78853e+18;;mcitraningrum;in;;0.0;0.0;1.0;https://x.com/undefined/status/1788529732738584718;405444458.0;;privilege saya punya ada ayah kerja supir selalu limpah majalah buku koran bekas bagus eks baca tumpang referensi saya hadap ajar situasi ekonomi nasional tren bisnis luas anak masih kecil privilese bisa mana;positif;['privilege', 'ayah', 'kerja', 'supir', 'limpah', 'majalah', 'buku', 'koran', 'bekas', 'bagus', 'eks', 'baca', 'tumpang', 'referensi', 'hadap', 'ajar', 'situasi', 'ekonomi', 'nasional', 'tren', 'bisnis', 'luas', 'anak', 'privilese'];1
respon_orang_tua_terhadap_kurikulum_baru_6.csv;1.78849e+18;Thu May 09 11:12:08 +0000 2024;8.0;@mcitraningrum betul Mbak. hal serupa saya alami pun pesan serupa dari almarhum Bapak. pramila Bapak justru mbirak (menyuruh) anaknya untuk ngglidhig dolan srawung dg siapa saja agar belarasa empati dg kawan-kawan lain yg boleh jadi tak seberuntung kita.;1.78853e+18;;mcitraningrum;in;;0.0;0.0;1.0;https://x.com/undefined/status/1788527369634103764;239198179.0;;betul mbak hal rupa saya alami pesan rupa almarhum bapak pramila bapak justru mbirak suruh anak ngglidhig dolan srawung siapa agar belarasa empati kawan kawan lain boleh tak untung kita;netral;['mbak', 'rupa', 'alami', 'pesan', 'rupa', 'almarhum', 'pramila', 'mbirak', 'suruh', 'anak', 'ngglidhig', 'dolan', 'srawung', 'belarasa', 'empati', 'kawan', 'kawan', 'untung'];4
respon_orang_tua_terhadap_kurikulum_baru_6.csv;1.78849e+18;Thu May 09 15:11:23 +0000 2024;6.0;@mcitraningrum Previlege sy dulu pas kecil bapak selalu menemani sy belajar selalu mendoakan meskipun beliau buta huruf.tapi beliau yg selalu menemani membuat sy semangat;1.78859e+18;;mcitraningrum;in;;0.0;0.0;1.0;https://x.com/undefined/status/1788587578461135166;74693259.0;;previlege sy dulu pas kecil bapak selalu tani sy ajar selalu doa meski beliau buta huruf tapi beliau selalu tani buat sy semangat;netral;['previlege', 'sy', 'pas', 'tani', 'sy', 'ajar', 'doa', 'beliau', 'buta', 'huruf', 'beliau', 'tani', 'sy', 'semangat'];1
respon_orang_tua_terhadap_kurikulum_baru_6.csv;1.78849e+18;Thu May 09 21:29:37 +0000 2024;5.0;@mcitraningrum Privilege memiliki orang tua yg berpandangan seperti Bapak nya ini adalah privilege diatas privilege.;1.78868e+18;;mcitraningrum;in;;0.0;0.0;0.0;https://x.com/undefined/status/1788682763870035982;1722378254.0;;privilege milik orang tua pandang seperti bapak privilege atas privilege;netral;['privilege', 'milik', 'orang', 'tua', 'pandang', 'privilege', 'privilege'];4
respon_orang_tua_terhadap_kurikulum_baru_6.csv;1.78849e+18;Fri May 10 03:17:06 +0000 2024;1.0;@mcitraningrum Boleh aku memaknai (yg mgkin) berbeda terkait pendidikan di balik pesan pengalaman anda? Begini: selayaknya semua anak mendapatkan pendidikan dan faktor2 pendukung atau akses yg setara. Sebelumnya terimakasih untuk refleksi ini.;1.78877e+18;;mcitraningrum;in;;0.0;0.0;0.0;https://x.com/undefined/status/1788770211916845366;1.25107e+18;;boleh aku makna mgkin beda kait didik balik pesan alam anda begini layak semua anak dapat didik faktor dukung akses tara belum terimakasih refleksi;netral;['makna', 'mgkin', 'beda', 'kait', 'didik', 'pesan', 'alam', 'layak', 'anak', 'didik', 'faktor', 'dukung', 'akses', 'tara', 'terimakasih', 'refleksi'];1
respon_orang_tua_terhadap_kurikulum_baru_8.csv;1.85015e+18;Sun Oct 27 02:06:13 +0000 2024;0.0;@AghaarXx Tegas bukan keras;1.85036e+18;;AghaarXx;in;;0.0;0.0;0.0;https://x.com/undefined/status/1850358308525465941;1.63384e+18;;tegas bukan keras;netral;['keras'];1
respon_orang_tua_terhadap_kurikulum_baru_8.csv;1.85015e+18;Sun Oct 27 05:57:42 +0000 2024;0.0;@AghaarXx Keras tegas dan ketat juga berbeda.maksud kadam disini ini orang tua keras mendirikan anak tidak semenana keras semata tampa aturan di isi kadam sampaikan mendidik dengan keras dan ada catatannya. InsyaAllah pasti pahamlah maksudnya kadam;1.85042e+18;;AghaarXx;in;;0.0;0.0;0.0;https://x.com/undefined/status/1850416562949505109;1.66912e+18;;keras tegas ketat beda maksud kadam sini orang tua keras diri anak semenana keras semata tampa atur isi kadam sampai didik keras ada catat insyaallah pasti paham maksud kadam;netral;['keras', 'ketat', 'beda', 'maksud', 'kadam', 'orang', 'tua', 'keras', 'anak', 'semenana', 'keras', 'tampa', 'atur', 'isi', 'kadam', 'didik', 'keras', 'catat', 'insyaallah', 'paham', 'maksud', 'kadam'];1
respon_orang_tua_terhadap_kurikulum_baru_8.csv;1.85015e+18;Sun Oct 27 11:56:08 +0000 2024;0.0;@AghaarXx bro just explain how gentle parenting works. kalo sistem lembut yang dimksd adlh gentle parenting u should know kalau menjadi gentle bukan berarti membiarkan anak dan menuruti semua kehendak anak. gentle parenting juga tegas dan disiplin kok. poin diatas juga termasuk. cmiiw.;1.85051e+18;;AghaarXx;in;;0.0;0.0;0.0;https://x.com/undefined/status/1850506767878291896;1.26457e+18;;bro just explain how gentle parenting works kalo sistem lembut dimksd adlh gentle parenting u should know kalau jadi gentle bukan arti biar anak turut semua hendak anak gentle parenting tegas disiplin poin atas masuk cmiiw;positif;['bro', 'just', 'explain', 'how', 'gentle', 'parenting', 'works', 'kalo', 'sistem', 'lembut', 'dimksd', 'adlh', 'gentle', 'parenting', 'u', 'should', 'know', 'gentle', 'arti', 'biar', 'anak', 'anak', 'gentle', 'parenting', 'disiplin', 'poin', 'masuk', 'cmiiw'];1
respon_orang_tua_terhadap_kurikulum_baru_8.csv;1.85015e+18;Sun Oct 27 12:21:51 +0000 2024;0.0;@AghaarXx Saya tadi barusan belajar di asrama ada kajian kitab Adabul Mufrod dan ada yang bertanya tentang mendidik anak dan beliau ada nahasa juga Mendidik anak itu dengan keras tidaklah salah hanya saja harus di tempatkan di tempat yang tepat ;1.85051e+18;;AghaarXx;in;;0.0;0.0;0.0;https://x.com/undefined/status/1850513237122662582;1.66912e+18;;saya tadi barusan ajar asrama ada kaji kitab adabul mufrod ada tanya tentang didik anak beliau ada nahasa didik anak keras tidak salah hanya harus tempat tempat tepat;negatif;['barusan', 'ajar', 'asrama', 'kaji', 'kitab', 'adabul', 'mufrod', 'didik', 'anak', 'beliau', 'nahasa', 'didik', 'anak', 'keras', 'salah'];1
respon_orang_tua_terhadap_kurikulum_baru_9.csv;1.24788e+18;Wed Apr 08 14:17:48 +0000 2020;2.0;@mrshananto Setujuuuuu sangaaaaat!!! Ortu repot? Yaiyalah. Guru apalagi . Sukur2 anak2 msh bs sekolah di situasi darurat gini ;1.24789e+18;;mrshananto;in;;0.0;2.0;1.0;https://x.com/undefined/status/1247891397979459584;64127840.0;;tuju sangat ortu repot yaiyalah guru apalagi sukur anak msh bs sekolah situasi darurat gin;netral;['tuju', 'ortu', 'repot', 'yaiyalah', 'guru', 'sukur', 'anak', 'msh', 'bs', 'sekolah', 'situasi', 'darurat', 'gin'];2
respon_orang_tua_terhadap_kurikulum_baru_9.csv;1.24788e+18;Wed Apr 08 13:44:23 +0000 2020;2.0;@mrshananto Di group ortu kami saling menguatkan. Kadang memang ada ortu yg lost in translation tapi salut aja ga malu untuk tanya2 minta pendapat ke sesama ortu jadi jg ke trigger buat semangatin satu sm lain. Ga lupa semangati miss2nya juga.;1.24788e+18;;mrshananto;in;;0.0;1.0;0.0;https://x.com/undefined/status/1247882989083607042;603252873.0;;group ortu kami saling kuat kadang memang ada ortu lost in translation tapi salut malu tanya minta dapat sama ortu trigger buat semangatin satu sm lain lupa semangat miss;netral;['group', 'ortu', 'kuat', 'kadang', 'ortu', 'lost', 'in', 'translation', 'salut', 'malu', 'ortu', 'trigger', 'semangatin', 'sm', 'lupa', 'semangat', 'miss'];4
respon_orang_tua_terhadap_kurikulum_baru_9.csv;1.24788e+18;Wed Apr 08 13:36:31 +0000 2020;1.0;@mrshananto kmaren komenin updatean igg gosip yg upload chat buibu marah2 sama guru gegara pr. aku blg kalo emang ga ngerti bisa Tanya baik2 eh malah aku dibashing di bilang ga tau rasanya punya anak stress lah. dikata gurunya ga stress apa. bukan alasan buat jadi kasar sama orang;1.24788e+18;;mrshananto;in;;0.0;1.0;0.0;https://x.com/undefined/status/1247881010173231105;63963504.0;;kmaren komenin updatean igg gosip upload chat buibu marah sama guru gegara pr aku blg kalo emang ngerti bisa tanya baik eh malah aku dibashing bilang tau rasa punya anak stress kata guru stress bukan alas buat kasar sama orang;netral;['kmaren', 'komenin', 'updatean', 'igg', 'gosip', 'upload', 'chat', 'buibu', 'marah', 'guru', 'gegara', 'pr', 'blg', 'kalo', 'emang', 'ngerti', 'eh', 'dibashing', 'bilang', 'tau', 'anak', 'stress', 'guru', 'stress', 'alas', 'kasar', 'orang'];3
respon_orang_tua_terhadap_kurikulum_baru_9.csv;1.24788e+18;Wed Apr 08 16:24:09 +0000 2020;0.0;@mrshananto https://t.co/hxFA3BjhCC;1.24792e+18;;mrshananto;qme;;0.0;1.0;0.0;https://x.com/undefined/status/1247923194033393665;124090988.0;;;netral;['nan'];0
respon_orang_tua_terhadap_kurikulum_baru_9.csv;1.24788e+18;Thu Apr 09 06:44:52 +0000 2020;0.0;@mrshananto SAMAAAAA GW GA RELATE SAMA SEKALI DAH SAMA YG MARAMARA ITU HIH!;1.24814e+18;;mrshananto;in;;0.0;1.0;0.0;https://x.com/undefined/status/1248139799031984129;14567197.0;;sama gw relate sama sekali sama maramara hih;netral;['gw', 'relate', 'maramara', 'hih'];3
respon_orang_tua_terhadap_kurikulum_baru_9.csv;1.24788e+18;Wed Apr 08 16:12:17 +0000 2020;5.0;@mrshananto Iya kak :( bener bgt ini. Aku guru paud inter gtw dan kita kena bnyk protes. Dibilang gak ngapa2in cuman ksh tugas doang. Padahal kerjaan malah jadi ribet dan seabrek. Sampe nangis digtwin.;1.24792e+18;;mrshananto;in;;0.0;1.0;1.0;https://x.com/undefined/status/1247920210033520642;1.01138e+18;;kak bener bgt aku guru paud inter gtw kita kena bnyk protes bilang gak ngapa in cuman ksh tugas doang padahal kerja malah ribet abrek sampe nang digtwin;negatif;['kak', 'bener', 'bgt', 'guru', 'paud', 'inter', 'gtw', 'kena', 'bnyk', 'protes', 'bilang', 'gak', 'ngapa', 'in', 'cuman', 'ksh', 'tugas', 'doang', 'kerja', 'ribet', 'abrek', 'sampe', 'nang', 'digtwin'];0
respon_orang_tua_terhadap_kurikulum_baru_9.csv;1.24788e+18;Wed Apr 08 14:28:38 +0000 2020;1.0;@mrshananto Bagi guru sekolah dasar bukan cuma ngurus anaknya tp emaknya juga harus terurus terutama mslah percurhatan ;1.24789e+18;;mrshananto;in;;0.0;1.0;1.0;https://x.com/undefined/status/1247894124792918022;84995948.0;;bagi guru sekolah dasar bukan cuma ngurus anak tapi emaknya harus urus utama mslah percurhatan;netral;['guru', 'sekolah', 'dasar', 'ngurus', 'anak', 'emaknya', 'urus', 'utama', 'mslah', 'percurhatan'];1
respon_orang_tua_terhadap_kurikulum_baru_9.csv;1.24788e+18;Wed Apr 08 16:49:37 +0000 2020;2.0;@mrshananto Ibu dan bapakku merasa bersyukur karena udah pensiun pas lagi kelas onlen2 gini. Bebas dari amukan wali murid katanya. Lah satu ortu ngurusin satu anak aja ngomel gimana guru ngadepin 20++ anak orang ;1.24793e+18;;mrshananto;in;;0.0;1.0;0.0;https://x.com/undefined/status/1247929603030519809;1.2302e+18;;ibu bapak rasa syukur pensiun pas kelas onlen gin bebas amuk wali murid kata satu ortu ngurusin satu anak ngomel gimana guru ngadepin anak orang;netral;['syukur', 'pensiun', 'pas', 'kelas', 'onlen', 'gin', 'bebas', 'amuk', 'wali', 'murid', 'ortu', 'ngurusin', 'anak', 'ngomel', 'gimana', 'guru', 'ngadepin', 'anak', 'orang'];3
respon_orang_tua_terhadap_kurikulum_baru_9.csv;1.24788e+18;Wed Apr 08 14:11:13 +0000 2020;1.0;@mrshananto Aku kalo nulis ginian di IG story pasti langsung di-kick dari WA grup Ibu-ibu sekolahan. Sampe Bu Guru japri aku seandainya buibu yang lain pengertiannya kayak sampeyan . Ga tega akutu bacanya.;1.24789e+18;;mrshananto;in;;0.0;0.0;0.0;https://x.com/undefined/status/1247889741380386816;95170350.0;;aku kalo nulis ginian ig story pasti langsung kick wa grup ibu ibu sekolah sampe bu guru japri aku anda buibu lain erti kayak sampeyan tega akutu baca;netral;['kalo', 'nulis', 'ginian', 'ig', 'story', 'langsung', 'kick', 'wa', 'grup', 'sekolah', 'sampe', 'bu', 'guru', 'japri', 'buibu', 'erti', 'kayak', 'sampeyan', 'tega', 'akutu', 'baca'];1
respon_orang_tua_terhadap_kurikulum_baru_9.csv;1.24788e+18;Wed Apr 08 14:51:03 +0000 2020;1.0;@mrshananto Bingung juga sama ortu yang marah2 emangnya mereka mau. Ribet juga kali ngajar online bukan kebiasaan hari2. Blm lagi klo gurunya sepuh gaptek ngirim link zoom aja susah. Sekalian ortu tau susahnya ngajar anak2 ;1.2479e+18;;mrshananto;in;;0.0;0.0;0.0;https://x.com/undefined/status/1247899766890975232;500643943.0;;bingung sama ortu marah emang mereka mau ribet kali ngajar online bukan biasa hari kalau guru sepuh gaptek ngirim link zoom susah sekali ortu tau susah ngajar anak;negatif;['bingung', 'ortu', 'marah', 'emang', 'ribet', 'kali', 'ngajar', 'online', 'guru', 'sepuh', 'gaptek', 'ngirim', 'link', 'zoom', 'susah', 'ortu', 'tau', 'susah', 'ngajar', 'anak'];4
respon_orang_tua_terhadap_kurikulum_baru_9.csv;1.24788e+18;Thu Apr 09 07:36:25 +0000 2020;1.0;@mrshananto Saya memberi masukan ke sekolah supaya guru juga memberikan materi entah dalam bentuk ppt audio video atau resume materi baru diberi tugas. Semoga ini bukan ngomel ya.;1.24815e+18;;mrshananto;in;;0.0;0.0;0.0;https://x.com/undefined/status/1248152774023319554;41945320.0;;saya beri masuk sekolah supaya guru beri materi entah dalam bentuk ppt audio video resume materi baru beri tugas moga bukan ngomel;netral;['masuk', 'sekolah', 'guru', 'materi', 'bentuk', 'ppt', 'audio', 'video', 'resume', 'materi', 'tugas', 'moga', 'ngomel'];2
respon_orang_tua_terhadap_kurikulum_baru_9.csv;1.24788e+18;Thu Apr 09 12:04:16 +0000 2020;1.0;@mrshananto Kalo tingkat mahasiswa memungkin kan belajar dengan sistem online. Tapi untuk tingkat dibawah nya Saya cukup kewalah memberi materi via website apalagi untuk mapel eksak blm lagi wali murid Ada yg bilang guru gaji buta sedih teh padahal mah ;1.24822e+18;;mrshananto;in;;0.0;0.0;0.0;https://x.com/undefined/status/1248220179466612736;2229820526.0;;kalo tingkat mahasiswa mungkin ajar sistem online tapi tingkat bawah saya cukup walah beri materi via website apalagi mapel eksak wali murid ada bilang guru gaji buta sedih teh padahal;netral;['kalo', 'tingkat', 'mahasiswa', 'ajar', 'sistem', 'online', 'tingkat', 'walah', 'materi', 'via', 'website', 'mapel', 'eksak', 'wali', 'murid', 'bilang', 'guru', 'gaji', 'buta', 'sedih', 'teh'];3
respon_orang_tua_terhadap_kurikulum_baru_9.csv;1.24788e+18;Wed Apr 08 14:54:05 +0000 2020;0.0;@mrshananto Iya teh.. gue kdang mau komen YA WAYAHNA ATUUH... tapi galakkan mereka..;1.2479e+18;;mrshananto;in;;0.0;0.0;0.0;https://x.com/undefined/status/1247900529348374529;87955226.0;;teh saya kdang mau komen wayahna atuuh tapi galak mereka;netral;['teh', 'kdang', 'komen', 'wayahna', 'atuuh', 'galak'];1
respon_orang_tua_terhadap_kurikulum_baru_9.csv;1.24788e+18;Wed Apr 08 23:39:49 +0000 2020;0.0;@mrshananto Kalo sekolahnya selama sebulan gak ada online sama sekali gimana mba. Semua dikasih lewat WA baik materi video n tugas.;1.24803e+18;;mrshananto;in;;0.0;0.0;0.0;https://x.com/undefined/status/1248032834410803201;1.14583e+18;;kalo sekolah lama bulan gak ada online sama sekali gimana mba semua kasih lewat wa baik materi video n tugas;positif;['kalo', 'sekolah', 'gak', 'online', 'gimana', 'mba', 'kasih', 'wa', 'materi', 'video', 'n', 'tugas'];1
respon_orang_tua_terhadap_kurikulum_baru_9.csv;1.24788e+18;Thu Apr 09 03:24:08 +0000 2020;0.0;@mrshananto Mamaku guru agama pegang 6 kelas. Thn depan udah mau pensiun ngerasain banget sulitnya sekolah online gini teh. Guru dirumah juga luar biasa repotnya. Ngecek tugas murid dan administrasinya juga ribet. Klo disekolah sekali bicara 1kls denger ini harus pegang hp seharian.;1.24809e+18;;mrshananto;in;;0.0;0.0;0.0;https://x.com/undefined/status/1248089284323602433;133919962.0;;mama guru agama pegang kelas thn depan mau pensiun ngerasain sangat sulit sekolah online gin teh guru rumah luar biasa repot ngecek tugas murid administrasi ribet kalau seko sekali bicara kls denger harus pegang hp hari;negatif;['mama', 'guru', 'agama', 'pegang', 'kelas', 'thn', 'pensiun', 'ngerasain', 'sulit', 'sekolah', 'online', 'gin', 'teh', 'guru', 'rumah', 'repot', 'ngecek', 'tugas', 'murid', 'administrasi', 'ribet', 'seko', 'bicara', 'kls', 'denger', 'pegang', 'hp'];1
respon_orang_tua_terhadap_kurikulum_baru_9.csv;1.24788e+18;Thu Apr 09 03:46:34 +0000 2020;0.0;@mrshananto Sekolah anaknya Teteh international schl ya? Pake https://t.co/3ROBppmVzK nulis pesannya.;1.24809e+18;;mrshananto;in;;0.0;0.0;0.0;https://x.com/undefined/status/1248094929194119168;420869135.0;;sekolah anak teteh international schl pake nulis pesan;netral;['sekolah', 'anak', 'teteh', 'international', 'schl', 'pake', 'nulis', 'pesan'];4
respon_orang_tua_terhadap_kurikulum_baru_9.csv;1.24788e+18;Thu Apr 09 05:29:14 +0000 2020;0.0;@mrshananto @Ikkeynes Hmmm Ki ini juga pembahasan yg seru banget niih karna Latifah disini ngerasain posisi jadi guru udah mau 8 bulan dan yah bener disaat kondisi kayak gini kerja sama ortu dan guru penting banget gk bisa asal salah?hin tanggung jawab siapa karna sama? tanggung jawab;1.24812e+18;;mrshananto;in;;0.0;1.0;0.0;https://x.com/undefined/status/1248120767805444096;503241515.0;;hm ki bahas seru sangat niih karna latifah sini ngerasain posisi guru mau bulan yah bener saat kondisi kayak gin kerja sama ortu guru penting sangat bisa asal salah hin tanggung jawab siapa karna sama tanggung jawab;negatif;['hm', 'ki', 'bahas', 'seru', 'niih', 'karna', 'latifah', 'ngerasain', 'posisi', 'guru', 'yah', 'bener', 'kondisi', 'kayak', 'gin', 'kerja', 'ortu', 'guru', 'salah', 'hin', 'tanggung', 'karna', 'tanggung'];2
respon_orang_tua_terhadap_kurikulum_baru_9.csv;1.24788e+18;Thu Apr 09 06:05:25 +0000 2020;0.0;@mrshananto Nice tweet teh!;1.24813e+18;;mrshananto;tl;;0.0;0.0;0.0;https://x.com/undefined/status/1248129872842510339;320062701.0;;nice tweet teh;netral;['nice', 'tweet', 'teh'];1
respon_orang_tua_terhadap_kurikulum_baru_9.csv;1.24788e+18;Thu Apr 09 07:19:07 +0000 2020;0.0;@mrshananto Dapat diskon 15% utk spp bulan ini ga usah marah2 seharusnya sik ya :)));1.24815e+18;;mrshananto;in;;0.0;0.0;0.0;https://x.com/undefined/status/1248148418700042241;232445698.0;;dapat diskon utk spp bulan usah marah harus sik;netral;['diskon', 'utk', 'spp', 'marah', 'sik'];3
respon_orang_tua_terhadap_kurikulum_baru_9.csv;1.24788e+18;Thu Apr 09 11:41:31 +0000 2020;0.0;@mrshananto @byalalala;1.24821e+18;;mrshananto;qam;;0.0;1.0;0.0;https://x.com/undefined/status/1248214453704773632;1251983185.0;;;netral;['nan'];0
tantangan_guru_kurikulum_1.csv;1.52646e+18;Tue May 17 10:11:51 +0000 2022;3.0;@rahmatsn Cocok ketua kedua ortu saya guru SD. 4 org kakak saya sekolahnya kelar semua. Petani terbantu dgn KUD. Btw Era Pk Harto udah kuliah bah jadi segan kali awak. Sering ngeledekin pula.;1.52651e+18;;rahmatsn;in;;0.0;2.0;0.0;https://x.com/undefined/status/1526505770262863873;9.46072e+17;;cocok ketua dua ortu saya guru sd org kakak saya sekolah kelar semua tani bantu kud btw era pk harto kuliah bah segan kali awak sering ngeledekin pula;netral;['cocok', 'ketua', 'ortu', 'guru', 'sd', 'org', 'kakak', 'sekolah', 'kelar', 'tani', 'bantu', 'kud', 'btw', 'era', 'pk', 'harto', 'kuliah', 'bah', 'segan', 'kali', 'awak', 'ngeledekin'];1
tantangan_guru_kurikulum_1.csv;1.52646e+18;Tue May 17 08:18:37 +0000 2022;2.0;@rahmatsn @TongSate Kayanya dia menderita banget mungkin keluarganya termasuk yg dibatasi krn terlibat G30S makanya hidupnya susah ;1.52648e+18;;rahmatsn;in;;0.0;0.0;1.0;https://x.com/undefined/status/1526477274262171648;131829664.0;;kaya dia derita sangat mungkin keluarga masuk batas krn libat g s makanya hidup susah;netral;['kaya', 'derita', 'keluarga', 'masuk', 'batas', 'krn', 'libat', 'g', 's', 'hidup', 'susah'];1
tantangan_guru_kurikulum_1.csv;1.52646e+18;Tue May 17 08:14:04 +0000 2022;1.0;@rahmatsn Pertanyaan orang kufur nikmat ya begonoh bang;1.52648e+18;;rahmatsn;in;;0.0;0.0;0.0;https://x.com/undefined/status/1526476128059535360;1.10755e+18;;tanya orang kufur nikmat begonoh bang;netral;['orang', 'kufur', 'nikmat', 'begonoh', 'bang'];3
tantangan_guru_kurikulum_1.csv;1.52646e+18;Wed May 18 08:26:00 +0000 2022;1.0;@rahmatsn @BERKARYA_NET Masuk kuliah cm bayar 250rb termasuk jas almamater plus jas praktikum. Anak kami sekarang bayar 5jt/semester.;1.52684e+18;;rahmatsn;in;;0.0;0.0;0.0;https://x.com/undefined/status/1526841520284127233;1.37799e+18;;masuk kuliah cm bayar rb masuk jas almamater plus jas praktikum anak kami sekarang bayar jt semester;netral;['masuk', 'kuliah', 'cm', 'bayar', 'rb', 'masuk', 'jas', 'almamater', 'plus', 'jas', 'praktikum', 'anak', 'bayar', 'jt', 'semester'];4
tantangan_guru_kurikulum_1.csv;1.52646e+18;Tue May 17 11:49:18 +0000 2022;0.0;@rahmatsn seprtinya si eson emang bakat orang susah.;1.52653e+18;;rahmatsn;in;;0.0;0.0;0.0;https://x.com/undefined/status/1526530296538992640;40159779.0;;seprtinya eson emang bakat orang susah;netral;['seprtinya', 'eson', 'emang', 'bakat', 'orang', 'susah'];4
tantangan_guru_kurikulum_1.csv;1.52646e+18;Wed May 18 22:06:23 +0000 2022;0.0;@rahmatsn @imbangimedia Sy berempat bersaudara sarjana semua Krn biaya kuliah murah di era p harto beda dgn jaman Kuya eson semua serba mahal baik PTN maupun PTS;1.52705e+18;;rahmatsn;in;;0.0;1.0;0.0;https://x.com/undefined/status/1527047978296688640;1.4978e+18;;sy empat saudara sarjana semua krn biaya kuliah murah era p harto beda jaman kuya eson semua serba mahal baik ptn maupun pts;positif;['sy', 'saudara', 'sarjana', 'krn', 'biaya', 'kuliah', 'murah', 'era', 'p', 'harto', 'beda', 'jaman', 'kuya', 'eson', 'serba', 'mahal', 'ptn', 'pts'];2
tantangan_guru_kurikulum_1.csv;1.52646e+18;Sun May 22 07:00:22 +0000 2022;0.0;@rahmatsn @BERKARYA_NET Orderx baru sy bisa merasakan sekolah gratis bahan dpt fasilitas dr ujung rambut smpe ujung kaki smua gratis faham skrg jilat tu pantat...;1.52827e+18;;rahmatsn;in;;0.0;0.0;0.0;https://x.com/undefined/status/1528269520267530241;1.08337e+18;;orderx baru sy bisa rasa sekolah gratis bahan dpt fasilitas ujung rambut smpe ujung kaki smua gratis faham skrg jilat tu pantat;netral;['orderx', 'sy', 'sekolah', 'gratis', 'bahan', 'dpt', 'fasilitas', 'ujung', 'rambut', 'smpe', 'ujung', 'kaki', 'smua', 'gratis', 'faham', 'skrg', 'jilat', 'tu', 'pantat'];3
tantangan_guru_kurikulum_10.csv;1.84822e+18;Mon Oct 21 06:43:20 +0000 2024;110.0;@elisa_jkt kalau gak salah sekolah ada penilaian dimana kalau anak didik gak naik kelas / lulus jadi nilai bruk sekolah guru gak bisa negur / kasih hukuman ortu sekarang anak nya dihukum (walau bkn fisik) malah membela. kombinasi yang sempurna.;1.84825e+18;;Hasta__Asta;in;;1.0;5.0;7.0;https://x.com/undefined/status/1848253720905347328;1497759392.0;;kalau gak salah sekolah ada nilai mana kalau anak didik gak naik kelas lulus nilai bruk sekolah guru gak bisa negur kasih hukum ortu sekarang anak hukum walau bkn fisik malah bela kombinasi sempurna;netral;['gak', 'salah', 'sekolah', 'nilai', 'anak', 'didik', 'gak', 'kelas', 'lulus', 'nilai', 'bruk', 'sekolah', 'guru', 'gak', 'negur', 'kasih', 'hukum', 'ortu', 'anak', 'hukum', 'bkn', 'fisik', 'bela', 'kombinasi', 'sempurna'];0
tantangan_guru_kurikulum_10.csv;1.84822e+18;Mon Oct 21 10:43:03 +0000 2024;42.0;@Hasta__Asta @elisa_jkt Ank kls 7 aj msih ada yg gk hafal perkalian pembagian angka 2 pdhl Pdhl dlu zamanku kls 2 udh wajib bisa perkalian. Tiap hari mencongak skrg mana ada mencongak? ;1.84831e+18;;Hasta__Asta;in;;2.0;6.0;0.0;https://x.com/undefined/status/1848314047701328285;3813883572.0;;ank kls aj msih ada hafal kali bagi angka pdhl pdhl dlu zaman kls udh wajib bisa kali tiap hari congak skrg mana ada congak;netral;['ank', 'kls', 'aj', 'msih', 'hafal', 'kali', 'angka', 'pdhl', 'pdhl', 'dlu', 'zaman', 'kls', 'udh', 'wajib', 'kali', 'congak', 'skrg', 'congak'];2
tantangan_guru_kurikulum_10.csv;1.84822e+18;Mon Oct 21 09:41:40 +0000 2024;14.0;@Hasta__Asta @elisa_jkt aku juga guru les sempet kaget anaknya nggak bisa perkalian padahal kelas 2 SMP untungnya mereka semangat belajar pas sm aku harus dibikin fun tp ttp teges jadi sekarang udh bisa. cuman ya gitu dr seminggu sekali les sampe 3 kali seminggu minimal;1.8483e+18;;Hasta__Asta;in;;0.0;1.0;1.0;https://x.com/undefined/status/1848298597747663166;1.63194e+18;;aku guru les sempet kaget anak nggak bisa kali padahal kelas smp untung mereka semangat ajar pas sm aku harus bikin fun tapi ttp teges sekarang udh bisa cuman begitu minggu sekali les sampe kali minggu minimal;netral;['guru', 'les', 'sempet', 'kaget', 'anak', 'nggak', 'kali', 'kelas', 'smp', 'untung', 'semangat', 'ajar', 'pas', 'sm', 'bikin', 'fun', 'ttp', 'teges', 'udh', 'cuman', 'minggu', 'les', 'sampe', 'kali', 'minggu', 'minimal'];0
tantangan_guru_kurikulum_10.csv;1.84822e+18;Wed Oct 23 03:04:29 +0000 2024;0.0;@Hasta__Asta @elisa_jkt Dulu aku sd kelas 3 udh belajar perkalian deh Setiap hari test perkalian setiap mau pulang kalo ga bisa yaa lama pulangnya wkwk;1.84892e+18;;Hasta__Asta;in;;0.0;1.0;0.0;https://x.com/undefined/status/1848923420677091837;1.19861e+18;;dulu aku sd kelas udh ajar kali tiap hari test kali tiap mau pulang kalo bisa yaa lama pulang;netral;['sd', 'kelas', 'udh', 'ajar', 'kali', 'test', 'kali', 'pulang', 'kalo', 'yaa', 'pulang'];1
tantangan_guru_kurikulum_10.csv;1.84822e+18;Mon Oct 21 11:31:07 +0000 2024;3.0;@Hasta__Asta @elisa_jkt Ini bener bnget. Aku ngelesi anak klas 8 aja kesusahan perkalian apalagi pembagian. Misal hari ini materi ini besok diulangi lupa. Yg sd juga banyak klas 4 baca blom lancar hitung apalagi. Miris liatnya krn dulu aku ada temen gk bisa baca tinggal klas pas klas 2;1.84833e+18;;Hasta__Asta;in;;0.0;0.0;1.0;https://x.com/undefined/status/1848326145042948368;1.26143e+18;;bener bnget aku ngelesi anak klas susah kali apalagi bagi misal hari materi besok ulang lupa sd banyak klas baca blom lancar hitung apalagi miris liat krn dulu aku ada temen bisa baca tinggal klas pas klas;positif;['bener', 'bnget', 'ngelesi', 'anak', 'klas', 'susah', 'kali', 'materi', 'besok', 'ulang', 'lupa', 'sd', 'klas', 'baca', 'blom', 'lancar', 'hitung', 'miris', 'liat', 'krn', 'temen', 'baca', 'tinggal', 'klas', 'pas', 'klas'];1
tantangan_guru_kurikulum_10.csv;1.84822e+18;Mon Oct 21 09:54:37 +0000 2024;2.0;@Hasta__Asta @elisa_jkt cerita dari guru les adekku yg tk kalau anak2 sekarang bener2 kaya gapaham pelajaran sendiri. Dibolehin bawa pr ke tempat les eh malah sengaja ga ngerjain sampe udh tinggal sejam masuk sekolah dan bukan jadwal dia les tuh dateng ka ke tempat lesnya minta dikerjakan prnya!;1.8483e+18;;Hasta__Asta;in;;0.0;0.0;1.0;https://x.com/undefined/status/1848301859808964672;9.93772e+17;;cerita guru les adekku tk kalau anak sekarang bener kaya gapaham ajar sendiri dibolehin bawa pr tempat les eh malah sengaja ngerjain sampe udh tinggal jam masuk sekolah bukan jadwal dia les tuh dateng ka tempat les minta kerja prnya;netral;['cerita', 'guru', 'les', 'adekku', 'tk', 'anak', 'bener', 'kaya', 'gapaham', 'ajar', 'dibolehin', 'bawa', 'pr', 'les', 'eh', 'sengaja', 'ngerjain', 'sampe', 'udh', 'tinggal', 'jam', 'masuk', 'sekolah', 'jadwal', 'les', 'tuh', 'dateng', 'ka', 'les', 'kerja', 'prnya'];1
tantangan_guru_kurikulum_10.csv;1.84822e+18;Mon Oct 21 10:45:29 +0000 2024;1.0;@Hasta__Asta @elisa_jkt Aku juga guru les murid aku kelas 6sd gak hapal2 perkalian. Padahal udah aku suruh hafalin berkali2 pas hari hafalin sih hafal tp pas besoknya udah lupa lagi. hafalin perkalian aja ga apal2 apalagi rumus bangun2 gereget bgt rasanya mo nangis.. susah bgt bocah jaman sekarang ;1.84831e+18;;Hasta__Asta;in;;0.0;2.0;1.0;https://x.com/undefined/status/1848314659096633459;1.19679e+18;;aku guru les murid aku kelas sd gak hapal kali padahal aku suruh hafalin kali pas hari hafalin sih hafal tapi pas besok lupa hafalin kali apal apalagi rumus bangun gereget bgt rasa mo nang susah bgt bocah jaman sekarang;netral;['guru', 'les', 'murid', 'kelas', 'sd', 'gak', 'hapal', 'kali', 'suruh', 'hafalin', 'kali', 'pas', 'hafalin', 'sih', 'hafal', 'pas', 'besok', 'lupa', 'hafalin', 'kali', 'apal', 'rumus', 'bangun', 'gereget', 'bgt', 'mo', 'nang', 'susah', 'bgt', 'bocah', 'jaman'];0
tantangan_guru_kurikulum_10.csv;1.84822e+18;Mon Oct 21 12:26:47 +0000 2024;1.0;@Hasta__Asta @elisa_jkt saya juga ngajar les kelas 6 faktanya emg banyak siswa yg blm hapal perkalian/gabisa ngerjain soal pembagian;1.84834e+18;;Hasta__Asta;in;;0.0;0.0;1.0;https://x.com/undefined/status/1848340153431146895;1.2659e+18;;saya ngajar les kelas fakta emg banyak siswa hapal kali gabisa ngerjain soal bagi;netral;['ngajar', 'les', 'kelas', 'fakta', 'emg', 'siswa', 'hapal', 'kali', 'gabisa', 'ngerjain'];4
tantangan_guru_kurikulum_10.csv;1.84822e+18;Mon Oct 21 14:17:52 +0000 2024;1.0;@Hasta__Asta @elisa_jkt Aku guru Les fisika pusing bgt hrs ajarin basic math pecahan pindah ruas perkalian pdhl harusnya tinggal jelasin fisikanya aja ;1.84837e+18;;Hasta__Asta;in;;0.0;1.0;1.0;https://x.com/undefined/status/1848368107955593450;73162065.0;;aku guru les fisika pusing bgt hrs ajarin basic math pecah pindah ruas kali pdhl harus tinggal jelasin fisika;netral;['guru', 'les', 'fisika', 'pusing', 'bgt', 'hrs', 'ajarin', 'basic', 'math', 'pecah', 'pindah', 'ruas', 'kali', 'pdhl', 'tinggal', 'jelasin', 'fisika'];4
tantangan_guru_kurikulum_10.csv;1.84822e+18;Mon Oct 21 10:40:58 +0000 2024;1.0;@Hasta__Asta @elisa_jkt Sodara sepupu suamiku kelas 4sd gak bisa nyebutin urutan bulan dari januari-desember;1.84831e+18;;Hasta__Asta;in;;0.0;1.0;0.0;https://x.com/undefined/status/1848313521601454565;1.6076e+18;;sodara sepupu suami kelas sd gak bisa nyebutin urut bulan januari desember;netral;['sodara', 'sepupu', 'suami', 'kelas', 'sd', 'gak', 'nyebutin', 'urut', 'januari', 'desember'];2
tantangan_guru_kurikulum_10.csv;1.84822e+18;Mon Oct 21 13:53:19 +0000 2024;1.0;@Hasta__Asta @elisa_jkt ka ini benerr aku ikut kampus mengajar d sd. anak2nya pada ga bisa pertambahan apalagi perkalian. ini aku masih ngajar d daerah kota bandung apalagi yg d pelosok2 gimana susahnyaaa.. miris bgt liat pendidikan skrgg;1.84836e+18;;Hasta__Asta;in;;0.0;0.0;0.0;https://x.com/undefined/status/1848361929594765355;1.61601e+18;;ka benerr aku ikut kampus ajar d sd anak bisa tambah apalagi kali aku masih ngajar d daerah kota bandung apalagi d pelosok gimana susah miris bgt liat didik skrgg;netral;['ka', 'benerr', 'kampus', 'ajar', 'd', 'sd', 'anak', 'kali', 'ngajar', 'd', 'daerah', 'kota', 'bandung', 'd', 'pelosok', 'gimana', 'susah', 'miris', 'bgt', 'liat', 'didik', 'skrgg'];1
tantangan_guru_kurikulum_10.csv;1.84822e+18;Tue Oct 22 10:11:45 +0000 2024;1.0;@Hasta__Asta @elisa_jkt Bukan gagal kak tapi emang kurikulum nadiem belum pantas untuk diterapkan di Indo dengan SDM yg seperti ini. Sedangkan di luar kurikulum seperti ini bagus karena SDM yg mumpuni. Ga bisa nyalahin guru full tapi peran ortu penting juga skrg apalagi pengaruh teknologi;1.84867e+18;;Hasta__Asta;in;;0.0;0.0;0.0;https://x.com/undefined/status/1848668558953447793;1.4304e+18;;bukan gagal kak tapi emang kurikulum nadiem pantas terap indo sdm seperti sedang luar kurikulum seperti bagus sdm mumpuni bisa nyalahin guru full tapi peran ortu penting skrg apalagi pengaruh teknologi;netral;['gagal', 'kak', 'emang', 'kurikulum', 'nadiem', 'terap', 'indo', 'sdm', 'kurikulum', 'bagus', 'sdm', 'mumpuni', 'nyalahin', 'guru', 'full', 'peran', 'ortu', 'skrg', 'pengaruh', 'teknologi'];0
tantangan_guru_kurikulum_10.csv;1.84822e+18;Mon Oct 21 07:26:05 +0000 2024;0.0;@Hasta__Asta @elisa_jkt istiqfar T_________________T serem amaaattttt;1.84826e+18;;Hasta__Asta;en;;0.0;0.0;0.0;https://x.com/undefined/status/1848264477374124072;36536604.0;;istiqfar t t rem amat;netral;['istiqfar', 't', 't', 'rem'];3
tantangan_guru_kurikulum_10.csv;1.84822e+18;Mon Oct 21 09:14:05 +0000 2024;0.0;@Hasta__Asta @elisa_jkt Hoax..;1.84829e+18;;Hasta__Asta;es;;0.0;3.0;0.0;https://x.com/undefined/status/1848291657407660197;1.54028e+18;;hoax;netral;['hoax'];3
tantangan_guru_kurikulum_10.csv;1.84822e+18;Mon Oct 21 09:19:25 +0000 2024;0.0;@Hasta__Asta @elisa_jkt Salah satu anak gw punn ada yg blom bisa pembagiann dan ga hapal perkalian miriss bgtt ya Allahh mau ngajarin ke hal lain pun mandegg karena yg paling dasarnya blum bisa semangattt para side jobnya guru les ;1.84829e+18;;Hasta__Asta;in;;0.0;0.0;0.0;https://x.com/undefined/status/1848292999215849759;1.25395e+18;;salah satu anak gw punn ada blom bisa pembagiann hapal kali miriss bgtt allahh mau ngajarin hal lain mandegg paling dasar blum bisa semangat para side jobnya guru les;negatif;['salah', 'anak', 'gw', 'punn', 'blom', 'pembagiann', 'hapal', 'kali', 'miriss', 'bgtt', 'allahh', 'ngajarin', 'mandegg', 'dasar', 'blum', 'semangat', 'side', 'jobnya', 'guru', 'les'];1
tantangan_guru_kurikulum_10.csv;1.84822e+18;Mon Oct 21 09:46:29 +0000 2024;0.0;@Hasta__Asta @elisa_jkt aku juga guru les dapet murid kelas 1 belum bisa baca dan tulis jadinya buku catatan ngga pernah lengkap selalu ketinggalan di sekolah mana sekarang sekolah negeri ga dapet lks jadinya agak susah ngajarinnya;1.8483e+18;;Hasta__Asta;in;;0.0;1.0;0.0;https://x.com/undefined/status/1848299810862018638;4915761818.0;;aku guru les dapet murid kelas bisa baca tulis jadi buku catat ngga pernah lengkap selalu tinggal sekolah mana sekarang sekolah negeri dapet lks jadi agak susah ngajarinnya;netral;['guru', 'les', 'dapet', 'murid', 'kelas', 'baca', 'tulis', 'buku', 'catat', 'ngga', 'lengkap', 'tinggal', 'sekolah', 'sekolah', 'negeri', 'dapet', 'lks', 'susah', 'ngajarinnya'];2
tantangan_guru_kurikulum_10.csv;1.84822e+18;Mon Oct 21 10:48:27 +0000 2024;0.0;@Hasta__Asta @elisa_jkt Kurimulum merdwka baru tiga tahun berjalan nah anak kelas 5 itu saat kelas 1 yah pas covid learning loss...kok.disalahin kirikjlumnya? Dasar;1.84832e+18;;Hasta__Asta;in;;0.0;1.0;0.0;https://x.com/undefined/status/1848315405389246882;1.46932e+18;;kurimulum merdwka baru tiga tahun jalan anak kelas saat kelas yah pas covid learning loss disalahin kirikjlumnya dasar;netral;['kurimulum', 'merdwka', 'jalan', 'anak', 'kelas', 'kelas', 'yah', 'pas', 'covid', 'learning', 'loss', 'disalahin', 'kirikjlumnya', 'dasar'];4
tantangan_guru_kurikulum_10.csv;1.84822e+18;Tue Oct 22 03:23:02 +0000 2024;0.0;@Hasta__Asta @elisa_jkt Setujuuu basic yang seharusnya di kuasai anak dari dasarnya aja gak bisa di dapet anak. Kreativitas muncul karena proyek tetapi basic nya noll;1.84857e+18;;Hasta__Asta;in;;0.0;0.0;0.0;https://x.com/undefined/status/1848565699595456516;1.23261e+18;;tuju basic harus kuasa anak dasar gak bisa dapet anak kreativitas muncul proyek tetapi basic noll;netral;['tuju', 'basic', 'kuasa', 'anak', 'dasar', 'gak', 'dapet', 'anak', 'kreativitas', 'muncul', 'proyek', 'basic', 'noll'];3
tantangan_guru_kurikulum_10.csv;1.84822e+18;Tue Oct 22 03:32:51 +0000 2024;0.0;@Hasta__Asta @elisa_jkt Tetangga sy smp penjumlahan dan pengurangan ajh msh menggunakan jari miriss bgtt;1.84857e+18;;Hasta__Asta;in;;0.0;0.0;0.0;https://x.com/undefined/status/1848568170728329503;1.6286e+18;;tetangga sy smp jumlah kurang ajh msh guna jari miriss bgtt;negatif;['tetangga', 'sy', 'smp', 'ajh', 'msh', 'jari', 'miriss', 'bgtt'];1
tantangan_guru_kurikulum_10.csv;1.84822e+18;Tue Oct 22 15:49:21 +0000 2024;0.0;@Hasta__Asta @elisa_jkt Gue dlu pas sd kls 3 klo mau pulang hrus jwb quiz perkalian dlu bru boleh tu keluar kelas yg bener jwbnya ini baca komen ad yg gbsa perkalian di kls 2 smp tuu gmnn woii;1.84875e+18;;Hasta__Asta;in;;0.0;0.0;0.0;https://x.com/undefined/status/1848753517152112903;1.81411e+18;;saya dlu pas sd kls kalau mau pulang hrus jwb quiz kali dlu bru boleh tu keluar kelas bener jwbnya baca komen ad gbsa kali kls smp tuu gmnn woii;netral;['dlu', 'pas', 'sd', 'kls', 'pulang', 'hrus', 'jwb', 'quiz', 'kali', 'dlu', 'bru', 'tu', 'kelas', 'bener', 'jwbnya', 'baca', 'komen', 'ad', 'gbsa', 'kali', 'kls', 'smp', 'tuu', 'gmnn', 'woii'];1
tantangan_guru_kurikulum_10.csv;1.84822e+18;Tue Oct 22 22:58:32 +0000 2024;0.0;@Hasta__Asta @elisa_jkt tapi knp menyalahkan kurikulum? Bukannya faktor orang tua dan gru jga pnting? Kalo kurikulum gagal berarti semua anak ga bisa perkalian dong ini kan hanya bbrapa individu sja. Kemauan dri diri sendiri untuk bisa jga penting klo ga ada kemauan dri diri untuk belajar ya gimana?;1.84886e+18;;Hasta__Asta;in;;0.0;1.0;0.0;https://x.com/undefined/status/1848861526343750143;1.11014e+18;;tapi knp salah kurikulum bukan faktor orang tua gru jga pnting kalo kurikulum gagal arti semua anak bisa kali hanya bbrapa individu sja mau dri diri sendiri bisa jga penting kalau ada mau dri diri ajar gimana;negatif;['knp', 'salah', 'kurikulum', 'faktor', 'orang', 'tua', 'gru', 'jga', 'pnting', 'kalo', 'kurikulum', 'gagal', 'arti', 'anak', 'kali', 'bbrapa', 'individu', 'sja', 'dri', 'jga', 'dri', 'ajar', 'gimana'];4
tantangan_guru_kurikulum_10.csv;1.84822e+18;Wed Oct 23 00:35:35 +0000 2024;0.0;@Hasta__Asta @elisa_jkt aku ngajar les anak kelas 4 dia pengurangan masih belum bisa juga;1.84889e+18;;Hasta__Asta;in;;0.0;0.0;0.0;https://x.com/undefined/status/1848885948429570093;1.66562e+18;;aku ngajar les anak kelas dia kurang masih bisa;negatif;['ngajar', 'les', 'anak', 'kelas'];4
tantangan_guru_kurikulum_10.csv;1.84822e+18;Wed Oct 23 01:59:14 +0000 2024;0.0;@Hasta__Asta @elisa_jkt merdeka bgt ;1.84891e+18;;Hasta__Asta;in;;0.0;0.0;0.0;https://x.com/undefined/status/1848906998450176179;1.08321e+18;;merdeka bgt;netral;['merdeka', 'bgt'];0
tantangan_guru_kurikulum_10.csv;1.84822e+18;Wed Oct 23 03:15:52 +0000 2024;0.0;@Hasta__Asta @elisa_jkt as orang yang bergelut sampingan jadi guru les juga gue mengakui hal ini beneran ada. anak smp penjumlahan aja bener-bener menghitung pake jari itu pun 2 sampe 3 kali duluu sesimpel 9 + 6 wkwk;1.84893e+18;;Hasta__Asta;in;;0.0;0.0;0.0;https://x.com/undefined/status/1848926284614930738;1.24423e+18;;as orang gelut samping guru les saya aku hal beneran ada anak smp jumlah bener bener hitung pake jari sampe kali duluu simpel;netral;['as', 'orang', 'gelut', 'samping', 'guru', 'les', 'beneran', 'anak', 'smp', 'bener', 'bener', 'hitung', 'pake', 'jari', 'sampe', 'kali', 'duluu', 'simpel'];1
tantangan_guru_kurikulum_10.csv;1.84822e+18;Thu Oct 24 23:03:04 +0000 2024;0.0;"@Hasta__Asta @elisa_jkt Memang bermasalah sejak dulu .. dia dibanggakan krn punya perusahaan dg pendanaan gede: unicorn Pdhl hingga bertahun-tahun sejak berdiri itu perusahaan msh bakar duit. Laba minus. Sdh listing d BEI &amp; merger dg sesama unicorn pun msh minus Disuruh urus pendidikan ya kacau";1.84959e+18;;Hasta__Asta;in;;0.0;0.0;0.0;https://x.com/undefined/status/1849587440086142980;1.56338e+18;;memang masalah sejak dulu dia bangga krn punya usaha dana gede unicorn pdhl hingga tahun tahun sejak diri usaha msh bakar duit laba minus listing d bei amp merger sama unicorn msh minus suruh urus didik kacau;negatif;['bangga', 'krn', 'usaha', 'dana', 'gede', 'unicorn', 'pdhl', 'usaha', 'msh', 'bakar', 'duit', 'laba', 'minus', 'listing', 'd', 'bei', 'amp', 'merger', 'unicorn', 'msh', 'minus', 'suruh', 'urus', 'didik', 'kacau'];3
tantangan_guru_kurikulum_10.csv;1.84822e+18;Mon Oct 21 14:02:37 +0000 2024;1.0;"@Hasta__Asta @elisa_jkt Sejujurnya kita belum cocok niru Finlandia. Karena kita bukan negara yang rakyatnya sadar pentingnya pendidikan. Aku setuju balik ke sistem UN tidak naik kelas dan rapor merah. Ya setidaknya sebagai orang yang pernah merasakan UN dan rapor merah aku bisa bedain tanjung &amp; selat";1.84836e+18;;Hasta__Asta;in;;0.0;1.0;0.0;https://x.com/undefined/status/1848364268519125418;1.71151e+18;;jujur kita cocok niru finlandia kita bukan negara rakyat sadar penting didik aku tuju balik sistem un naik kelas rapor merah tidak bagai orang pernah rasa un rapor merah aku bisa bedain tanjung amp selat;netral;['jujur', 'cocok', 'niru', 'finlandia', 'negara', 'rakyat', 'sadar', 'didik', 'tuju', 'sistem', 'un', 'kelas', 'rapor', 'merah', 'orang', 'un', 'rapor', 'merah', 'bedain', 'tanjung', 'amp', 'selat'];4
tantangan_guru_kurikulum_2.csv;1.91211e+18;Wed Apr 16 12:56:03 +0000 2025;24.0;@ddubbiddubidu @tanyakanrl Yuhu bener banget ditambah gabole ada PR. Untuk SMP itu MTK Umum bahkan rata anak smp skrg gabisa ngitung kaya kali bagi atau operasi bilangan yg ada positif negatif. yg ujungnya guru berulang ngajarin ngitung kembali sementara tetap dituntut ngejar materi :);1.91249e+18;;ddubbiddubidu;in;;0.0;1.0;0.0;https://x.com/undefined/status/1912490168692666720;1.51046e+18;;yuhu bener sangat tambah gabole ada pr smp mtk umum bahkan rata anak smp skrg gabisa ngitung kaya kali bagi operasi bilang ada positif negatif ujung guru ulang ngajarin ngitung kembali sementara tetap tuntut ngejar materi;netral;['yuhu', 'bener', 'gabole', 'pr', 'smp', 'mtk', 'anak', 'smp', 'skrg', 'gabisa', 'ngitung', 'kaya', 'kali', 'operasi', 'bilang', 'positif', 'negatif', 'ujung', 'guru', 'ulang', 'ngajarin', 'ngitung', 'tuntut', 'ngejar', 'materi'];3
tantangan_guru_kurikulum_2.csv;1.91211e+18;Wed Apr 16 09:45:25 +0000 2025;15.0;"@ddubbiddubidu @tanyakanrl Ya memang pemerintah sah terus kerjaannya cuma ganti?? kurikulum bukannya dikaji &amp; diperbaiki ga asal ganti apalagi menurut presiden skrg pendidikan ga penting lebih penting makan gratis dah lah";1.91244e+18;;ddubbiddubidu;in;;0.0;4.0;0.0;https://x.com/undefined/status/1912442194990071964;1.17973e+18;;memang perintah sah terus kerja cuma ganti kurikulum bukan kaji amp baik asal ganti apalagi turut presiden skrg didik penting lebih penting makan gratis;positif;['perintah', 'sah', 'kerja', 'ganti', 'kurikulum', 'kaji', 'amp', 'ganti', 'presiden', 'skrg', 'didik', 'makan', 'gratis'];1
tantangan_guru_kurikulum_2.csv;1.91211e+18;Wed Apr 16 14:56:53 +0000 2025;6.0;@ddubbiddubidu @tanyakanrl 1 lagi. Tidak ada sistem UN jadi anak merasa tidak perlu belajar giat sampai bisa lulus.;1.91252e+18;;ddubbiddubidu;in;;0.0;1.0;0.0;https://x.com/undefined/status/1912520578613027126;1.19315e+18;;ada sistem un anak rasa perlu ajar giat sampai bisa lulus;netral;['sistem', 'un', 'anak', 'ajar', 'giat', 'lulus'];4
tantangan_guru_kurikulum_2.csv;1.91211e+18;Wed Apr 16 16:30:54 +0000 2025;1.0;@ddubbiddubidu @tanyakanrl Setuju banget... Jangankan SMP bahkan tingkat SMK saja ada yg belum bisa baca. Sedih banggeett pas tau hal tsb;1.91254e+18;;ddubbiddubidu;in;;0.0;1.0;0.0;https://x.com/undefined/status/1912544240506482974;1.85508e+18;;tuju sangat jangan smp bahkan tingkat smk ada bisa baca sedih banggeett pas tau hal tsb;netral;['tuju', 'smp', 'tingkat', 'smk', 'baca', 'sedih', 'banggeett', 'pas', 'tau', 'tsb'];4
tantangan_guru_kurikulum_2.csv;1.91211e+18;Wed Apr 16 14:32:03 +0000 2025;4.0;@ddubbiddubidu @tanyakanrl Setujuuu.. klo udah pernsh di lapangan pasti tau keluh kesah guru2 ini Mana rata rata dapet anak2 yang speak delay karena dampak corona ;1.91251e+18;;ddubbiddubidu;in;;0.0;0.0;1.0;https://x.com/undefined/status/1912514330270310665;1.40638e+18;;tuju kalau pernsh lapang pasti tau keluh kesah guru mana rata rata dapet anak speak delay dampak corona;netral;['tuju', 'pernsh', 'lapang', 'tau', 'keluh', 'kesah', 'guru', 'dapet', 'anak', 'speak', 'delay', 'dampak', 'corona'];4
tantangan_guru_kurikulum_2.csv;1.91211e+18;Wed Apr 16 15:19:25 +0000 2025;3.0;@ddubbiddubidu @tanyakanrl Dan faktor ini nambah ortu jd mls didik anak di rmh ada sistem anak nggk naik kelas/nilai mrh aja pasti ada wali murid yg mls didik anak di rmh apa lg yg sekolah di jmn naik kls/nilai di atas kkm tambah makin malesnya;1.91253e+18;;ddubbiddubidu;in;;0.0;0.0;1.0;https://x.com/undefined/status/1912526247512735745;1.43726e+18;;faktor nambah ortu jd mls didik anak rmh ada sistem anak nggk naik kelas nilai mrh pasti ada wali murid mls didik anak rmh lg sekolah jmn naik kls nilai atas kkm tambah makin malesnya;netral;['faktor', 'nambah', 'ortu', 'jd', 'mls', 'didik', 'anak', 'rmh', 'sistem', 'anak', 'nggk', 'kelas', 'nilai', 'mrh', 'wali', 'murid', 'mls', 'didik', 'anak', 'rmh', 'lg', 'sekolah', 'jmn', 'kls', 'nilai', 'kkm', 'malesnya'];4
tantangan_guru_kurikulum_2.csv;1.91211e+18;Wed Apr 16 04:10:28 +0000 2025;4.0;@ddubbiddubidu @tanyakanrl Pendekatan overidealistik Pejabrut yang ga napak tanah. asumsi mereka guru akan mengajar dengan sebaik-baiknya supaya nilai diatas KKM padahal dengan dikasih tekanan kaya gitu sementara yang ngasih nilai itu ya guru juga akhirnya pada ngambil shortcut.;1.91236e+18;;ddubbiddubidu;in;;0.0;1.0;0.0;https://x.com/undefined/status/1912357901026411003;1.50777e+18;;dekat overidealistik pejabrut napak tanah asumsi mereka guru ajar baik baik supaya nilai atas kkm padahal kasih tekan kaya begitu sementara ngasih nilai guru akhir ngambil shortcut;positif;['overidealistik', 'pejabrut', 'napak', 'tanah', 'asumsi', 'guru', 'ajar', 'nilai', 'kkm', 'kasih', 'tekan', 'kaya', 'ngasih', 'nilai', 'guru', 'ngambil', 'shortcut'];4
tantangan_guru_kurikulum_2.csv;1.91211e+18;Wed Apr 16 11:45:06 +0000 2025;2.0;@ddubbiddubidu @tanyakanrl Plus ortu yang denial kalo anaknya abk tetep kekeuh nyekolahin di sekolah umum. Katanya pokoknya lulus. Akhirnya karena guru pun ngajarinnya nggak bisa maksimal (karena harusnya pasti ada teknik khusus buat nanganin anak abk) inputnya si anak bisa baca tapi nggak paham maknanya;1.91247e+18;;ddubbiddubidu;in;;0.0;0.0;0.0;https://x.com/undefined/status/1912472313666093255;1146876139.0;;plus ortu denial kalo anak abk tetep kekeuh nyekolahin sekolah umum kata pokok lulus akhir guru ngajarinnya nggak bisa maksimal harus pasti ada teknik khusus buat nanganin anak abk inputnya anak bisa baca tapi nggak paham makna;netral;['plus', 'ortu', 'denial', 'kalo', 'anak', 'abk', 'tetep', 'kekeuh', 'nyekolahin', 'sekolah', 'pokok', 'lulus', 'guru', 'ngajarinnya', 'nggak', 'maksimal', 'teknik', 'khusus', 'nanganin', 'anak', 'abk', 'inputnya', 'anak', 'baca', 'nggak', 'paham', 'makna'];0
tantangan_guru_kurikulum_2.csv;1.91211e+18;Thu Apr 17 04:55:15 +0000 2025;2.0;@ddubbiddubidu @tanyakanrl ga membela pemerintah juga cuma mau diskusi tapi ada yg salah dan perlu dipertanyakan juga dari peran orang tua/wali si anak ga sih? mereka harusnya orang terdekat yg lebih memperhatikan progress si anak dengan keadaan sistem pendidikan yg begitu;1.91273e+18;;ddubbiddubidu;in;;0.0;0.0;0.0;https://x.com/undefined/status/1912731558483751338;1.29819e+18;;bela perintah cuma mau diskusi tapi ada salah perlu tanya peran orang tua wali anak sih mereka harus orang dekat lebih perhati progress anak ada sistem didik begitu;negatif;['bela', 'perintah', 'diskusi', 'salah', 'peran', 'orang', 'tua', 'wali', 'anak', 'sih', 'orang', 'perhati', 'progress', 'anak', 'sistem', 'didik'];3
tantangan_guru_kurikulum_2.csv;1.91211e+18;Wed Apr 16 10:01:50 +0000 2025;1.0;@ddubbiddubidu @tanyakanrl Ditambah beban administratif beban mental serta bagi guru honorer kompensasi yg didapatkan bahkan tidak cukup memenuhi kebutuhan dasar mereka. Miris.;1.91245e+18;;ddubbiddubidu;in;;0.0;0.0;0.0;https://x.com/undefined/status/1912446325272031577;1.84357e+18;;tambah beban administratif beban mental serta bagi guru honorer kompensasi dapat bahkan cukup penuh butuh dasar mereka miris;netral;['beban', 'administratif', 'beban', 'mental', 'guru', 'honorer', 'kompensasi', 'penuh', 'butuh', 'dasar', 'miris'];4
tantangan_guru_kurikulum_2.csv;1.91211e+18;Wed Apr 16 16:52:54 +0000 2025;1.0;@ddubbiddubidu @tanyakanrl Tolong sistem begini dihapus aja lah. Masa iya bisa lulus tanpa memenuhi standar yang sepantasnya? Bikin malu yang ada kalau anak SMP ga bisa baca anak SMA kemampuan ternyata secetek anak SD;1.91255e+18;;ddubbiddubidu;in;;0.0;1.0;0.0;https://x.com/undefined/status/1912549774546645441;1.49658e+18;;tolong sistem begini hapus masa bisa lulus tanpa penuh standar pantas bikin malu ada kalau anak smp bisa baca anak sma mampu nyata cetek anak sd;netral;['tolong', 'sistem', 'hapus', 'lulus', 'penuh', 'standar', 'bikin', 'malu', 'anak', 'smp', 'baca', 'anak', 'sma', 'nyata', 'cetek', 'anak', 'sd'];1
tantangan_guru_kurikulum_2.csv;1.91211e+18;Wed Apr 16 22:44:50 +0000 2025;1.0;@ddubbiddubidu @tanyakanrl Calistung gak boleh kak di TK. Doktrinnya tuhh bermain sambil belajar. Tapi yaa kadang bayikk kalo gak mau belajar yaa yowes tinggal bermainnya saja ;1.91264e+18;;ddubbiddubidu;in;;0.0;0.0;0.0;https://x.com/undefined/status/1912638340651970615;244582427.0;;calistung gak boleh kak tk doktrin tuhh main sambil ajar tapi yaa kadang bayikk kalo gak mau ajar yaa yowes tinggal main;netral;['calistung', 'gak', 'kak', 'tk', 'doktrin', 'tuhh', 'main', 'ajar', 'yaa', 'kadang', 'bayikk', 'kalo', 'gak', 'ajar', 'yaa', 'yowes', 'tinggal', 'main'];4
tantangan_guru_kurikulum_2.csv;1.91211e+18;Thu Apr 17 01:02:55 +0000 2025;1.0;@ddubbiddubidu @tanyakanrl Setuju. Belum lagi orang tua yang lepas tanggungjawab. Pas dipanggil nggak datang. Trus guru doang yang ribut ngajarin anak membaca sampai rumah nggak di ulang. PR anak-anak yang ngerjain kakak/abangnya biar cepat selesai doang. Anak yang punya tugas? Main HP dong.;1.91267e+18;;ddubbiddubidu;in;;0.0;1.0;0.0;https://x.com/undefined/status/1912673089873457591;1.42658e+18;;tuju orang tua lepas tanggungjawab pas panggil nggak datang trus guru doang ribut ngajarin anak baca sampai rumah nggak ulang pr anak anak ngerjain kakak abang biar cepat selesai doang anak punya tugas main hp;positif;['tuju', 'orang', 'tua', 'lepas', 'tanggungjawab', 'pas', 'panggil', 'nggak', 'trus', 'guru', 'doang', 'ribut', 'ngajarin', 'anak', 'baca', 'rumah', 'nggak', 'ulang', 'pr', 'anak', 'anak', 'ngerjain', 'kakak', 'abang', 'biar', 'cepat', 'selesai', 'doang', 'anak', 'tugas', 'main', 'hp'];0
tantangan_guru_kurikulum_2.csv;1.91211e+18;Thu Apr 17 04:13:16 +0000 2025;1.0;@ddubbiddubidu @tanyakanrl Ada beberapa kebijakan pemerintah yg amburadul prakteknya 1. Tidak ada sistem tinggal kelas. Bagus sebenarnya. Semua guru SD kelas tinggi pasti tau siswa yg tinggal kelas akan berbeda sendiri baik mental maupun fisik sehingga menimbulkan kesenjangan antar siswa;1.91272e+18;;ddubbiddubidu;in;;0.0;2.0;0.0;https://x.com/undefined/status/1912720994059579705;1.63295e+18;;ada beberapa bijak perintah amburadul praktek ada sistem tinggal kelas bagus benar semua guru sd kelas tinggi pasti tau siswa tinggal kelas beda sendiri baik mental maupun fisik sehingga timbul senjang antar siswa;positif;['bijak', 'perintah', 'amburadul', 'praktek', 'sistem', 'tinggal', 'kelas', 'bagus', 'guru', 'sd', 'kelas', 'tau', 'siswa', 'tinggal', 'kelas', 'beda', 'mental', 'fisik', 'timbul', 'senjang', 'siswa'];4
tantangan_guru_kurikulum_2.csv;1.91211e+18;Wed Apr 16 10:50:49 +0000 2025;0.0;@ddubbiddubidu @tanyakanrl semuanya salah menteri yg kemaren nih. harus naik kelas lah terus transisi TK ke SD juga repot. di TK gaboleh diajarin baca minimal mengenal suku kata karena pure TAMAN BERMAIN terus menurut lu aje di SD dikira ketok mejik kali 2 hari langsung lancar baca. kocak;1.91246e+18;;ddubbiddubidu;in;;0.0;0.0;0.0;https://x.com/undefined/status/1912458654529589648;1.66642e+18;;semua salah menteri kemaren nih harus naik kelas terus transisi tk sd repot tk gaboleh diajarin baca minimal kenal suku kata pure taman main terus turut kamu aje sd kira ketok mejik kali hari langsung lancar baca kocak;netral;['salah', 'menteri', 'kemaren', 'nih', 'kelas', 'transisi', 'tk', 'sd', 'repot', 'tk', 'gaboleh', 'diajarin', 'baca', 'minimal', 'kenal', 'suku', 'pure', 'taman', 'main', 'aje', 'sd', 'ketok', 'mejik', 'kali', 'langsung', 'lancar', 'baca', 'kocak'];1
tantangan_guru_kurikulum_2.csv;1.91211e+18;Wed Apr 16 13:02:49 +0000 2025;0.0;@ddubbiddubidu @tanyakanrl Riiiil;1.91249e+18;;ddubbiddubidu;und;;0.0;0.0;0.0;https://x.com/undefined/status/1912491871542341975;2254761289.0;;ril;netral;['ril'];2
tantangan_guru_kurikulum_2.csv;1.91211e+18;Wed Apr 16 22:06:41 +0000 2025;0.0;@ddubbiddubidu @tanyakanrl Nah yang kaya gini biasanya yang disalahin tetep guru sd/tk;1.91263e+18;;ddubbiddubidu;in;;0.0;0.0;0.0;https://x.com/undefined/status/1912628742498955565;1.16199e+18;;kaya gin biasa disalahin tetep guru sd tk;netral;['kaya', 'gin', 'disalahin', 'tetep', 'guru', 'sd', 'tk'];3
tantangan_guru_kurikulum_2.csv;1.91211e+18;Wed Apr 16 22:38:35 +0000 2025;0.0;@ddubbiddubidu @tanyakanrl Betul ada peran kesalahan orangtua tentunya entah prioritas apa yg dijadikan standar smp kemampuan baca tulis saja diabaikan ;1.91264e+18;;ddubbiddubidu;in;;0.0;0.0;0.0;https://x.com/undefined/status/1912636768941482450;1.42676e+18;;betul ada peran salah orangtua tentu entah prioritas jadi standar smp mampu baca tulis abai;negatif;['peran', 'salah', 'orangtua', 'prioritas', 'standar', 'smp', 'baca', 'tulis', 'abai'];0
tantangan_guru_kurikulum_2.csv;1.91211e+18;Wed Apr 16 22:49:16 +0000 2025;0.0;@ddubbiddubidu @tanyakanrl Apakah ada teori konspirasi di sengaja aturan gitu kalo banyak orang pinter nanti terlalu kritis dan mengganggu kepentingan. ;1.91264e+18;;ddubbiddubidu;in;;0.0;0.0;0.0;https://x.com/undefined/status/1912639456370389454;264745978.0;;apakah ada teori konspirasi sengaja atur begitu kalo banyak orang pinter nanti terlalu kritis ganggu penting;netral;['teori', 'konspirasi', 'sengaja', 'atur', 'kalo', 'orang', 'pinter', 'kritis', 'ganggu'];4
tantangan_guru_kurikulum_2.csv;1.91211e+18;Thu Apr 17 01:11:39 +0000 2025;0.0;@ddubbiddubidu @tanyakanrl Itu terjadi di rejim jokowo terutama nadiem. Anak 90an masih pada ngerasain tinggal kelas karena bodo atau nakal.;1.91268e+18;;ddubbiddubidu;in;;0.0;0.0;0.0;https://x.com/undefined/status/1912675291203531188;291017303.0;;jadi rejim jokowo utama nadiem anak an masih ngerasain tinggal kelas bodo nakal;netral;['rejim', 'jokowo', 'utama', 'nadiem', 'anak', 'an', 'ngerasain', 'tinggal', 'kelas', 'bodo', 'nakal'];3
tantangan_guru_kurikulum_2.csv;1.91211e+18;Thu Apr 17 01:44:36 +0000 2025;0.0;@ddubbiddubidu @tanyakanrl Yg lucu jadi waktu aku tanya ke guru di tk dia bilang kurikulum merdeka tdk boleh maksa anak utk mau melakukan sesuatu jadi terserah anaknya mau belajar di tk anak anak tidak diwajibkan baca tulis karena tk itu bermain dan belajar. Itu nanti baca tulis di sd. ;1.91268e+18;;ddubbiddubidu;in;;0.0;1.0;0.0;https://x.com/undefined/status/1912683581853573360;1.34227e+18;;lucu waktu aku tanya guru tk dia bilang kurikulum merdeka boleh maksa anak utk mau laku sesuatu serah anak mau ajar tk anak anak wajib baca tulis tk main ajar nanti baca tulis sd;netral;['lucu', 'guru', 'tk', 'bilang', 'kurikulum', 'merdeka', 'maksa', 'anak', 'utk', 'laku', 'serah', 'anak', 'ajar', 'tk', 'anak', 'anak', 'wajib', 'baca', 'tulis', 'tk', 'main', 'ajar', 'baca', 'tulis', 'sd'];1
tantangan_guru_kurikulum_2.csv;1.91211e+18;Thu Apr 17 02:01:43 +0000 2025;0.0;@ddubbiddubidu @tanyakanrl Bener pake banget....!;1.91269e+18;;ddubbiddubidu;in;;0.0;0.0;0.0;https://x.com/undefined/status/1912687887629578532;8.41657e+17;;bener pake sangat;netral;['bener', 'pake'];1
tantangan_guru_kurikulum_2.csv;1.91211e+18;Thu Apr 17 02:47:43 +0000 2025;0.0;@ddubbiddubidu @tanyakanrl Cung coba yg langganan remedial wkwkwk;1.9127e+18;;ddubbiddubidu;in;;0.0;0.0;0.0;https://x.com/undefined/status/1912699465854800143;579575294.0;;cung coba langgan remedial wkwkwk;netral;['cung', 'coba', 'langgan', 'remedial', 'wkwkwk'];1
tantangan_guru_kurikulum_2.csv;1.91211e+18;Thu Apr 17 03:19:55 +0000 2025;0.0;@ddubbiddubidu @tanyakanrl Belum lagi ditambah guru tk sekarang tuh gboleh ngajarin baca tulis ke anak ga sih? Denger denfer dari orang yg punya bocil gtuu;1.91271e+18;;ddubbiddubidu;in;;0.0;0.0;0.0;https://x.com/undefined/status/1912707569216569499;1.24821e+18;;tambah guru tk sekarang tuh gboleh ngajarin baca tulis anak sih denger denfer orang punya bocil gtuu;netral;['guru', 'tk', 'tuh', 'gboleh', 'ngajarin', 'baca', 'tulis', 'anak', 'sih', 'denger', 'denfer', 'orang', 'bocil', 'gtuu'];1
tantangan_guru_kurikulum_2.csv;1.91211e+18;Thu Apr 17 10:09:35 +0000 2025;0.0;@ddubbiddubidu @tanyakanrl Dan guru nya gak boleh sedikirpun ngomel/nyinggung hati murid nya kalo dia salah;1.91281e+18;;ddubbiddubidu;in;;0.0;0.0;0.0;https://x.com/undefined/status/1912810664533311677;1.47244e+18;;guru gak boleh kir ngomel nyinggung hati murid kalo dia salah;negatif;['guru', 'gak', 'kir', 'ngomel', 'nyinggung', 'hati', 'murid', 'kalo', 'salah'];3
tantangan_guru_kurikulum_3.csv;1.7623e+18;Tue Feb 27 02:27:40 +0000 2024;27.0;@zanatul_91 Nanti ultinya: Kurikulum itu fleksibel selalu mengikuti perkembangan jaman. Sebuah keniscayaan kalo kurikulum itu berubah. Wkwkwkwk... Ngeri.;1.7623e+18;;zanatul_91;in;;0.0;3.0;5.0;https://x.com/undefined/status/1762303457674039582;333983745.0;;nanti ultinya kurikulum fleksibel selalu ikut kembang jaman buah niscaya kalo kurikulum ubah wkwkwkwk ngeri;positif;['ultinya', 'kurikulum', 'fleksibel', 'kembang', 'jaman', 'buah', 'niscaya', 'kalo', 'kurikulum', 'ubah', 'wkwkwkwk', 'ngeri'];0
tantangan_guru_kurikulum_3.csv;1.7623e+18;Tue Feb 27 02:43:39 +0000 2024;22.0;@zanatul_91 Padahal barusan berkedip tapi dah ada kurikulum baru aja. Ada info tentang Kurikulum Nasional inikah Mas @zanatul_91 ? https://t.co/lSb3CsFLf5;1.76231e+18;https://pbs.twimg.com/media/GHT5T0iagAA1Im6.jpg;zanatul_91;in;;22.0;4.0;6.0;https://x.com/undefined/status/1762307476811346184;1.46896e+18;;padahal barusan kedip tapi ada kurikulum baru ada info tentang kurikulum nasional ini mas;netral;['barusan', 'kedip', 'kurikulum', 'info', 'kurikulum', 'nasional', 'mas'];0
tantangan_guru_kurikulum_3.csv;1.7623e+18;Tue Feb 27 07:47:56 +0000 2024;2.0;@zanatul_91 Apakah fakta seterang ini tak pernah terlihat olrh baginda baginda di atas sana;1.76238e+18;;zanatul_91;in;;0.0;1.0;0.0;https://x.com/undefined/status/1762384054098547081;540590104.0;;apakah fakta terang tak pernah lihat olrh baginda baginda atas sana;netral;['fakta', 'terang', 'lihat', 'olrh', 'baginda', 'baginda'];4
tantangan_guru_kurikulum_3.csv;1.7623e+18;Tue Feb 27 04:05:25 +0000 2024;15.0;@zanatul_91 Berikan jabatan menteri pendidikan kepada orng yg berpengalaman dr tingkat bwah hingga pahitnya hidup jd guru supya kurikulumnya selaras dgn kehidupan grassroot pendidikan. Bukan hanya dilangit yg gilang gemilang;1.76233e+18;;zanatul_91;in;;0.0;0.0;9.0;https://x.com/undefined/status/1762328053391429644;243010699.0;;ikan jabat menteri didik kepada orng alam tingkat bwah hingga pahit hidup jd guru supya kurikulum selaras hidup grassroot didik bukan hanya langit gilang gemilang;netral;['ikan', 'jabat', 'menteri', 'didik', 'orng', 'alam', 'tingkat', 'bwah', 'pahit', 'hidup', 'jd', 'guru', 'supya', 'kurikulum', 'selaras', 'hidup', 'grassroot', 'didik', 'langit', 'gilang', 'gemilang'];3
tantangan_guru_kurikulum_3.csv;1.7623e+18;Tue Feb 27 05:31:33 +0000 2024;10.0;@zanatul_91 Apapun kurikulumnya siapapun menterinya yang ngajar tetaplah guru. Guru tanpa kurikulum pendidikan masih bisa jalan. Kurikulum tanpa guru hanya akan jadi seonggok kertas yang cuma laku dikilo;1.76235e+18;;zanatul_91;in;;0.0;1.0;0.0;https://x.com/undefined/status/1762349731739767145;7.77142e+17;;apa kurikulum siapa menteri ngajar tetap guru guru tanpa kurikulum didik masih bisa jalan kurikulum tanpa guru hanya onggok kertas cuma laku kilo;netral;['kurikulum', 'menteri', 'ngajar', 'guru', 'guru', 'kurikulum', 'didik', 'jalan', 'kurikulum', 'guru', 'onggok', 'kertas', 'laku', 'kilo'];0
tantangan_guru_kurikulum_3.csv;1.7623e+18;Tue Feb 27 02:57:59 +0000 2024;6.0;@zanatul_91 Ganti menteri ganti kurikulum ternyata hanya mitos. Sekarang 1 menteri bisa berkali2 ganti kurikulum.;1.76231e+18;;zanatul_91;in;;0.0;0.0;0.0;https://x.com/undefined/status/1762311084579713478;279006326.0;;ganti menteri ganti kurikulum nyata hanya mitos sekarang menteri bisa kali ganti kurikulum;netral;['ganti', 'menteri', 'ganti', 'kurikulum', 'nyata', 'mitos', 'menteri', 'kali', 'ganti', 'kurikulum'];0
tantangan_guru_kurikulum_3.csv;1.7623e+18;Tue Feb 27 04:33:40 +0000 2024;1.0;@zanatul_91 mau kurikulum nya apa bebas dah yg penting jangan kebanyakan proyek;1.76234e+18;;zanatul_91;in;;0.0;0.0;0.0;https://x.com/undefined/status/1762335164670378114;1195656398.0;;mau kurikulum bebas penting jangan banyak proyek;netral;['kurikulum', 'bebas', 'proyek'];3
tantangan_guru_kurikulum_4.csv;1.85169e+18;Wed Oct 30 18:02:34 +0000 2024;27.0;@zanatul_91 semoga ada angin segar pak guru terimakasih sudah menyuarakan suara guru yang paling konsisten semoga kelak tuhan membalas kebaikan njngan;1.85169e+18;;zanatul_91;in;;0.0;1.0;1.0;https://x.com/undefined/status/1851686147606614380;1.77688e+18;;moga ada angin segar pak guru terimakasih suara suara guru paling konsisten moga kelak tuhan balas baik njngan;positif;['moga', 'angin', 'segar', 'guru', 'terimakasih', 'suara', 'suara', 'guru', 'konsisten', 'moga', 'kelak', 'tuhan', 'balas', 'njngan'];4
tantangan_guru_kurikulum_4.csv;1.85169e+18;Wed Oct 30 18:21:19 +0000 2024;21.0;@zanatul_91 Baru sadar kalau ini mas @zanatul_91 https://t.co/qm9RigOvBd;1.85169e+18;https://pbs.twimg.com/media/GbKHBg7aUAE3-5V.jpg;zanatul_91;in;;0.0;2.0;1.0;https://x.com/undefined/status/1851690864160199149;2417576779.0;;baru sadar kalau mas;netral;['sadar', 'mas'];4
tantangan_guru_kurikulum_4.csv;1.85169e+18;Wed Oct 30 23:54:32 +0000 2024;11.0;@zanatul_91 Kenapa tunjangan selalu dikait-kaitkan dengan harus ini harus itu. Kalau mau mensejahterakan guru ulah loba alesan.;1.85177e+18;;zanatul_91;in;;1.0;1.0;2.0;https://x.com/undefined/status/1851774721723109496;1.17395e+18;;kenapa tunjang selalu kait kait harus harus kalau mau sejahtera guru ulah loba alesan;netral;['tunjang', 'kait', 'kait', 'sejahtera', 'guru', 'ulah', 'loba', 'alesan'];0
tantangan_guru_kurikulum_4.csv;1.85169e+18;Wed Oct 30 21:47:48 +0000 2024;27.0;@zanatul_91 Guru dituntut untuk terus berkembang menjadi bagian dari beban kerja ya Allah dipikir ngajar murid itu beban kerja nya ringan sampe sampe guru dipaksa untuk berkembang. Saya jamin maksud berkembang dari PSPK itu harus ikut seminar wkwkwk.;1.85174e+18;;zanatul_91;in;;0.0;1.0;4.0;https://x.com/undefined/status/1851742828533288969;1.67242e+18;;guru tuntut terus kembang jadi bagi beban kerja allah pikir ngajar murid beban kerja ringan sampe sampe guru paksa kembang saya jamin maksud kembang pspk harus ikut seminar wkwkwk;netral;['guru', 'tuntut', 'kembang', 'beban', 'kerja', 'allah', 'pikir', 'ngajar', 'murid', 'beban', 'kerja', 'ringan', 'sampe', 'sampe', 'guru', 'paksa', 'kembang', 'jamin', 'maksud', 'kembang', 'pspk', 'seminar', 'wkwkwk'];4
tantangan_guru_kurikulum_4.csv;1.85169e+18;Wed Oct 30 21:00:29 +0000 2024;23.0;@zanatul_91 https://t.co/X42x5TBlSc;1.85173e+18;https://pbs.twimg.com/media/GbKrdC-aMAASi7_.jpg;zanatul_91;qme;;1.0;4.0;3.0;https://x.com/undefined/status/1851730918941298937;7.50183e+17;;;netral;['nan'];0
tantangan_guru_kurikulum_4.csv;1.85169e+18;Wed Oct 30 18:15:52 +0000 2024;10.0;@zanatul_91 PSPK;1.85169e+18;;zanatul_91;in;;0.0;0.0;2.0;https://x.com/undefined/status/1851689492383699010;1.28273e+18;;pspk;netral;['pspk'];4
tantangan_guru_kurikulum_4.csv;1.85169e+18;Wed Oct 30 23:31:48 +0000 2024;12.0;@zanatul_91 Jadi pahamkan kalo dunia pendidikan kita amburadul itu krn ada pihak pendidik yg suka akan kechaosan ini demi kepentingan pribadi atau golongan;1.85177e+18;;zanatul_91;in;;0.0;0.0;0.0;https://x.com/undefined/status/1851769000314966243;47227854.0;;paham kalo dunia didik kita amburadul krn ada pihak didik suka kechaosan demi penting pribadi golong;negatif;['paham', 'kalo', 'dunia', 'didik', 'amburadul', 'krn', 'didik', 'suka', 'kechaosan', 'pribadi', 'golong'];4
tantangan_guru_kurikulum_4.csv;1.85169e+18;Thu Oct 31 02:35:14 +0000 2024;0.0;@zanatul_91 Beberapa kali pernah membaca hasil kajian dari lembaga tersebut.;1.85182e+18;;zanatul_91;in;;0.0;0.0;0.0;https://x.com/undefined/status/1851815161436475604;470324868.0;;beberapa kali pernah baca hasil kaji lembaga sebut;netral;['kali', 'baca', 'hasil', 'kaji', 'lembaga'];1
tantangan_guru_kurikulum_4.csv;1.85169e+18;Thu Oct 31 03:22:46 +0000 2024;0.0;@zanatul_91 Kapan sih guru bisa sejahtera biar bisa ngajar dengan tenang dan fokus ?;1.85183e+18;;zanatul_91;in;;0.0;0.0;0.0;https://x.com/undefined/status/1851827125218869608;2176353516.0;;kapan sih guru bisa sejahtera biar bisa ngajar tenang fokus;netral;['sih', 'guru', 'sejahtera', 'biar', 'ngajar', 'tenang', 'fokus'];4
tantangan_guru_kurikulum_4.csv;1.85169e+18;Thu Oct 31 11:56:51 +0000 2024;0.0;@zanatul_91 Coba dispill dikit2 pemimpin lembaganya pa paling gak jauh2 dari dari lingkaran itu...;1.85196e+18;;zanatul_91;in;;0.0;0.0;0.0;https://x.com/undefined/status/1851956496407630190;1.03016e+18;;coba dispill dikit pimpin lembaga pa paling gak jauh lingkar;netral;['coba', 'dispill', 'dikit', 'pimpin', 'lembaga', 'pa', 'gak', 'lingkar'];1
tantangan_guru_kurikulum_4.csv;1.85169e+18;Fri Nov 01 00:07:05 +0000 2024;0.0;@zanatul_91 PUS#;1.85214e+18;;zanatul_91;und;;0.0;0.0;0.0;https://x.com/undefined/status/1852140267438281183;109606139.0;;pus;netral;['pus'];0
tantangan_guru_kurikulum_4.csv;1.85169e+18;Mon Nov 04 01:16:08 +0000 2024;0.0;@zanatul_91 PSPK ya;1.85324e+18;;zanatul_91;in;;0.0;0.0;0.0;https://x.com/undefined/status/1853244805972971842;223785448.0;;pspk;netral;['pspk'];4
tantangan_guru_kurikulum_4.csv;1.85169e+18;Wed Oct 30 21:11:59 +0000 2024;1.0;@zanatul_91 https://t.co/x5SLtF3m2E;1.85173e+18;https://pbs.twimg.com/media/GbKuFfTa0AAqyii.png;zanatul_91;qme;;0.0;0.0;1.0;https://x.com/undefined/status/1851733815288565849;1.79391e+18;;;netral;['nan'];0
tantangan_guru_kurikulum_5.csv;1.81759e+18;Sun Jul 28 15:59:11 +0000 2024;3.0;@zanatul_91 Pak iman pengen nanya. Apakah kesuksesan guru itu dilihat dari seberapa byk siswa yg nilainya tuntas dalam pembelajaran? Jika byk yg dibawah standar nilainya berarti gurunya gagal tp guru tsb ga dikasih kesempatan utk menjelaskan knp memberi nilai segitu;1.81759e+18;;zanatul_91;in;;0.0;2.0;1.0;https://x.com/undefined/status/1817590635337036276;292287506.0;;pak iman ken nanya apakah sukses guru lihat berapa byk siswa nilai tuntas dalam ajar jika byk bawah standar nilai arti guru gagal tapi guru tsb kasih sempat utk jelas knp beri nilai segitu;netral;['iman', 'ken', 'nanya', 'sukses', 'guru', 'lihat', 'byk', 'siswa', 'nilai', 'tuntas', 'ajar', 'byk', 'standar', 'nilai', 'arti', 'guru', 'gagal', 'guru', 'tsb', 'kasih', 'utk', 'knp', 'nilai', 'segitu'];4
tantangan_guru_kurikulum_5.csv;1.81759e+18;Sun Jul 28 22:20:10 +0000 2024;1.0;@zanatul_91 Altuser dah ni;1.81769e+18;;zanatul_91;de;;0.0;1.0;0.0;https://x.com/undefined/status/1817686512970207406;1610663785.0;;altuser ni;netral;['altuser', 'ni'];3
tantangan_guru_kurikulum_5.csv;1.81759e+18;Mon Jul 29 00:06:51 +0000 2024;5.0;@zanatul_91 Tambahan pak guru di hadapan siswa sama siswa tidak melihat guru honorer guru pns guru sertif .. semua guru memberi pelayanan dan pengajaran yang setara pada siswa tapi kita berbeda dihadapan slip gaji ;1.81771e+18;;zanatul_91;in;;1.0;2.0;1.0;https://x.com/undefined/status/1817713360085082442;233498355.0;;tambah pak guru hadap siswa sama siswa lihat guru honorer guru pns guru sertif semua guru beri layan ajar tara siswa tapi kita beda hadap slip gaji;netral;['guru', 'hadap', 'siswa', 'siswa', 'lihat', 'guru', 'honorer', 'guru', 'pns', 'guru', 'sertif', 'guru', 'layan', 'ajar', 'tara', 'siswa', 'beda', 'hadap', 'slip', 'gaji'];2
tantangan_guru_kurikulum_5.csv;1.81759e+18;Sun Jul 28 16:26:24 +0000 2024;3.0;@zanatul_91 Bener sebab itulah mereka harusnya di hargai bukan begitu;1.8176e+18;;zanatul_91;in;;0.0;0.0;0.0;https://x.com/undefined/status/1817597483859796002;1.69144e+18;;bener sebab itu mereka harus harga bukan begitu;netral;['bener', 'harga'];1
tantangan_guru_kurikulum_5.csv;1.81759e+18;Mon Jul 29 10:48:44 +0000 2024;2.0;@zanatul_91 Bener bgt pak. Jadi kadang ky lg sandiwara di dpn anak2 harus keliatan OK strong semangat pdhl hati merintih(misal honor blm cair) atau harus meyakinkan anak2 bahwa Indonesia is the best pdhl faktanya? Akhirnya perang batin deh beneran.;1.81787e+18;;zanatul_91;in;;0.0;0.0;0.0;https://x.com/undefined/status/1817874896141373757;1.02647e+18;;bener bgt pak kadang ky lg sandiwara dpn anak harus liat ok strong semangat pdhl hati rintih misal honor cair harus yakin anak bahwa indonesia is the best pdhl fakta akhir perang batin beneran;netral;['bener', 'bgt', 'kadang', 'ky', 'lg', 'sandiwara', 'dpn', 'anak', 'liat', 'ok', 'strong', 'semangat', 'pdhl', 'hati', 'rintih', 'honor', 'cair', 'anak', 'indonesia', 'is', 'the', 'best', 'pdhl', 'fakta', 'perang', 'batin', 'beneran'];1
tantangan_guru_kurikulum_5.csv;1.81759e+18;Sun Jul 28 16:58:39 +0000 2024;1.0;@zanatul_91 Anak anak dipegangin hp setelah kebiasan selama covid skg malah dipake judol pak kerusakannya massive hanya dengan dimasukkan penyakit menular ya ??????;1.81761e+18;;zanatul_91;in;;0.0;0.0;0.0;https://x.com/undefined/status/1817605602417451426;1.56157e+18;;anak anak dipegangin hp telah bias lama covid skg malah dipake judol pak rusa massive hanya masuk sakit tular;netral;['anak', 'anak', 'dipegangin', 'hp', 'bias', 'covid', 'skg', 'dipake', 'judol', 'rusa', 'massive', 'masuk', 'sakit', 'tular'];1
tantangan_guru_kurikulum_5.csv;1.81759e+18;Tue Jul 30 15:43:29 +0000 2024;1.0;@zanatul_91 Kesuksesan guru jaman now terletak pada penilaian kinerja PMM apakah sudah 100% atau tidak?? ;1.81831e+18;;zanatul_91;in;;0.0;0.0;0.0;https://x.com/undefined/status/1818311459149140100;1.28273e+18;;sukses guru jaman now letak nilai kerja pmm apakah;positif;['sukses', 'guru', 'jaman', 'now', 'letak', 'nilai', 'kerja', 'pmm'];0
tantangan_guru_kurikulum_5.csv;1.81759e+18;Sun Jul 28 23:44:48 +0000 2024;0.0;@zanatul_91 Kalo anak sekolahan buang sampah sembarangan itu karena gurunya tak peduli dengan kebersihan mengajarkan kebersihan hanya dengan bicara atau karena apa Pak Zanatul ?;1.81771e+18;;zanatul_91;in;;0.0;1.0;0.0;https://x.com/undefined/status/1817707813688475873;1.28692e+18;;kalo anak sekolah buang sampah sembarang guru tak peduli bersih ajar bersih hanya bicara pak zanatul;positif;['kalo', 'anak', 'sekolah', 'buang', 'sampah', 'sembarang', 'guru', 'peduli', 'bersih', 'ajar', 'bersih', 'bicara', 'zanatul'];1
tantangan_guru_kurikulum_5.csv;1.81759e+18;Mon Jul 29 07:16:54 +0000 2024;0.0;@zanatul_91 Kalau benar percuma bikin kajian kurikulum menghasilkan program sebagus apapun akan tidak di lanjutkan.seperti kepala daerah kalau berganti program2 nya gk di lanjutkan agak logis sih kenapa presiden sekarang sangat dominan promosi pak prabowo.;1.81782e+18;;zanatul_91;in;;0.0;0.0;0.0;https://x.com/undefined/status/1817821585228931539;1.49493e+18;;kalau benar percuma bikin kaji kurikulum hasil program bagus apa lanjut seperti kepala daerah kalau ganti program lanjut agak logis sih kenapa presiden sekarang sangat dominan promosi pak prabowo;positif;['bikin', 'kaji', 'kurikulum', 'hasil', 'program', 'bagus', 'kepala', 'daerah', 'ganti', 'program', 'logis', 'sih', 'presiden', 'dominan', 'promosi', 'prabowo'];1
tantangan_guru_kurikulum_5.csv;1.81759e+18;Tue Jul 30 07:22:56 +0000 2024;0.0;@zanatul_91 Bank Swasta seperti BCA kan lebih bagus daripada Bank plat merah. Tapi kenapa banyak sekolah swasta yg tidak lebih bagus dri sekolah negeri? Kenapa anak2 orang kaya masuk ke sekolah negeri sebaliknya anak2 kelas menengah bawah malah harus masuk swasta yg harus bayar spp?;1.81819e+18;;zanatul_91;in;;1.0;0.0;1.0;https://x.com/undefined/status/1818185491931709641;1409393623.0;;bank swasta seperti bca lebih bagus daripada bank plat merah tapi kenapa banyak sekolah swasta lebih bagus dri sekolah negeri kenapa anak orang kaya masuk sekolah negeri balik anak kelas tengah bawah malah harus masuk swasta harus bayar spp;positif;['bank', 'swasta', 'bca', 'bagus', 'bank', 'plat', 'merah', 'sekolah', 'swasta', 'bagus', 'dri', 'sekolah', 'negeri', 'anak', 'orang', 'kaya', 'masuk', 'sekolah', 'negeri', 'anak', 'kelas', 'masuk', 'swasta', 'bayar', 'spp'];0
tantangan_guru_kurikulum_6.csv;5.4009e+17;Wed Dec 03 10:59:49 +0000 2014;1.0;@WOWFAKTA kita siswa bukan robot :o;5.40098e+17;;kontenwow;in;;0.0;0.0;2.0;https://x.com/undefined/status/540098070566817793;2743295117.0;;kita siswa bukan robot o;netral;['siswa', 'robot', 'o'];4
tantangan_guru_kurikulum_6.csv;5.4009e+17;Wed Dec 03 10:40:54 +0000 2014;0.0;kurikulumnya bukan buat generasi makin cerdas yang ada makin tertekan RT @wowfakta Menurut Prof. Dr. Bambang Suhendro Ketua Tim Badan;5.40093e+17;;kontenwow;in;;0.0;0.0;2.0;https://x.com/undefined/status/540093313039491072;767423582.0;;kurikulum bukan buat generasi makin cerdas ada makin tekan turut prof bambang suhendro ketua tim badan;positif;['kurikulum', 'generasi', 'cerdas', 'tekan', 'prof', 'bambang', 'suhendro', 'ketua', 'tim', 'badan'];0
tantangan_guru_kurikulum_6.csv;5.4009e+17;Wed Dec 03 10:43:14 +0000 2014;0.0;@WOWFAKTA Terberat di dunia tp malah berencana utk dinaikkan lg -_- Smoga dg berganti Menteri rencana utk naikkan tngkt kesulitan UN batal;5.40094e+17;;kontenwow;in;;0.0;0.0;1.0;https://x.com/undefined/status/540093900275208192;383038183.0;;berat dunia tapi malah rencana utk naik lg smoga ganti menteri rencana utk naik tngkt sulit un batal;netral;['berat', 'dunia', 'rencana', 'utk', 'lg', 'smoga', 'ganti', 'menteri', 'rencana', 'utk', 'tngkt', 'sulit', 'un', 'batal'];3
tantangan_guru_kurikulum_6.csv;5.4009e+17;Wed Dec 03 11:24:06 +0000 2014;2.0;@WOWFAKTA nah betul banget;5.40104e+17;;kontenwow;in;;0.0;0.0;0.0;https://x.com/undefined/status/540104183030882305;2890755013.0;;betul sangat;netral;[];0
tantangan_guru_kurikulum_6.csv;5.4009e+17;Wed Dec 03 10:28:19 +0000 2014;0.0;@WOWFAKTA benarrR;5.4009e+17;;kontenwow;in;;0.0;0.0;0.0;https://x.com/undefined/status/540090143869136896;2867328194.0;;benar;netral;[];0
tantangan_guru_kurikulum_6.csv;5.4009e+17;Wed Dec 03 10:29:56 +0000 2014;0.0;@WOWFAKTA tuhkan ringanin dikit dong! lama bisa kayak celuluk nih kepala;5.40091e+17;;kontenwow;in;;0.0;0.0;0.0;https://x.com/undefined/status/540090552973144064;780359436.0;;tuhkan ringanin dikit lama bisa kayak celuluk nih kepala;netral;['tuhkan', 'ringanin', 'dikit', 'kayak', 'celuluk', 'nih', 'kepala'];1
tantangan_guru_kurikulum_6.csv;5.4009e+17;Wed Dec 03 10:33:11 +0000 2014;0.0;@WOWFAKTA iya.. secara gak langsung pelajar indonseia itu superior kan. Kan kan...;5.40091e+17;;kontenwow;in;;0.0;0.0;0.0;https://x.com/undefined/status/540091368257753088;321166177.0;;cara gak langsung ajar indonseia superior;netral;['gak', 'langsung', 'ajar', 'indonseia', 'superior'];2
tantangan_guru_kurikulum_6.csv;5.4009e+17;Wed Dec 03 10:33:39 +0000 2014;0.0;@WOWFAKTA hanjirr ngangkat tas ade gw aja kirain isiny batu paving (??????) ehh trnyata buku semuah ( - ??????;5.40091e+17;;kontenwow;in;;0.0;0.0;0.0;https://x.com/undefined/status/540091488365854720;425772240.0;;hanjirr ngangkat tas ade gw kirain isiny batu paving ehh trnyata buku semuah;netral;['hanjirr', 'ngangkat', 'tas', 'ade', 'gw', 'kirain', 'isiny', 'batu', 'paving', 'ehh', 'trnyata', 'buku', 'semuah'];4
tantangan_guru_kurikulum_6.csv;5.4009e+17;Wed Dec 03 10:33:46 +0000 2014;0.0;@WOWFAKTA setuju banget;5.40092e+17;;kontenwow;in;;0.0;0.0;0.0;https://x.com/undefined/status/540091516488671232;2806698038.0;;tuju sangat;netral;['tuju'];4
tantangan_guru_kurikulum_6.csv;5.4009e+17;Wed Dec 03 10:34:11 +0000 2014;0.0;"@WOWFAKTA berat &amp; hasilnya sdm gak berdaya saing . Kenapa dipaksain .";5.40092e+17;;kontenwow;in;;0.0;0.0;0.0;https://x.com/undefined/status/540091619186208768;607071756.0;;berat amp hasil sdm gak daya saing kenapa dipaksain;netral;['berat', 'amp', 'hasil', 'sdm', 'gak', 'daya', 'saing', 'dipaksain'];1
tantangan_guru_kurikulum_6.csv;5.4009e+17;Wed Dec 03 10:35:06 +0000 2014;0.0;@WOWFAKTA bukan terberat lagi Tersusah Terrempong Terlebay ohemji hellow.;5.40092e+17;;kontenwow;in;;0.0;0.0;0.0;https://x.com/undefined/status/540091850149724160;553916665.0;;bukan berat susah terrempong terlebay ohemji hellow;netral;['berat', 'susah', 'terrempong', 'terlebay', 'ohemji', 'hellow'];3
tantangan_guru_kurikulum_6.csv;5.4009e+17;Wed Dec 03 10:36:04 +0000 2014;0.0;@WOWFAKTA wis ngerti berat dilakoni -_- tololz sekaleeeee !;5.40092e+17;;kontenwow;in;;0.0;0.0;0.0;https://x.com/undefined/status/540092093318696960;2219629538.0;;wis ngerti berat lakon tololz sekale;netral;['wis', 'ngerti', 'berat', 'lakon', 'tololz', 'sekale'];3
tantangan_guru_kurikulum_6.csv;5.4009e+17;Wed Dec 03 10:36:40 +0000 2014;0.0;@WOWFAKTA Pantesss kepala pusing meluluuuuu;5.40092e+17;;kontenwow;in;;0.0;0.0;0.0;https://x.com/undefined/status/540092245722923008;1272213672.0;;pantes kepala pusing melulu;netral;['pantes', 'kepala', 'pusing', 'melulu'];4
tantangan_guru_kurikulum_6.csv;5.4009e+17;Wed Dec 03 10:43:57 +0000 2014;0.0;@WOWFAKTA oalahaha poor it.;5.40094e+17;;kontenwow;in;;0.0;0.0;0.0;https://x.com/undefined/status/540094078596022272;770930167.0;;oalahaha poor it;netral;['oalahaha', 'poor', 'it'];3
tantangan_guru_kurikulum_6.csv;5.4009e+17;Wed Dec 03 10:44:22 +0000 2014;0.0;@WOWFAKTA noh!;5.40094e+17;;kontenwow;und;;0.0;0.0;0.0;https://x.com/undefined/status/540094183042609152;2411976866.0;;noh;netral;['noh'];2
tantangan_guru_kurikulum_6.csv;5.4009e+17;Wed Dec 03 10:47:09 +0000 2014;0.0;@WOWFAKTA ya jadinya siswa jadi nyontek mulu..;5.40095e+17;;kontenwow;in;;0.0;0.0;0.0;https://x.com/undefined/status/540094881993998336;1288806127.0;;jadi siswa nyontek mulu;netral;['siswa', 'nyontek', 'mulu'];2
tantangan_guru_kurikulum_6.csv;5.4009e+17;Wed Dec 03 10:48:34 +0000 2014;0.0;@WOWFAKTA nahhh.. udah tau berat masih bae di pake -_-;5.40095e+17;;kontenwow;in;;0.0;0.0;0.0;https://x.com/undefined/status/540095238677594112;1704488100.0;;tau berat masih bae pake;netral;['tau', 'berat', 'bae', 'pake'];4
tantangan_guru_kurikulum_6.csv;5.4009e+17;Wed Dec 03 10:49:46 +0000 2014;0.0;@WOWFAKTA namanya aja indonesia apa yg enggk berat?;5.40096e+17;;kontenwow;in;;0.0;0.0;0.0;https://x.com/undefined/status/540095541141843968;1064573108.0;;nama indonesia enggk berat;netral;['nama', 'indonesia', 'enggk', 'berat'];4
tantangan_guru_kurikulum_6.csv;5.4009e+17;Wed Dec 03 11:02:10 +0000 2014;0.0;"Baguus.. tingkatkan! @WOWFAKTA Menurut Prof. Dr. Bambang Suhendro Ketua Tim Badan Standar Nasional Pendidikan (BSNP); Kurikulum Indonesia a";5.40099e+17;;kontenwow;in;;0.0;0.0;0.0;https://x.com/undefined/status/540098662605406209;1677321450.0;;baguus tingkat turut prof bambang suhendro ketua tim badan standar nasional didik bsnp kurikulum indonesia a;netral;['baguus', 'tingkat', 'prof', 'bambang', 'suhendro', 'ketua', 'tim', 'badan', 'standar', 'nasional', 'didik', 'bsnp', 'kurikulum', 'indonesia', 'a'];0
tantangan_guru_kurikulum_6.csv;5.4009e+17;Wed Dec 03 11:03:45 +0000 2014;0.0;@WOWFAKTA cc: @Kemdikbud_RI;5.40099e+17;;kontenwow;und;;0.0;0.0;0.0;https://x.com/undefined/status/540099059956998146;601867405.0;;cc;netral;['cc'];3
tantangan_guru_kurikulum_6.csv;5.4009e+17;Wed Dec 03 11:04:42 +0000 2014;0.0;@wowfakta to mentri pendidikan : waktu kami terlalu sia2 karna terlalu bnyak belajar. bukan nya makin pinter yg ada malah depresi;5.40099e+17;;kontenwow;in;;0.0;0.0;0.0;https://x.com/undefined/status/540099299774717952;2617242834.0;;to tri didik waktu kami terlalu sia karna terlalu bnyak ajar bukan makin pinter ada malah depresi;netral;['to', 'tri', 'didik', 'sia', 'karna', 'bnyak', 'ajar', 'pinter', 'depresi'];1
tantangan_guru_kurikulum_6.csv;5.4009e+17;Wed Dec 03 11:05:34 +0000 2014;0.0;@WOWFAKTA terlalu dipaksakan dan hsilnya pun gak memuaskan...;5.401e+17;;kontenwow;in;;0.0;0.0;0.0;https://x.com/undefined/status/540099520466411520;1915697772.0;;terlalu paksa hsilnya gak muas;netral;['paksa', 'hsilnya', 'gak', 'muas'];1
tantangan_guru_kurikulum_6.csv;5.4009e+17;Wed Dec 03 11:06:25 +0000 2014;0.0;"@wowfakta 24 jam. 9 jam u/ sklah 6/7 jam u/ tidur &amp; waktu luang lain nya u/ mengerjakan tugas sukur2 kalo ga ekskul nah kalo ekskul?";5.401e+17;;kontenwow;in;;0.0;0.0;0.0;https://x.com/undefined/status/540099731775438849;2617242834.0;;jam jam u sklah jam u tidur amp waktu luang lain u kerja tugas sukur kalo ekskul kalo ekskul;netral;['jam', 'jam', 'u', 'sklah', 'jam', 'u', 'tidur', 'amp', 'luang', 'u', 'kerja', 'tugas', 'sukur', 'kalo', 'ekskul', 'kalo', 'ekskul'];0
tantangan_guru_kurikulum_6.csv;5.4009e+17;Wed Dec 03 11:07:13 +0000 2014;0.0;@WOWFAKTA nahh cakepp !! Makin pinter engga makin stres iyaa.;5.401e+17;;kontenwow;in;;0.0;0.0;0.0;https://x.com/undefined/status/540099932019896322;1631453952.0;;nahh cakepp makin pinter engga makin stres iyaa;netral;['nahh', 'cakepp', 'pinter', 'engga', 'stres', 'iyaa'];2
tantangan_guru_kurikulum_6.csv;5.4009e+17;Wed Dec 03 11:39:01 +0000 2014;0.0;@WOWFAKTA bangga dong jadi pelajar Indonesia :D padahal hidup bukan hanya fokus untuk sekolah....;5.40108e+17;;kontenwow;in;;0.0;0.0;0.0;https://x.com/undefined/status/540107935687262208;522649320.0;;bangga ajar indonesia d padahal hidup bukan hanya fokus sekolah;netral;['bangga', 'ajar', 'indonesia', 'd', 'hidup', 'fokus', 'sekolah'];1
tantangan_guru_kurikulum_6.csv;5.4009e+17;Wed Dec 03 11:59:09 +0000 2014;0.0;@WOWFAKTA wah iya tuh Pr aja sampe numpuk;5.40113e+17;;kontenwow;in;;0.0;0.0;0.0;https://x.com/undefined/status/540113003035643905;2617435141.0;;wah tuh pr sampe numpuk;netral;['tuh', 'pr', 'sampe', 'numpuk'];4
tantangan_guru_kurikulum_6.csv;5.4009e+17;Wed Dec 03 12:06:27 +0000 2014;0.0;@WOWFAKTA See ;5.40115e+17;;kontenwow;und;;0.0;0.0;0.0;https://x.com/undefined/status/540114841189351424;435685967.0;;see;netral;['see'];0
tantangan_guru_kurikulum_6.csv;5.4009e+17;Wed Dec 03 12:25:12 +0000 2014;0.0;@WOWFAKTA Itulah Indonesia :v;5.4012e+17;;kontenwow;in;;0.0;0.0;0.0;https://x.com/undefined/status/540119557214457856;1641988327.0;;itu indonesia v;netral;['indonesia', 'v'];0
tantangan_guru_kurikulum_6.csv;5.4009e+17;Wed Dec 03 13:31:27 +0000 2014;0.0;@WOWFAKTA Aneh senang sekali mempersulit keadaan mbok ya smua dibuat mudah dong pa...bu...;5.40136e+17;;kontenwow;in;;0.0;0.0;0.0;https://x.com/undefined/status/540136231410339840;1519447417.0;;aneh senang sekali sulit ada mbok smua buat mudah pa bu;netral;['aneh', 'senang', 'sulit', 'mbok', 'smua', 'mudah', 'pa', 'bu'];4
tantangan_guru_kurikulum_6.csv;5.4009e+17;Wed Dec 03 15:28:46 +0000 2014;0.0;@WOWFAKTA LIHAT!!!!;5.40166e+17;;kontenwow;in;;0.0;0.0;0.0;https://x.com/undefined/status/540165756764188674;1622560562.0;;lihat;netral;['lihat'];0
tantangan_guru_kurikulum_6.csv;5.4009e+17;Wed Dec 03 16:45:38 +0000 2014;0.0;@WOWFAKTA mangkane di hapus ae ;5.40185e+17;;kontenwow;in;;0.0;0.0;0.0;https://x.com/undefined/status/540185098012741632;1663930868.0;;mangkane hapus ae;netral;['mangkane', 'hapus', 'ae'];2
tantangan_guru_kurikulum_6.csv;5.4009e+17;Wed Dec 03 18:03:21 +0000 2014;0.0;@WOWFAKTA soalnya anak indonesia kelihatan lebih malas dibanding anak negara lain mungkin;5.40205e+17;;kontenwow;in;;0.0;0.0;0.0;https://x.com/undefined/status/540204655876116482;2469767238.0;;soal anak indonesia lihat lebih malas banding anak negara lain mungkin;negatif;['anak', 'indonesia', 'lihat', 'malas', 'banding', 'anak', 'negara'];0
tantangan_guru_kurikulum_6.csv;5.4009e+17;Thu Dec 04 10:53:35 +0000 2014;0.0;@WOWFAKTA jadi pantes buat para kalian pelajar buat mengeluh.;5.40459e+17;;kontenwow;in;;0.0;0.0;0.0;https://x.com/undefined/status/540458889431363585;2902799635.0;;pantes buat para kalian ajar buat keluh;netral;['pantes', 'ajar', 'keluh'];4
tantangan_guru_kurikulum_7.csv;1.76125e+18;Sat Feb 24 04:58:56 +0000 2024;1.0;@detikcom @detik_edu benar syekali;1.76125e+18;;detikcom;in;;0.0;0.0;0.0;https://x.com/undefined/status/1761254358669480230;1.67104e+18;;benar syekali;netral;['syekali'];3
tantangan_guru_kurikulum_7.csv;1.76125e+18;Sat Feb 24 18:40:59 +0000 2024;1.0;@detikcom @detik_edu Betul;1.76146e+18;;detikcom;en;;0.0;0.0;0.0;https://x.com/undefined/status/1761461235944730880;1.71864e+18;;betul;netral;[];0
tantangan_guru_kurikulum_7.csv;1.76125e+18;Sat Feb 24 04:41:12 +0000 2024;0.0;@detikcom @detik_edu Penerintah harus segera memberdayakan teknologi pendidikan sehingga dpt mengatasi problem pendidikan di sekolah2 khususnya kasus perundungan/bullying;1.76125e+18;;detikcom;in;;0.0;0.0;0.0;https://x.com/undefined/status/1761249895464550719;1.70328e+18;;terin harus segera daya teknologi didik sehingga dpt atas problem didik sekolah khusus kasus rundung bullying;netral;['terin', 'daya', 'teknologi', 'didik', 'dpt', 'problem', 'didik', 'sekolah', 'khusus', 'rundung', 'bullying'];1
tantangan_guru_kurikulum_7.csv;1.76125e+18;Sat Feb 24 04:53:41 +0000 2024;0.0;@detikcom @detik_edu Ada ada saja norak;1.76125e+18;;detikcom;in;;0.0;0.0;0.0;https://x.com/undefined/status/1761253037824500073;1.63506e+18;;ada ada norak;netral;['norak'];0
tantangan_guru_kurikulum_7.csv;1.76125e+18;Sat Feb 24 04:57:42 +0000 2024;0.0;@detikcom @detik_edu Teknologi pendidikan masudnya alumni s1 s2 s3 teknologi pendidikan yg manpu mengatasi problem2 pendidikan senua jenjang pendidikan;1.76125e+18;;detikcom;in;;0.0;0.0;0.0;https://x.com/undefined/status/1761254050174238981;1.70328e+18;;teknologi didik masudnya alumni s s s teknologi didik manpu atas problem didik senua jenjang didik;netral;['teknologi', 'didik', 'masudnya', 'alumni', 's', 's', 's', 'teknologi', 'didik', 'manpu', 'problem', 'didik', 'senua', 'jenjang', 'didik'];1
tantangan_guru_kurikulum_8.csv;6.52284e+17;Fri Oct 09 17:32:45 +0000 2015;1.0;@WOWFAKTA terberat tapi gk ada hasilnya...percuma !!!!!;6.52537e+17;;kontenwow;in;;0.0;0.0;1.0;https://x.com/undefined/status/652537193714417664;1567363296.0;;berat tapi ada hasil percuma;netral;['berat', 'hasil'];4
tantangan_guru_kurikulum_8.csv;6.52284e+17;Fri Oct 09 00:51:28 +0000 2015;1.0;@WOWFAKTA Woooww... sungguh mengejutkan..;6.52285e+17;;kontenwow;in;;0.0;0.0;0.0;https://x.com/undefined/status/652285213070917633;2940560568.0;;woww sungguh kejut;netral;['woww', 'sungguh', 'kejut'];1
tantangan_guru_kurikulum_8.csv;6.52284e+17;Fri Oct 09 00:54:03 +0000 2015;1.0;@wowfakta bukan berat lagi berat bgt malah;6.52286e+17;;kontenwow;in;;0.0;0.0;0.0;https://x.com/undefined/status/652285864752582657;2434704210.0;;bukan berat berat bgt malah;netral;['berat', 'berat', 'bgt'];4
tantangan_guru_kurikulum_8.csv;6.52284e+17;Fri Oct 09 01:26:28 +0000 2015;1.0;@WOWFAKTA peka woiii indonesiaaaa;6.52294e+17;;kontenwow;in;;0.0;0.0;0.0;https://x.com/undefined/status/652294021381918720;2436749456.0;;peka woi indonesia;netral;['peka', 'woi', 'indonesia'];0
tantangan_guru_kurikulum_8.csv;6.52284e+17;Fri Oct 09 07:45:32 +0000 2015;1.0;@WOWFAKTA kok baru tau sekarang sih ?;6.52389e+17;;kontenwow;in;;0.0;0.0;0.0;https://x.com/undefined/status/652389417730994177;353487296.0;;baru tau sekarang sih;netral;['tau', 'sih'];3
tantangan_guru_kurikulum_8.csv;6.52284e+17;Fri Oct 09 12:08:52 +0000 2015;1.0;@WOWFAKTA tapi yang nganggur yang miskin banyak aja min.-.;6.52456e+17;;kontenwow;in;;0.0;0.0;0.0;https://x.com/undefined/status/652455688241725440;2401558770.0;;tapi nganggur miskin banyak min;netral;['nganggur', 'miskin', 'min'];4
tantangan_guru_kurikulum_8.csv;6.52284e+17;Sun Oct 11 06:43:51 +0000 2015;1.0;@WOWFAKTA BENAR ITU!;6.53099e+17;;kontenwow;in;;0.0;0.0;0.0;https://x.com/undefined/status/653098669189632000;1596762042.0;;benar;netral;[];0
tantangan_guru_kurikulum_8.csv;6.52284e+17;Sun Oct 11 06:44:32 +0000 2015;1.0;@WOWFAKTA KITA TAK PUNYA WAKTU BERKREASI KARENANYA !!!;6.53099e+17;;kontenwow;in;;0.0;0.0;0.0;https://x.com/undefined/status/653098839910408192;1596762042.0;;kita tak punya waktu kreasi karena;netral;['kreasi'];0
tantangan_guru_kurikulum_9.csv;1.84822e+18;Mon Oct 21 12:26:47 +0000 2024;1.0;@Hasta__Asta @elisa_jkt saya juga ngajar les kelas 6 faktanya emg banyak siswa yg blm hapal perkalian/gabisa ngerjain soal pembagian;1.84834e+18;;Hasta__Asta;in;;0.0;0.0;1.0;https://x.com/undefined/status/1848340153431146895;1.2659e+18;;saya ngajar les kelas fakta emg banyak siswa hapal kali gabisa ngerjain soal bagi;netral;['ngajar', 'les', 'kelas', 'fakta', 'emg', 'siswa', 'hapal', 'kali', 'gabisa', 'ngerjain'];4
tantangan_guru_kurikulum_9.csv;1.84822e+18;Mon Oct 21 14:17:52 +0000 2024;1.0;@Hasta__Asta @elisa_jkt Aku guru Les fisika pusing bgt hrs ajarin basic math pecahan pindah ruas perkalian pdhl harusnya tinggal jelasin fisikanya aja ;1.84837e+18;;Hasta__Asta;in;;0.0;1.0;1.0;https://x.com/undefined/status/1848368107955593450;73162065.0;;aku guru les fisika pusing bgt hrs ajarin basic math pecah pindah ruas kali pdhl harus tinggal jelasin fisika;netral;['guru', 'les', 'fisika', 'pusing', 'bgt', 'hrs', 'ajarin', 'basic', 'math', 'pecah', 'pindah', 'ruas', 'kali', 'pdhl', 'tinggal', 'jelasin', 'fisika'];4
tantangan_guru_kurikulum_9.csv;1.84822e+18;Mon Oct 21 10:40:58 +0000 2024;1.0;@Hasta__Asta @elisa_jkt Sodara sepupu suamiku kelas 4sd gak bisa nyebutin urutan bulan dari januari-desember;1.84831e+18;;Hasta__Asta;in;;0.0;1.0;0.0;https://x.com/undefined/status/1848313521601454565;1.6076e+18;;sodara sepupu suami kelas sd gak bisa nyebutin urut bulan januari desember;netral;['sodara', 'sepupu', 'suami', 'kelas', 'sd', 'gak', 'nyebutin', 'urut', 'januari', 'desember'];2
tantangan_guru_kurikulum_9.csv;1.84822e+18;Mon Oct 21 13:53:19 +0000 2024;1.0;@Hasta__Asta @elisa_jkt ka ini benerr aku ikut kampus mengajar d sd. anak2nya pada ga bisa pertambahan apalagi perkalian. ini aku masih ngajar d daerah kota bandung apalagi yg d pelosok2 gimana susahnyaaa.. miris bgt liat pendidikan skrgg;1.84836e+18;;Hasta__Asta;in;;0.0;0.0;0.0;https://x.com/undefined/status/1848361929594765355;1.61601e+18;;ka benerr aku ikut kampus ajar d sd anak bisa tambah apalagi kali aku masih ngajar d daerah kota bandung apalagi d pelosok gimana susah miris bgt liat didik skrgg;netral;['ka', 'benerr', 'kampus', 'ajar', 'd', 'sd', 'anak', 'kali', 'ngajar', 'd', 'daerah', 'kota', 'bandung', 'd', 'pelosok', 'gimana', 'susah', 'miris', 'bgt', 'liat', 'didik', 'skrgg'];1
tantangan_guru_kurikulum_9.csv;1.84822e+18;Tue Oct 22 10:11:45 +0000 2024;1.0;@Hasta__Asta @elisa_jkt Bukan gagal kak tapi emang kurikulum nadiem belum pantas untuk diterapkan di Indo dengan SDM yg seperti ini. Sedangkan di luar kurikulum seperti ini bagus karena SDM yg mumpuni. Ga bisa nyalahin guru full tapi peran ortu penting juga skrg apalagi pengaruh teknologi;1.84867e+18;;Hasta__Asta;in;;0.0;0.0;0.0;https://x.com/undefined/status/1848668558953447793;1.4304e+18;;bukan gagal kak tapi emang kurikulum nadiem pantas terap indo sdm seperti sedang luar kurikulum seperti bagus sdm mumpuni bisa nyalahin guru full tapi peran ortu penting skrg apalagi pengaruh teknologi;netral;['gagal', 'kak', 'emang', 'kurikulum', 'nadiem', 'terap', 'indo', 'sdm', 'kurikulum', 'bagus', 'sdm', 'mumpuni', 'nyalahin', 'guru', 'full', 'peran', 'ortu', 'skrg', 'pengaruh', 'teknologi'];0
tantangan_guru_kurikulum_9.csv;1.84822e+18;Mon Oct 21 07:26:05 +0000 2024;0.0;@Hasta__Asta @elisa_jkt istiqfar T_________________T serem amaaattttt;1.84826e+18;;Hasta__Asta;en;;0.0;0.0;0.0;https://x.com/undefined/status/1848264477374124072;36536604.0;;istiqfar t t rem amat;netral;['istiqfar', 't', 't', 'rem'];3
tantangan_guru_kurikulum_9.csv;1.84822e+18;Mon Oct 21 09:14:05 +0000 2024;0.0;@Hasta__Asta @elisa_jkt Hoax..;1.84829e+18;;Hasta__Asta;es;;0.0;3.0;0.0;https://x.com/undefined/status/1848291657407660197;1.54028e+18;;hoax;netral;['hoax'];3
tantangan_guru_kurikulum_9.csv;1.84822e+18;Mon Oct 21 09:19:25 +0000 2024;0.0;@Hasta__Asta @elisa_jkt Salah satu anak gw punn ada yg blom bisa pembagiann dan ga hapal perkalian miriss bgtt ya Allahh mau ngajarin ke hal lain pun mandegg karena yg paling dasarnya blum bisa semangattt para side jobnya guru les ;1.84829e+18;;Hasta__Asta;in;;0.0;0.0;0.0;https://x.com/undefined/status/1848292999215849759;1.25395e+18;;salah satu anak gw punn ada blom bisa pembagiann hapal kali miriss bgtt allahh mau ngajarin hal lain mandegg paling dasar blum bisa semangat para side jobnya guru les;negatif;['salah', 'anak', 'gw', 'punn', 'blom', 'pembagiann', 'hapal', 'kali', 'miriss', 'bgtt', 'allahh', 'ngajarin', 'mandegg', 'dasar', 'blum', 'semangat', 'side', 'jobnya', 'guru', 'les'];1
tantangan_guru_kurikulum_9.csv;1.84822e+18;Mon Oct 21 09:46:29 +0000 2024;0.0;@Hasta__Asta @elisa_jkt aku juga guru les dapet murid kelas 1 belum bisa baca dan tulis jadinya buku catatan ngga pernah lengkap selalu ketinggalan di sekolah mana sekarang sekolah negeri ga dapet lks jadinya agak susah ngajarinnya;1.8483e+18;;Hasta__Asta;in;;0.0;1.0;0.0;https://x.com/undefined/status/1848299810862018638;4915761818.0;;aku guru les dapet murid kelas bisa baca tulis jadi buku catat ngga pernah lengkap selalu tinggal sekolah mana sekarang sekolah negeri dapet lks jadi agak susah ngajarinnya;netral;['guru', 'les', 'dapet', 'murid', 'kelas', 'baca', 'tulis', 'buku', 'catat', 'ngga', 'lengkap', 'tinggal', 'sekolah', 'sekolah', 'negeri', 'dapet', 'lks', 'susah', 'ngajarinnya'];2
tantangan_guru_kurikulum_9.csv;1.84822e+18;Mon Oct 21 10:48:27 +0000 2024;0.0;@Hasta__Asta @elisa_jkt Kurimulum merdwka baru tiga tahun berjalan nah anak kelas 5 itu saat kelas 1 yah pas covid learning loss...kok.disalahin kirikjlumnya? Dasar;1.84832e+18;;Hasta__Asta;in;;0.0;1.0;0.0;https://x.com/undefined/status/1848315405389246882;1.46932e+18;;kurimulum merdwka baru tiga tahun jalan anak kelas saat kelas yah pas covid learning loss disalahin kirikjlumnya dasar;netral;['kurimulum', 'merdwka', 'jalan', 'anak', 'kelas', 'kelas', 'yah', 'pas', 'covid', 'learning', 'loss', 'disalahin', 'kirikjlumnya', 'dasar'];4
tantangan_guru_kurikulum_9.csv;1.84822e+18;Mon Oct 21 11:10:20 +0000 2024;0.0;@Hasta__Asta @elisa_jkt 6 taun sekolah sd boro boro buat perkalian pembagian penjumlahan pengurangan ke bawah pake garis aja ga bisa ;1.84832e+18;;Hasta__Asta;in;;0.0;0.0;0.0;https://x.com/undefined/status/1848320914980761816;9.62306e+17;;taun sekolah sd boro boro buat kali bagi jumlah kurang bawah pake garis bisa;negatif;['taun', 'sekolah', 'sd', 'boro', 'boro', 'kali', 'pake', 'garis'];1
tantangan_guru_kurikulum_9.csv;1.84822e+18;Mon Oct 21 11:13:46 +0000 2024;0.0;@Hasta__Asta @elisa_jkt Enggak juga bagus2 aja kurikulum merdeka njir smp kelas 3 gabisa perkalian ya dasarnya emng goblok aja;1.84832e+18;;Hasta__Asta;in;;0.0;1.0;0.0;https://x.com/undefined/status/1848321777082187941;1.32426e+18;;enggak bagus kurikulum merdeka njir smp kelas gabisa kali dasar emng goblok;positif;['bagus', 'kurikulum', 'merdeka', 'njir', 'smp', 'kelas', 'gabisa', 'kali', 'dasar', 'emng', 'goblok'];0
tantangan_guru_kurikulum_9.csv;1.84822e+18;Mon Oct 21 11:42:40 +0000 2024;0.0;@Hasta__Asta @elisa_jkt Yaampun :((;1.84833e+18;;Hasta__Asta;in;;0.0;0.0;0.0;https://x.com/undefined/status/1848329049179042273;309490627.0;;yaampun;netral;['yaampun'];0
tantangan_guru_kurikulum_9.csv;1.84822e+18;Mon Oct 21 11:44:50 +0000 2024;0.0;@Hasta__Asta @elisa_jkt Sekarang apa si nama kurikulum dia? Terakhir ngerasain K13.;1.84833e+18;;Hasta__Asta;in;;0.0;1.0;0.0;https://x.com/undefined/status/1848329594711245311;602814554.0;;sekarang nama kurikulum dia akhir ngerasain k;netral;['nama', 'kurikulum', 'ngerasain', 'k'];2
tantangan_guru_kurikulum_9.csv;1.84822e+18;Mon Oct 21 12:45:55 +0000 2024;0.0;@Hasta__Asta @elisa_jkt Anak kelas 12 aja gk hapal perkalian pembagian makin gk bisa perkalian sederhana aja ngitungnya di kalkulator giliran suruh belajar banyak banget alasannya;1.84834e+18;;Hasta__Asta;in;;1.0;0.0;0.0;https://x.com/undefined/status/1848344968194400680;1.687e+18;;anak kelas hapal kali bagi makin bisa kali sederhana ngitungnya kalkulator gilir suruh ajar banyak sangat alas;netral;['anak', 'kelas', 'hapal', 'kali', 'kali', 'sederhana', 'ngitungnya', 'kalkulator', 'gilir', 'suruh', 'ajar', 'alas'];4
tantangan_guru_kurikulum_9.csv;1.84822e+18;Mon Oct 21 12:46:32 +0000 2024;0.0;@Hasta__Asta @elisa_jkt Jaman saya kelas 5 sd udah diluar kepala yg kaya gitu.kelas 6 sd udah belajar rumus hitung luasan dalil phitagoras dll;1.84835e+18;;Hasta__Asta;in;;0.0;0.0;0.0;https://x.com/undefined/status/1848345122087542914;1.67232e+18;;jaman saya kelas sd luar kepala kaya begitu kelas sd ajar rumus hitung luas dalil phitagoras dll;netral;['jaman', 'kelas', 'sd', 'kepala', 'kaya', 'kelas', 'sd', 'ajar', 'rumus', 'hitung', 'luas', 'dalil', 'phitagoras', 'dll'];1
tantangan_guru_kurikulum_9.csv;1.84822e+18;Mon Oct 21 15:22:24 +0000 2024;0.0;@Hasta__Asta @elisa_jkt peran ortu dirumah juga penting bgt buat pendidikan anak tp guru2 bener2 nyebelin bgt masa adikku dari kls 1-5sd tiap hari plg krmh bawa pr bener2 banyakkk! udah gitu apa apa harus laporan di grup wa ortu udah kek ortunya kurang kerjaan aja lengah dikit ada aja info yg kelewat;1.84838e+18;;Hasta__Asta;in;;0.0;0.0;0.0;https://x.com/undefined/status/1848384348636184689;1.27088e+18;;peran ortu rumah penting bgt buat didik anak tapi guru bener nyebelin bgt masa adik kls sd tiap hari plg krmh bawa pr bener banyak begitu harus lapor grup wa ortu kek ortunya kurang kerja lengah dikit ada info lewat;negatif;['peran', 'ortu', 'rumah', 'bgt', 'didik', 'anak', 'guru', 'bener', 'nyebelin', 'bgt', 'adik', 'kls', 'sd', 'plg', 'krmh', 'bawa', 'pr', 'bener', 'lapor', 'grup', 'wa', 'ortu', 'kek', 'ortunya', 'kerja', 'lengah', 'dikit', 'info'];4
tantangan_guru_kurikulum_9.csv;1.84822e+18;Mon Oct 21 15:39:14 +0000 2024;0.0;@Hasta__Asta @elisa_jkt serem bgt baca replynyaa ;1.84839e+18;;Hasta__Asta;in;;0.0;0.0;0.0;https://x.com/undefined/status/1848388585667637344;155500542.0;;rem bgt baca replynyaa;netral;['rem', 'bgt', 'baca', 'replynyaa'];2
tantangan_guru_kurikulum_9.csv;1.84822e+18;Mon Oct 21 16:06:13 +0000 2024;0.0;@Hasta__Asta @elisa_jkt Sbenernya ini efek domino dari hilangnya sistem ga naik kelas dan ga lulus. Udah dari jaman K13 ada ga denger lagi ada anak yg bener2 ga naik kelas/ga lulus (kecuali dia beneran ga berangkat ujian).;1.8484e+18;;Hasta__Asta;in;;0.0;0.0;0.0;https://x.com/undefined/status/1848395376245821920;1.02214e+18;;sbenernya efek domino hilang sistem naik kelas lulus jaman k ada denger ada anak bener naik kelas lulus kecuali dia beneran berangkat uji;netral;['sbenernya', 'efek', 'domino', 'hilang', 'sistem', 'kelas', 'lulus', 'jaman', 'k', 'denger', 'anak', 'bener', 'kelas', 'lulus', 'kecuali', 'beneran', 'berangkat', 'uji'];2
tantangan_guru_kurikulum_9.csv;1.84822e+18;Tue Oct 22 01:18:04 +0000 2024;0.0;@Hasta__Asta @elisa_jkt k13 terbaik sih;1.84853e+18;;Hasta__Asta;in;;0.0;0.0;0.0;https://x.com/undefined/status/1848534251635142730;195670374.0;;k baik sih;positif;['k', 'sih'];3
tantangan_guru_kurikulum_9.csv;1.84822e+18;Tue Oct 22 03:23:02 +0000 2024;0.0;@Hasta__Asta @elisa_jkt Setujuuu basic yang seharusnya di kuasai anak dari dasarnya aja gak bisa di dapet anak. Kreativitas muncul karena proyek tetapi basic nya noll;1.84857e+18;;Hasta__Asta;in;;0.0;0.0;0.0;https://x.com/undefined/status/1848565699595456516;1.23261e+18;;tuju basic harus kuasa anak dasar gak bisa dapet anak kreativitas muncul proyek tetapi basic noll;netral;['tuju', 'basic', 'kuasa', 'anak', 'dasar', 'gak', 'dapet', 'anak', 'kreativitas', 'muncul', 'proyek', 'basic', 'noll'];3
tantangan_guru_kurikulum_9.csv;1.84822e+18;Tue Oct 22 03:32:51 +0000 2024;0.0;@Hasta__Asta @elisa_jkt Tetangga sy smp penjumlahan dan pengurangan ajh msh menggunakan jari miriss bgtt;1.84857e+18;;Hasta__Asta;in;;0.0;0.0;0.0;https://x.com/undefined/status/1848568170728329503;1.6286e+18;;tetangga sy smp jumlah kurang ajh msh guna jari miriss bgtt;negatif;['tetangga', 'sy', 'smp', 'ajh', 'msh', 'jari', 'miriss', 'bgtt'];1
tantangan_guru_kurikulum_9.csv;1.84822e+18;Tue Oct 22 15:49:21 +0000 2024;0.0;@Hasta__Asta @elisa_jkt Gue dlu pas sd kls 3 klo mau pulang hrus jwb quiz perkalian dlu bru boleh tu keluar kelas yg bener jwbnya ini baca komen ad yg gbsa perkalian di kls 2 smp tuu gmnn woii;1.84875e+18;;Hasta__Asta;in;;0.0;0.0;0.0;https://x.com/undefined/status/1848753517152112903;1.81411e+18;;saya dlu pas sd kls kalau mau pulang hrus jwb quiz kali dlu bru boleh tu keluar kelas bener jwbnya baca komen ad gbsa kali kls smp tuu gmnn woii;netral;['dlu', 'pas', 'sd', 'kls', 'pulang', 'hrus', 'jwb', 'quiz', 'kali', 'dlu', 'bru', 'tu', 'kelas', 'bener', 'jwbnya', 'baca', 'komen', 'ad', 'gbsa', 'kali', 'kls', 'smp', 'tuu', 'gmnn', 'woii'];1
tantangan_guru_kurikulum_9.csv;1.84822e+18;Tue Oct 22 22:58:32 +0000 2024;0.0;@Hasta__Asta @elisa_jkt tapi knp menyalahkan kurikulum? Bukannya faktor orang tua dan gru jga pnting? Kalo kurikulum gagal berarti semua anak ga bisa perkalian dong ini kan hanya bbrapa individu sja. Kemauan dri diri sendiri untuk bisa jga penting klo ga ada kemauan dri diri untuk belajar ya gimana?;1.84886e+18;;Hasta__Asta;in;;0.0;1.0;0.0;https://x.com/undefined/status/1848861526343750143;1.11014e+18;;tapi knp salah kurikulum bukan faktor orang tua gru jga pnting kalo kurikulum gagal arti semua anak bisa kali hanya bbrapa individu sja mau dri diri sendiri bisa jga penting kalau ada mau dri diri ajar gimana;negatif;['knp', 'salah', 'kurikulum', 'faktor', 'orang', 'tua', 'gru', 'jga', 'pnting', 'kalo', 'kurikulum', 'gagal', 'arti', 'anak', 'kali', 'bbrapa', 'individu', 'sja', 'dri', 'jga', 'dri', 'ajar', 'gimana'];4
tantangan_guru_kurikulum_9.csv;1.84822e+18;Wed Oct 23 00:35:35 +0000 2024;0.0;@Hasta__Asta @elisa_jkt aku ngajar les anak kelas 4 dia pengurangan masih belum bisa juga;1.84889e+18;;Hasta__Asta;in;;0.0;0.0;0.0;https://x.com/undefined/status/1848885948429570093;1.66562e+18;;aku ngajar les anak kelas dia kurang masih bisa;negatif;['ngajar', 'les', 'anak', 'kelas'];4
tantangan_guru_kurikulum_9.csv;1.84822e+18;Wed Oct 23 01:59:14 +0000 2024;0.0;@Hasta__Asta @elisa_jkt merdeka bgt ;1.84891e+18;;Hasta__Asta;in;;0.0;0.0;0.0;https://x.com/undefined/status/1848906998450176179;1.08321e+18;;merdeka bgt;netral;['merdeka', 'bgt'];0
tantangan_guru_kurikulum_9.csv;1.84822e+18;Wed Oct 23 03:15:52 +0000 2024;0.0;@Hasta__Asta @elisa_jkt as orang yang bergelut sampingan jadi guru les juga gue mengakui hal ini beneran ada. anak smp penjumlahan aja bener-bener menghitung pake jari itu pun 2 sampe 3 kali duluu sesimpel 9 + 6 wkwk;1.84893e+18;;Hasta__Asta;in;;0.0;0.0;0.0;https://x.com/undefined/status/1848926284614930738;1.24423e+18;;as orang gelut samping guru les saya aku hal beneran ada anak smp jumlah bener bener hitung pake jari sampe kali duluu simpel;netral;['as', 'orang', 'gelut', 'samping', 'guru', 'les', 'beneran', 'anak', 'smp', 'bener', 'bener', 'hitung', 'pake', 'jari', 'sampe', 'kali', 'duluu', 'simpel'];1
tantangan_guru_kurikulum_9.csv;1.84822e+18;Thu Oct 24 23:03:04 +0000 2024;0.0;"@Hasta__Asta @elisa_jkt Memang bermasalah sejak dulu .. dia dibanggakan krn punya perusahaan dg pendanaan gede: unicorn Pdhl hingga bertahun-tahun sejak berdiri itu perusahaan msh bakar duit. Laba minus. Sdh listing d BEI &amp; merger dg sesama unicorn pun msh minus Disuruh urus pendidikan ya kacau";1.84959e+18;;Hasta__Asta;in;;0.0;0.0;0.0;https://x.com/undefined/status/1849587440086142980;1.56338e+18;;memang masalah sejak dulu dia bangga krn punya usaha dana gede unicorn pdhl hingga tahun tahun sejak diri usaha msh bakar duit laba minus listing d bei amp merger sama unicorn msh minus suruh urus didik kacau;negatif;['bangga', 'krn', 'usaha', 'dana', 'gede', 'unicorn', 'pdhl', 'usaha', 'msh', 'bakar', 'duit', 'laba', 'minus', 'listing', 'd', 'bei', 'amp', 'merger', 'unicorn', 'msh', 'minus', 'suruh', 'urus', 'didik', 'kacau'];3
tantangan_guru_kurikulum_9.csv;1.84822e+18;Mon Oct 21 14:02:37 +0000 2024;1.0;"@Hasta__Asta @elisa_jkt Sejujurnya kita belum cocok niru Finlandia. Karena kita bukan negara yang rakyatnya sadar pentingnya pendidikan. Aku setuju balik ke sistem UN tidak naik kelas dan rapor merah. Ya setidaknya sebagai orang yang pernah merasakan UN dan rapor merah aku bisa bedain tanjung &amp; selat";1.84836e+18;;Hasta__Asta;in;;0.0;1.0;0.0;https://x.com/undefined/status/1848364268519125418;1.71151e+18;;jujur kita cocok niru finlandia kita bukan negara rakyat sadar penting didik aku tuju balik sistem un naik kelas rapor merah tidak bagai orang pernah rasa un rapor merah aku bisa bedain tanjung amp selat;netral;['jujur', 'cocok', 'niru', 'finlandia', 'negara', 'rakyat', 'sadar', 'didik', 'tuju', 'sistem', 'un', 'kelas', 'rapor', 'merah', 'orang', 'un', 'rapor', 'merah', 'bedain', 'tanjung', 'amp', 'selat'];4
kurikulum_2013.csv;1.9118e+18;Tue Apr 15 16:59:37 +0000 2025;8.0;@mardhsalma @tanyarlfes aku bukan guru tapi sebagai mantan siswa yang ngerasain beberapa kurikulum termasuk k13 aku harus setuju sama statement kamu mba. kembalikan k13 dengan revisi sesuai dengan perkembangan zaman sekarang yang serba teknologi biar generasi kedepannya bisa siap;1.91219e+18;;mardhsalma;in;;0.0;0.0;0.0;https://x.com/undefined/status/1912189076339585061;2905582207.0;;aku bukan guru tapi bagai mantan siswa ngerasain beberapa kurikulum masuk k aku harus tuju sama statement kamu mba kembali k revisi sesuai kembang zaman sekarang serba teknologi biar generasi depan bisa siap;positif;['guru', 'mantan', 'siswa', 'ngerasain', 'kurikulum', 'masuk', 'k', 'tuju', 'statement', 'mba', 'k', 'revisi', 'sesuai', 'kembang', 'zaman', 'serba', 'teknologi', 'biar', 'generasi'];3
kurikulum_2013.csv;1.85302e+18;Sun Nov 03 14:47:05 +0000 2024;14.0;@tamerlane9470 Penyusunan kurikulum dan penerapannya baru bisa efektif 10-15 tahun... Harusnya jangan ubah kurikulumnya mending otak-atik dimetode pembelajarannya aja supaya selalu berkembang sesuai perkembangan zaman.;1.85309e+18;;tamerlane9470;in;;0.0;1.0;1.0;https://x.com/undefined/status/1853086504442368506;1.82996e+18;;susun kurikulum terap baru bisa efektif tahun harus jangan ubah kurikulum mending otak atik metode ajar supaya selalu kembang sesuai kembang zaman;positif;['susun', 'kurikulum', 'terap', 'efektif', 'ubah', 'kurikulum', 'mending', 'otak', 'atik', 'metode', 'ajar', 'kembang', 'sesuai', 'kembang', 'zaman'];0
kurikulum_2013.csv;1.85302e+18;Sun Nov 03 13:41:29 +0000 2024;10.0;@tamerlane9470 sebagai alumni kurtilas dan temen2 lulusan kurtilas jadi orang semua kok kelahiran 90an masih bagus2 kualitas pendidikannya. yg 2005 keatas yg mengkhawatirkan banyak sih faktornya.;1.85307e+18;;tamerlane9470;in;;1.0;2.0;0.0;https://x.com/undefined/status/1853069993090678833;1.07051e+18;;bagai alumni kurtilas temen lulus kurtilas orang semua lahir an masih bagus kualitas didik atas khawatir banyak sih faktor;positif;['alumni', 'kurtilas', 'temen', 'lulus', 'kurtilas', 'orang', 'lahir', 'an', 'bagus', 'kualitas', 'didik', 'khawatir', 'sih', 'faktor'];4
kurikulum_2013.csv;1.85302e+18;Sun Nov 03 15:28:22 +0004 2024;6.0;@tamerlane9470 Kata guru saya waktu SD KTSP itu kurikulum yang paling bagus diantara kurikulum yang pernah ada di Indonesia;1.8531e+18;;tamerlane9470;in;;0.0;1.0;0.0;https://x.com/undefined/status/1853096891501953291;354630024.0;;kata guru saya waktu sd ktsp kurikulum paling bagus antara kurikulum pernah ada indonesia;positif;['guru', 'sd', 'ktsp', 'kurikulum', 'bagus', 'kurikulum', 'indonesia'];0
kurikulum_2013.csv;1.85302e+18;Sun Nov 03 13:06:10 +0000 2024;1.0;@tamerlane9470 Berarti tepat disalahkn klo gitu krn tdk berusaha diperbaiki kan kurikulum bisa ganti klo tdk berarti stuju dg kurikulum itu..;1.85306e+18;;tamerlane9470;in;;0.0;0.0;0.0;https://x.com/undefined/status/1853061105372868621;7.81878e+17;;arti tepat disalahkn kalau begitu krn usaha baik kurikulum bisa ganti kalau arti stuju kurikulum;positif;['arti', 'disalahkn', 'krn', 'usaha', 'kurikulum', 'ganti', 'arti', 'stuju', 'kurikulum'];3
kurikulum_2013.csv;1.85302e+18;Sun Nov 03 23:12:55 +0000 2024;1.0;@tamerlane9470 Betul. Tapi seburuk apakah kurikulum 2013? Aku udah gak ngikutin kurikulum selepas tahun 2000an. Dulu perasaan dari kurikulum 1975 lanjut ke 1994 (CBSA) lalu 2004 (KBK) masih baik2 saja. Gak sempurna sih tapi OK lah...;1.85321e+18;;tamerlane9470;in;;0.0;0.0;0.0;https://x.com/undefined/status/1853213800666939529;1.41095e+18;;betul tapi buruk apakah kurikulum aku gak ngikutin kurikulum lepas tahun an dulu asa kurikulum lanjut cbsa lalu kbk masih baik gak sempurna sih tapi ok;positif;['buruk', 'kurikulum', 'gak', 'ngikutin', 'kurikulum', 'lepas', 'an', 'asa', 'kurikulum', 'cbsa', 'kbk', 'gak', 'sempurna', 'sih', 'ok'];3
kurikulum_2013.csv;1.853e+18;Sun Nov 03 10:52:58 +0000 2024;38.0;@berkunjung Mending hapus sebelum lu makin keliatan bloonnya K13 itu produk M. Nuh Anies dateng kaji ulang dan bikin permendikbud agar K13 dihentikan dan kembali ke KTSP tapi keburu direshuffle jadi M. Effendy alhamdulillah terbukti betul gw pinter dan lu yang paok ;1.85303e+18;;berkunjung;in;;1.0;4.0;0.0;https://x.com/undefined/status/1853027585493803425;289838263.0;;mending hapus belum kamu makin liat bloonnya k produk m nuh anies dateng kaji ulang bikin permendikbud agar k henti kembali ktsp tapi keburu direshuffle m effendy alhamdulillah bukti betul gw pinter kamu paok;positif;['mending', 'hapus', 'liat', 'bloonnya', 'k', 'produk', 'm', 'nuh', 'anies', 'dateng', 'kaji', 'ulang', 'bikin', 'permendikbud', 'k', 'henti', 'ktsp', 'keburu', 'direshuffle', 'm', 'effendy', 'alhamdulillah', 'bukti', 'gw', 'pinter', 'paok'];1
kurikulum_2013.csv;3.02387e+17;Fri Feb 15 19:52:48 +0000 2013;0.0;@detikcom Ini proyek gede harus direalisasikan ! Agar fee bisa didapat. Soal gagal urusan guru dan siswa ! Paham !;3.02506e+17;;detikcom;in;;0.0;0.0;0.0;https://x.com/undefined/status/302505763455262720;547929759.0;;proyek gede harus realisasi agar fee bisa dapat soal gagal urus guru siswa paham;positif;['proyek', 'gede', 'realisasi', 'fee', 'gagal', 'urus', 'guru', 'siswa', 'paham'];4
kurikulum_2013.csv;1.85302e+18;Mon Nov 04 03:08:25 +0000 2024;6.0;@tamerlane9470 M Nuh sosok MU yang ga seperti tokoh2 MU yang menjadi Mendikbud. Kek AM Fadjar jauh lah;1.85327e+18;;tamerlane9470;in;;0.0;1.0;0.0;https://x.com/undefined/status/1853270211375567353;2862109627.0;;m nuh sosok mu seperti tokoh mu jadi mendikbud kek am fadjar jauh;positif;['m', 'nuh', 'sosok', 'mu', 'tokoh', 'mu', 'mendikbud', 'kek', 'am', 'fadjar'];1
kurikulum_2013.csv;1.85302e+18;Sun Nov 03 12:36:05 +0000 2024;5.0;@tamerlane9470 Yah dulu juga kurikulum 1994 era Wardiman juga dianggap penyebab turunnya moralitas gara2 terlalu menitikberatkan pada sains ya sekalian itu juga.Kira2 1993 anak2 kelas dua di sawangan Depok juga bacanya blum lancar kurikulumnya masih CBSA yg katanya keseringan blajar kelompok;1.85305e+18;;tamerlane9470;in;;0.0;0.0;0.0;https://x.com/undefined/status/1853053533895176524;1.77551e+18;;yah dulu kurikulum era wardiman anggap sebab turun moralitas gara terlalu menitikberatkan sains sekali kira anak kelas dua sawangan depok baca blum lancar kurikulum masih cbsa kata sering blajar kelompok;positif;['yah', 'kurikulum', 'era', 'wardiman', 'anggap', 'turun', 'moralitas', 'gara', 'menitikberatkan', 'sains', 'anak', 'kelas', 'sawangan', 'depok', 'baca', 'blum', 'lancar', 'kurikulum', 'cbsa', 'blajar', 'kelompok'];0
"kurikulum_2013.csv;1.9123e+18;Thu Apr 17 09:30:00 +0000 2025;7.0;Kurikulum Merdeka itu bagus sih, adaptif banget sama kebutuhan zaman sekarang. Semoga penerapannya makin merata.;;;user_A;in;;1.0;5.0;0.0;https://x.com/userA/status/1912300000000000000;123456789.0;;Kurikulum Merdeka bagus adaptif banget butuh zaman sekarang harap terap makin rata;positif";;;;;;;;;;;;;;;;;;['nan'];0
kurikulum_2013.csv;1.9123e+18;Thu Apr 17 10:15:00 +0000 2025;6.0;Pelajaran di K13 itu bikin siswa lebih aktif karena banyak proyek dan diskusi. Beda sama dulu yang cuma dengerin guru ceramah.;;;user_B;in;;0.0;3.0;0.0;https://x.com/userB/status/1912301000000000000;987654321.0;;Pelajaran K13 bikin siswa aktif karena banyak proyek diskusi beda dulu cuma dengar guru ceramah;positif;['pelajaran', 'k', 'bikin', 'siswa', 'aktif', 'proyek', 'diskusi', 'beda', 'dengar', 'guru', 'ceramah'];2
"kurikulum_2013.csv;1.9123e+18;Thu Apr 17 11:00:00 +0000 2025;9.0;Saya setuju kalau Kurikulum 2013 itu sebenarnya sudah cukup baik, hanya perlu disesuaikan dengan perkembangan teknologi dan kebutuhan masa depan.;;;user_C;in;;0.0;2.0;1.0;https://x.com/userC/status/1912302000000000000;456789012.0;;Setuju kalau Kurikulum 2013 sebenarnya cukup baik hanya perlu sesuai kembang teknologi butuh masa depan;positif";;;;;;;;;;;;;;;;;;['nan'];0
"kurikulum_2013.csv;1.9123e+18;Thu Apr 17 11:45:00 +0000 2025;8.0;Inovasi kurikulum di Indonesia memang harus terus dilakukan. K13 itu pondasi yang bagus, tinggal poles di sana-sini.;;;user_D;in;;1.0;4.0;0.0;https://x.com/userD/status/1912303000000000000;789012345.0;;Inovasi kurikulum Indonesia memang harus terus laku K13 pondasi bagus tinggal poles sana-sini;positif";;;;;;;;;;;;;;;;;;['nan'];0
"kurikulum_2013.csv;1.9123e+18;Thu Apr 17 12:30:00 +0000 2025;7.0;Sebagai orang tua, saya melihat anak-anak lebih antusias belajar dengan kurikulum yang menekankan pada kreativitas. Semoga Kumer tetap dipertahankan.;;;user_E;in;;0.0;6.0;0.0;https://x.com/userE/status/1912304000000000000;321098765.0;;Orang tua saya lihat anak-anak antusias ajar kurikulum tekan pada kreativitas harap Kumer tetap tahan;positif";;;;;;;;;;;;;;;;;;['nan'];0
"kurikulum_2013.csv;1.9123e+18;Thu Apr 17 13:15:00 +0000 2025;6.0;KTSP memang legend. Tapi K13 juga ada bagusnya, terutama di pengembangan karakter siswa. Tiap kurikulum punya kelebihan sendiri.;;;user_F;in;;0.0;1.0;0.0;https://x.com/userF/status/1912305000000000000;654321098.0;;KTSP memang legend tapi K13 juga bagus terutama kembang karakter siswa tiap kurikulum punya lebih sendiri;positif";;;;;;;;;;;;;;;;;;['nan'];0
"kurikulum_2013.csv;1.9123e+18;Thu Apr 17 14:00:00 +0000 2025;9.0;Pentingnya evaluasi berkala untuk kurikulum, seperti K13 ini. Agar sesuai dengan dinamika perkembangan zaman dan kebutuhan industri.;;;user_G;in;;0.0;3.0;0.0;https://x.com/userG/status/1912306000000000000;109876543.0;;Penting evaluasi kala untuk kurikulum seperti K13 agar sesuai dinamika kembang zaman butuh industri;positif";;;;;;;;;;;;;;;;;;['nan'];0
"kurikulum_2013.csv;1.9123e+18;Thu Apr 17 14:45:00 +0000 2025;8.0;Kurikulum Merdeka itu lebih fleksibel, guru jadi punya ruang lebih untuk berinovasi dalam mengajar. Ini bagus untuk meningkatkan kualitas pendidikan.;;;user_H;in;;0.0;5.0;1.0;https://x.com/userH/status/1912307000000000000;234567890.0;;Kurikulum Merdeka lebih fleksibel guru jadi punya ruang lebih inovasi ajar bagus untuk tingkat kualitas didik;positif";;;;;;;;;;;;;;;;;;['nan'];0
kurikulum_2013.csv;1.9123e+18;Thu Apr 17 15:30:00 +0000 2025;7.0;Penggunaan teknologi dalam K13 bisa ditingkatkan lagi. Biar siswa makin melek digital dan siap bersaing di era industri 4.0.;;;user_I;in;;0.0;2.0;0.0;https://x.com/userI/status/1912308000000000000;567890123.0;;Guna teknologi dalam K13 bisa tingkat lagi biar siswa makin melek digital siap saing era industri 4.0;positif;['teknologi', 'k', 'tingkat', 'biar', 'siswa', 'melek', 'digital', 'saing', 'era', 'industri'];3
"kurikulum_2013.csv;1.9123e+18;Thu Apr 17 16:15:00 +0000 2025;6.0;Kurikulum yang baik itu yang tidak membebani siswa dan guru. K13 sudah lumayan, tapi perlu penyempurnaan di beberapa aspek.;;;user_J;in;;0.0;1.0;0.0;https://x.com/userJ/status/1912309000000000000;890123456.0;;Kurikulum baik itu tidak bebani siswa guru K13 sudah lumayan tapi perlu sempurna beberapa aspek;positif";;;;;;;;;;;;;;;;;;['nan'];0
kurikulum_2013.csv;1.9123e+18;Thu Apr 17 17:00:00 +0000 2025;9.0;Saya optimis dengan arah pendidikan kita saat ini. Kurikulum Merdeka adalah langkah maju untuk mencetak generasi yang lebih kompeten dan kreatif.;;;user_K;in;;1.0;7.0;0.0;https://x.com/userK/status/1912310000000000000;112233445.0;;Optimis arah didik kita saat ini Kurikulum Merdeka langkah maju cetak generasi lebih kompeten kreatif;positif;['optimis', 'arah', 'didik', 'kurikulum', 'merdeka', 'langkah', 'maju', 'cetak', 'generasi', 'kompeten', 'kreatif'];0
"kurikulum_2013.csv;1.9123e+18;Thu Apr 17 17:45:00 +0000 2025;8.0;Sudah saatnya kurikulum fokus pada soft skill, bukan cuma hard skill. K13 sudah mulai ke arah sana, perlu diperkuat lagi.;;;user_L;in;;0.0;4.0;0.0;https://x.com/userL/status/1912311000000000000;445566778.0;;Sudah saat kurikulum fokus pada soft skill bukan cuma hard skill K13 sudah mulai arah sana perlu kuat lagi;positif";;;;;;;;;;;;;;;;;;['nan'];0
kurikulum_2013.csv;1.9123e+18;Thu Apr 17 18:30:00 +0000 2025;7.0;Pengembangan kurikulum itu proses berkelanjutan. K13 dengan segala plus minusnya sudah memberikan banyak pelajaran untuk perbaikan selanjutnya.;;;user_M;in;;0.0;3.0;0.0;https://x.com/userM/status/1912312000000000000;778899001.0;;Kembang kurikulum itu proses lanjut K13 segala plus minus sudah beri banyak ajar untuk baik lanjut;positif;['kembang', 'kurikulum', 'proses', 'k', 'plus', 'minus', 'ajar'];4
"kurikulum_2013.csv;1.9123e+18;Thu Apr 17 19:15:00 +0000 2025;6.0;Kurikulum Merdeka itu bagus konsepnya, tapi perlu pelatihan guru yang masif biar implementasinya maksimal. Jangan cuma di atas kertas.;;;user_N;in;;0.0;5.0;1.0;https://x.com/userN/status/1912313000000000000;1002003004.0;;Kurikulum Merdeka bagus konsep tapi perlu latih guru masif biar implementasi maksimal jangan cuma atas kertas;positif";;;;;;;;;;;;;;;;;;['nan'];0
kurikulum_2013.csv;1.9123e+18;Thu Apr 17 20:00:00 +0000 2025;9.0;Saya lihat anak-anak jadi lebih bebas berekspresi di kelas dengan Kurikulum Merdeka. Ini penting untuk mengembangkan potensi mereka.;;;user_O;in;;1.0;6.0;0.0;https://x.com/userO/status/1912314000000000000;3004005006.0;;Saya lihat anak-anak jadi lebih bebas ekspresi kelas Kurikulum Merdeka penting kembang potensi mereka;positif;['lihat', 'anakanak', 'bebas', 'ekspresi', 'kelas', 'kurikulum', 'merdeka', 'kembang', 'potensi'];0
"kurikulum_2013.csv;1.9123e+18;Thu Apr 17 20:45:00 +0000 2025;8.0;Intinya kurikulum itu harus relevan sama zaman. K13 udah lumayan mendekati, tapi adaptasi teknologi harus lebih digenjot lagi.;;;user_P;in;;0.0;2.0;0.0;https://x.com/userP/status/1912315000000000000;6007008009.0;;Intinya kurikulum itu harus relevan sama zaman K13 udah lumayan dekat tapi adaptasi teknologi harus lebih genjot lagi;positif";;;;;;;;;;;;;;;;;;['nan'];0
kurikulum_2013.csv;1.9123e+18;Thu Apr 17 21:30:00 +0000 2025;7.0;Kurikulum Merdeka itu menjanjikan untuk masa depan pendidikan Indonesia. Tinggal bagaimana kita semua bisa bersinergi mewujudkannya.;;;user_Q;in;;0.0;4.0;0.0;https://x.com/userQ/status/1912316000000000000;9001002003.0;;Kurikulum Merdeka janji untuk masa depan didik Indonesia tinggal bagaimana kita semua bisa sinergi wujud;positif;['kurikulum', 'merdeka', 'janji', 'didik', 'indonesia', 'tinggal', 'sinergi', 'wujud'];1
kurikulum_2013.csv;1.9123e+18;Thu Apr 17 22:15:00 +0000 2025;6.0;Perubahan kurikulum memang selalu ada pro dan kontranya. Tapi yang penting niatnya untuk kebaikan siswa. K13 niatnya baik.;;;user_R;in;;0.0;1.0;0.0;https://x.com/userR/status/1912317000000000000;123123123.0;;Ubah kurikulum memang selalu ada pro kontra tapi penting niat untuk baik siswa K13 niat baik;positif;['ubah', 'kurikulum', 'pro', 'kontra', 'niat', 'siswa', 'k', 'niat'];4
kurikulum_2013.csv;1.9123e+18;Thu Apr 17 23:00:00 +0000 2025;9.0;Generasi muda butuh kurikulum yang bisa menyiapkan mereka menghadapi tantangan global. Kurikulum Merdeka adalah jawabannya.;;;user_S;in;;1.0;8.0;0.0;https://x.com/userS/status/1912318000000000000;456456456.0;;Generasi muda butuh kurikulum bisa siap mereka hadap tantang global Kurikulum Merdeka jawab;positif;['generasi', 'muda', 'butuh', 'kurikulum', 'hadap', 'tantang', 'global', 'kurikulum', 'merdeka'];0
kurikulum_2013.csv;1.9123e+18;Fri Apr 18 00:00:00 +0000 2025;8.0;K13 sudah baik dalam pengembangan karakter. Tinggal bagaimana guru bisa mengimplementasikan dengan kreatif.;;;user_T;in;;0.0;3.0;0.0;https://x.com/userT/status/1912319000000000000;789789789.0;;K13 sudah baik kembang karakter tinggal bagaimana guru bisa implementasi kreatif;positif;['k', 'kembang', 'karakter', 'tinggal', 'guru', 'implementasi', 'kreatif'];4
"kurikulum_2013.csv;1.9123e+18;Fri Apr 18 01:00:00 +0000 2025;7.0;Peningkatan mutu pendidikan memang tidak instan, perlu konsistensi dalam menerapkan kurikulum. K13 sudah menuju ke sana.;;;user_U;in;;0.0;2.0;0.0;https://x.com/userU/status/1912320000000000000;101101101.0;;Tingkat mutu didik memang tidak instan perlu konsistensi dalam terap kurikulum K13 sudah tuju sana;positif";;;;;;;;;;;;;;;;;;['nan'];0
"kurikulum_2013.csv;1.9123e+18;Fri Apr 18 02:00:00 +0000 2025;6.0;Kurikulum Merdeka itu bagus, tapi sosialisasi ke daerah-daerah terpencil harus lebih digencarkan. Biar semua merasakan manfaatnya.;;;user_V;in;;0.0;5.0;1.0;https://x.com/userV/status/1912321000000000000;202202202.0;;Kurikulum Merdeka bagus tapi sosialisasi daerah-daerah kecil harus lebih gencarkan biar semua rasa manfaat;positif";;;;;;;;;;;;;;;;;;['nan'];0
"kurikulum_2013.csv;1.9123e+18;Fri Apr 18 03:00:00 +0000 2025;9.0;Melihat antusiasme siswa belajar dengan Kurikulum Merdeka, saya yakin pendidikan kita akan semakin maju.;;;user_W;in;;1.0;7.0;0.0;https://x.com/userW/status/1912322000000000000;303303303.0;;Lihat antusiasme siswa ajar Kurikulum Merdeka saya yakin didik kita makin maju;positif";;;;;;;;;;;;;;;;;;['nan'];0
kurikulum_2013.csv;1.9123e+18;Fri Apr 18 04:00:00 +0000 2025;8.0;K13 sudah mulai memasukkan unsur literasi digital. Ini langkah yang tepat untuk menyongsong era digital.;;;user_X;in;;0.0;4.0;0.0;https://x.com/userX/status/1912323000000000000;404404404.0;;K13 sudah mulai masuk unsur literasi digital langkah tepat songong era digital;positif;['k', 'masuk', 'unsur', 'literasi', 'digital', 'langkah', 'songong', 'era', 'digital'];4
"kurikulum_2013.csv;1.9123e+18;Fri Apr 18 05:00:00 +0000 2025;7.0;Kolaborasi antara guru, siswa, dan orang tua sangat penting dalam implementasi kurikulum. K13 mendorong kolaborasi ini.;;;user_Y;in;;0.0;3.0;0.0;https://x.com/userY/status/1912324000000000000;505505505.0;;Kolaborasi antara guru siswa orang tua sangat penting dalam implementasi kurikulum K13 dorong kolaborasi;positif";;;;;;;;;;;;;;;;;;['nan'];0
kurikulum_2013.csv;1.9123e+18;Fri Apr 18 06:00:00 +0000 2025;6.0;Kurikulum Merdeka itu memberikan otonomi lebih pada sekolah. Semoga ini bisa dimanfaatkan dengan baik untuk menciptakan inovasi pembelajaran.;;;user_Z;in;;0.0;5.0;1.0;https://x.com/userZ/status/1912325000000000000;606606606.0;;Kurikulum Merdeka beri otonomi lebih pada sekolah harap ini bisa manfaat baik untuk cipta inovasi ajar;positif;['kurikulum', 'merdeka', 'otonomi', 'sekolah', 'harap', 'manfaat', 'cipta', 'inovasi', 'ajar'];0
kurikulum_2013.csv;1.9123e+18;Fri Apr 18 07:00:00 +0000 2025;9.0;Pendidikan karakter yang kuat adalah kunci. K13 sudah sangat bagus di aspek ini.;;;user_AA;in;;1.0;8.0;0.0;https://x.com/userAA/status/1912326000000000000;707707707.0;;Didik karakter kuat kunci K13 sudah sangat bagus aspek ini;positif;['didik', 'karakter', 'kuat', 'kunci', 'k', 'bagus', 'aspek'];3
kurikulum_2013.csv;1.9123e+18;Fri Apr 18 08:00:00 +0000 2025;8.0;Kurikulum yang relevan dengan dunia kerja sangat dibutuhkan. K13 sudah mulai ke arah sana dengan pengembangan soft skill.;;;user_BB;in;;0.0;4.0;0.0;https://x.com/userBB/status/1912327000000000000;808808808.0;;Kurikulum relevan dunia kerja sangat butuh K13 sudah mulai arah sana kembang soft skill;positif;['kurikulum', 'relevan', 'dunia', 'kerja', 'butuh', 'k', 'arah', 'kembang', 'soft', 'skill'];4
kurikulum_2013.csv;1.9123e+18;Fri Apr 18 09:00:00 +0000 2025;7.0;Penguatan peran guru dalam K13 sangat vital. Mereka garda terdepan dalam implementasi kurikulum.;;;user_CC;in;;0.0;3.0;0.0;https://x.com/userCC/status/1912328000000000000;909909909.0;;Kuat peran guru dalam K13 sangat vital mereka garda depan dalam implementasi kurikulum;positif;['kuat', 'peran', 'guru', 'k', 'vital', 'garda', 'implementasi', 'kurikulum'];3
"kurikulum_2013.csv;1.9123e+18;Fri Apr 18 10:00:00 +0000 2025;6.0;Kurikulum Merdeka itu bagus, tapi jangan sampai guru dan siswa jadi bingung karena terlalu banyak perubahan.;;;user_DD;in;;0.0;2.0;1.0;https://x.com/userDD/status/1912329000000000000;111222333.0;;Kurikulum Merdeka bagus tapi jangan sampai guru siswa jadi bingung karena terlalu banyak ubah;positif";;;;;;;;;;;;;;;;;;['nan'];0
kurikulum_2013.csv;1.9123e+18;Fri Apr 18 11:00:00 +0000 2025;9.0;Saya percaya dengan potensi Kurikulum Merdeka untuk menciptakan generasi emas Indonesia.;;;user_EE;in;;1.0;9.0;0.0;https://x.com/userEE/status/1912330000000000000;222333444.0;;Percaya potensi Kurikulum Merdeka cipta generasi emas Indonesia;positif;['percaya', 'potensi', 'kurikulum', 'merdeka', 'cipta', 'generasi', 'emas', 'indonesia'];0
kurikulum_2013.csv;1.9123e+18;Fri Apr 18 12:00:00 +0000 2025;8.0;K13 sudah berusaha mengakomodasi berbagai gaya belajar siswa. Ini penting untuk pendidikan inklusif.;;;user_FF;in;;0.0;5.0;0.0;https://x.com/userFF/status/1912331000000000000;333444555.0;;K13 sudah usaha akomodasi berbagai gaya ajar siswa penting untuk didik inklusif;positif;['k', 'usaha', 'akomodasi', 'gaya', 'ajar', 'siswa', 'didik', 'inklusif'];3
kurikulum_2013.csv;1.9123e+18;Fri Apr 18 13:00:00 +0000 2025;7.0;Pengembangan kurikulum harus melibatkan praktisi pendidikan secara langsung. K13 sudah melibatkan banyak pihak.;;;user_GG;in;;0.0;3.0;0.0;https://x.com/userGG/status/1912332000000000000;444555666.0;;Kembang kurikulum harus libat praktisi didik secara langsung K13 sudah libat banyak pihak;positif;['kembang', 'kurikulum', 'libat', 'praktisi', 'didik', 'langsung', 'k', 'libat'];0
"kurikulum_2013.csv;1.9123e+18;Fri Apr 18 14:00:00 +0000 2025;6.0;Kurikulum Merdeka itu bagus, tapi jangan sampai membebani orang tua dengan terlalu banyak tuntutan project.;;;user_HH;in;;0.0;2.0;1.0;https://x.com/userHH/status/1912333000000000000;555666777.0;;Kurikulum Merdeka bagus tapi jangan sampai bebani orang tua terlalu banyak tuntut project;positif";;;;;;;;;;;;;;;;;;['nan'];0
kurikulum_2013.csv;1.9123e+18;Fri Apr 18 15:00:00 +0000 2025;9.0;Masa depan pendidikan cerah dengan Kurikulum Merdeka. Mari kita dukung bersama.;;;user_II;in;;1.0;10.0;0.0;https://x.com/userII/status/1912334000000000000;666777888.0;;Masa depan didik cerah Kurikulum Merdeka mari kita dukung bersama;positif;['didik', 'cerah', 'kurikulum', 'merdeka', 'mari', 'dukung'];1
kurikulum_2013.csv;1.9123e+18;Fri Apr 18 16:00:00 +0000 2025;8.0;K13 sudah bagus dalam membentuk siswa yang mandiri. Ini penting untuk menghadapi era serba cepat.;;;user_JJ;in;;0.0;6.0;0.0;https://x.com/userJJ/status/1912335000000000000;777888999.0;;K13 sudah bagus bentuk siswa mandiri penting untuk hadap era serba cepat;positif;['k', 'bagus', 'bentuk', 'siswa', 'mandiri', 'hadap', 'era', 'serba', 'cepat'];2
kurikulum_2013.csv;1.9123e+18;Fri Apr 18 17:00:00 +0000 2025;7.0;Pemerintah harus memastikan ketersediaan sarana prasarana yang memadai untuk implementasi K13 dan Kurikulum Merdeka.;;;user_KK;in;;0.0;4.0;0.0;https://x.com/userKK/status/1912336000000000000;888999000.0;;Perintah harus pasti sedia sarana prasarana memadai untuk implementasi K13 Kurikulum Merdeka;positif;['perintah', 'sedia', 'sarana', 'prasarana', 'memadai', 'implementasi', 'k', 'kurikulum', 'merdeka'];1
"kurikulum_2013.csv;1.9123e+18;Fri Apr 18 18:00:00 +0000 2025;6.0;Kurikulum Merdeka itu arahnya sudah benar, tinggal diperkuat di bagian evaluasi dan feedback.;;;user_LL;in;;0.0;3.0;0.0;https://x.com/userLL/status/1912337000000000000;999000111.0;;Kurikulum Merdeka arah sudah benar tinggal kuat bagian evaluasi feedback;positif";;;;;;;;;;;;;;;;;;['nan'];0
kurikulum_2013.csv;1.9123e+18;Fri Apr 18 19:00:00 +0000 2025;9.0;Semoga Kurikulum Merdeka bisa terus berinovasi dan menyesuaikan dengan tantangan zaman yang terus berubah.;;;user_MM;in;;1.0;7.0;0.0;https://x.com/userMM/status/1912338000000000000;101112131.0;;Harap Kurikulum Merdeka bisa terus inovasi sesuai tantang zaman terus ubah;positif;['harap', 'kurikulum', 'merdeka', 'inovasi', 'sesuai', 'tantang', 'zaman', 'ubah'];0
kurikulum_2013.csv;1.9123e+18;Fri Apr 18 20:00:00 +0000 2025;8.0;K13 sudah mencoba menyeimbangkan antara akademik dan non-akademik. Ini penting untuk perkembangan siswa yang holistik.;;;user_NN;in;;0.0;5.0;0.0;https://x.com/userNN/status/1912339000000000000;141516171.0;;K13 sudah coba seimbang antara akademik non-akademik penting untuk kembang siswa holistik;positif;['k', 'coba', 'seimbang', 'akademik', 'nonakademik', 'kembang', 'siswa', 'holistik'];4
kurikulum_2013.csv;1.9123e+18;Fri Apr 18 21:00:00 +0000 2025;7.0;Pentingnya peran komunitas dalam mendukung implementasi kurikulum. K13 sudah banyak didukung komunitas.;;;user_OO;in;;0.0;4.0;0.0;https://x.com/userOO/status/1912340000000000000;181920212.0;;Penting peran komunitas dalam dukung implementasi kurikulum K13 sudah banyak dukung komunitas;positif;['peran', 'komunitas', 'dukung', 'implementasi', 'kurikulum', 'k', 'dukung', 'komunitas'];4
"kurikulum_2013.csv;1.9123e+18;Fri Apr 18 22:00:00 +0000 2025;6.0;Kurikulum Merdeka itu bagus, tapi perlu diperhatikan juga kesejahteraan guru biar mereka bisa fokus mengajar dengan baik.;;;user_PP;in;;0.0;3.0;1.0;https://x.com/userPP/status/1912341000000000000;222324252.0;;Kurikulum Merdeka bagus tapi perlu perhati juga sejahtera guru biar mereka bisa fokus ajar baik;positif";;;;;;;;;;;;;;;;;;['nan'];0
kurikulum_2013.csv;1.9123e+18;Fri Apr 18 23:00:00 +0000 2025;9.0;Saya optimis dengan masa depan pendidikan Indonesia dengan adanya Kurikulum Merdeka ini.;;;user_QQ;in;;1.0;9.0;0.0;https://x.com/userQQ/status/1912342000000000000;262728292.0;;Optimis masa depan didik Indonesia ada Kurikulum Merdeka ini;positif;['optimis', 'didik', 'indonesia', 'kurikulum', 'merdeka'];0
kurikulum_2013.csv;1.9123e+18;Sat Apr 19 00:00:00 +0000 2025;8.0;K13 sudah mengajarkan siswa untuk berpikir kritis. Ini skill yang sangat dibutuhkan di era sekarang.;;;user_RR;in;;0.0;6.0;0.0;https://x.com/userRR/status/1912343000000000000;303132333.0;;K13 sudah ajar siswa pikir kritis skill sangat butuh era sekarang;positif;['k', 'ajar', 'siswa', 'pikir', 'kritis', 'skill', 'butuh', 'era'];4
kurikulum_2013.csv;1.9123e+18;Sat Apr 19 01:00:00 +0000 2025;7.0;Perlu adanya riset dan pengembangan berkelanjutan untuk kurikulum. K13 sudah ada beberapa riset pendukung.;;;user_SS;in;;0.0;4.0;0.0;https://x.com/userSS/status/1912344000000000000;343536373.0;;Perlu ada riset kembang lanjut untuk kurikulum K13 sudah ada beberapa riset dukung;positif;['riset', 'kembang', 'kurikulum', 'k', 'riset', 'dukung'];0
kurikulum_2013.csv;1.9123e+18;Sat Apr 19 02:00:00 +0000 2025;6.0;Kurikulum Merdeka itu memberikan ruang bagi siswa untuk memilih minatnya. Ini bagus untuk pengembangan diri.;;;user_TT;in;;0.0;5.0;1.0;https://x.com/userTT/status/1912345000000000000;383940414.0;;Kurikulum Merdeka beri ruang bagi siswa untuk pilih minat bagus untuk kembang diri;positif;['kurikulum', 'merdeka', 'ruang', 'siswa', 'pilih', 'minat', 'bagus', 'kembang'];4
kurikulum_2013.csv;1.9123e+18;Sat Apr 19 03:00:00 +0000 2025;9.0;Saya salut dengan upaya pemerintah dalam memperbaiki kualitas pendidikan melalui Kurikulum Merdeka.;;;user_UU;in;;1.0;8.0;0.0;https://x.com/userUU/status/1912346000000000000;424344454.0;;Salut upaya perintah dalam baik kualitas didik melalui Kurikulum Merdeka;positif;['salut', 'upaya', 'perintah', 'kualitas', 'didik', 'kurikulum', 'merdeka'];4
kurikulum_2013.csv;1.9123e+18;Sat Apr 19 04:00:00 +0000 2025;8.0;K13 sudah mengajarkan nilai-nilai Pancasila. Ini penting untuk membentuk karakter bangsa.;;;user_VV;in;;0.0;5.0;0.0;https://x.com/userVV/status/1912347000000000000;464748494.0;;K13 sudah ajar nilai-nilai Pancasila penting untuk bentuk karakter bangsa;positif;['k', 'ajar', 'nilainilai', 'pancasila', 'bentuk', 'karakter', 'bangsa'];4
kurikulum_2013.csv;1.9123e+18;Sat Apr 19 05:00:00 +0000 2025;7.0;Pembelajaran berbasis proyek dalam K13 sangat efektif untuk melatih kreativitas dan problem-solving siswa.;;;user_WW;in;;0.0;4.0;0.0;https://x.com/userWW/status/1912348000000000000;505152535.0;;Ajar basis proyek dalam K13 sangat efektif untuk latih kreativitas problem-solving siswa;positif;['ajar', 'basis', 'proyek', 'k', 'efektif', 'latih', 'kreativitas', 'problemsolving', 'siswa'];4
"kurikulum_2013.csv;1.9123e+18;Sat Apr 19 06:00:00 +0000 2025;6.0;Kurikulum Merdeka itu bagus, tapi perlu ada keseimbangan antara materi dan praktik. Jangan sampai terlalu banyak teori.;;;user_XX;in;;0.0;3.0;1.0;https://x.com/userXX/status/1912349000000000000;545556575.0;;Kurikulum Merdeka bagus tapi perlu ada seimbang antara materi praktik jangan sampai terlalu banyak teori;positif";;;;;;;;;;;;;;;;;;['nan'];0
kurikulum_2013.csv;1.9123e+18;Sat Apr 19 07:00:00 +0000 2025;9.0;Saya harap Kurikulum Merdeka bisa menjadi solusi untuk ketertinggalan pendidikan kita.;;;user_YY;in;;1.0;9.0;0.0;https://x.com/userYY/status/1912350000000000000;585960616.0;;Harap Kurikulum Merdeka bisa jadi solusi untuk tinggal didik kita;positif;['harap', 'kurikulum', 'merdeka', 'solusi', 'tinggal', 'didik'];0
"kurikulum_2013.csv;1.9123e+18;Sat Apr 19 08:00:00 +0000 2025;8.0;K13 sudah bagus dalam mendorong siswa untuk aktif mencari tahu, bukan hanya menerima informasi.;;;user_ZZ;in;;0.0;6.0;0.0;https://x.com/userZZ/status/1912351000000000000;626364656.0;;K13 sudah bagus dorong siswa untuk aktif cari tahu bukan hanya terima informasi;positif";;;;;;;;;;;;;;;;;;['nan'];0
"kurikulum_2013.csv;1.9123e+18;Sat Apr 19 09:00:00 +0000 2025;1.0;Kurikulum 2013 ini banyak banget teorinya, bikin pusing siswa dan guru. Kapan praktiknya sih?;;;user_negA;in;;0.0;1.0;0.0;https://x.com/user_negA/status/1912352000000000000;1234567891.0;;Kurikulum 2013 banyak banget teori bikin pusing siswa guru kapan praktik sih;negatif";;;;;;;;;;;;;;;;;;['nan'];0
"kurikulum_2013.csv;1.9123e+18;Sat Apr 19 10:00:00 +0000 2025;2.0;Ganti kurikulum lagi, ganti lagi. Kapan stabilnya sih pendidikan kita? Capek ngikutinnya.;;;user_negB;in;;0.0;2.0;0.0;https://x.com/user_negB/status/1912353000000000000;9876543212.0;;Ganti kurikulum lagi ganti lagi kapan stabil sih didik kita capek ikut;negatif";;;;;;;;;;;;;;;;;;['nan'];0
"kurikulum_2013.csv;1.9123e+18;Sat Apr 19 11:00:00 +0000 2025;3.0;Kurikulum Merdeka katanya bagus, tapi di lapangan implementasinya masih amburadul. Banyak guru yang belum siap.;;;user_negC;in;;0.0;3.0;1.0;https://x.com/user_negC/status/1912354000000000000;4567890123.0;;Kurikulum Merdeka kata bagus tapi lapangan implementasi masih amburadul banyak guru belum siap;negatif";;;;;;;;;;;;;;;;;;['nan'];0
"kurikulum_2013.csv;1.9123e+18;Sat Apr 19 12:00:00 +0000 2025;1.0;K13 ini terlalu banyak proyek, bikin siswa malah jadi stress. Belajar jadi gak fokus.;;;user_negD;in;;0.0;1.0;0.0;https://x.com/user_negD/status/1912355000000000000;7890123454.0;;K13 ini terlalu banyak proyek bikin siswa malah jadi stress ajar jadi gak fokus;negatif";;;;;;;;;;;;;;;;;;['nan'];0
"kurikulum_2013.csv;1.9123e+18;Sat Apr 19 13:00:00 +0000 2025;2.0;Kurikulum sering ganti, tapi kualitas pendidikan gitu-gitu aja. Ada apa sebenarnya?;;;user_negE;in;;0.0;2.0;0.0;https://x.com/user_negE/status/1912356000000000000;3210987655.0;;Kurikulum sering ganti tapi kualitas didik gitu-gitu aja ada apa benar;negatif";;;;;;;;;;;;;;;;;;['nan'];0
"kurikulum_2013.csv;1.9123e+18;Sat Apr 19 14:00:00 +0000 2025;3.0;Kurikulum Merdeka itu idealis banget, tapi kenyataannya di lapangan susah diterapkan. Infrastruktur belum siap.;;;user_negF;in;;0.0;3.0;1.0;https://x.com/user_negF/status/1912357000000000000;6543210986.0;;Kurikulum Merdeka itu idealis banget tapi nyata lapangan susah terap infrastruktur belum siap;negatif";;;;;;;;;;;;;;;;;;['nan'];0
"kurikulum_2013.csv;1.9123e+18;Sat Apr 19 15:00:00 +0000 2025;1.0;K13 ini terlalu banyak materi, anak-anak jadi kurang waktu main dan sosialisasi.;;;user_negG;in;;0.0;1.0;0.0;https://x.com/user_negG/status/1912358000000000000;1098765437.0;;K13 ini terlalu banyak materi anak-anak jadi kurang waktu main sosialisasi;negatif";;;;;;;;;;;;;;;;;;['nan'];0
"kurikulum_2013.csv;1.9123e+18;Sat Apr 19 16:00:00 +0000 2025;2.0;Setiap ganti menteri, ganti kurikulum. Kayak mainan aja pendidikan kita ini.;;;user_negH;in;;0.0;2.0;0.0;https://x.com/user_negH/status/1912359000000000000;2345678908.0;;Tiap ganti menteri ganti kurikulum kayak main aja didik kita ini;negatif";;;;;;;;;;;;;;;;;;['nan'];0
kurikulum_2013.csv;1.9123e+18;Sat Apr 19 17:00:00 +0000 2025;3.0;Kurikulum Merdeka itu butuh guru-guru yang sangat inovatif. Kalau guru di daerah gimana nasibnya?;;;user_negI;in;;0.0;3.0;1.0;https://x.com/user_negI/status/1912360000000000000;5678901239.0;;Kurikulum Merdeka butuh guru-guru sangat inovatif kalau guru daerah gimana nasib;negatif;['kurikulum', 'merdeka', 'butuh', 'guruguru', 'inovatif', 'guru', 'daerah', 'gimana', 'nasib'];0
"kurikulum_2013.csv;1.9123e+18;Sat Apr 19 18:00:00 +0000 2025;1.0;K13 ini cuma sibuk sama administrasi, guru jadi lupa esensi mengajar.;;;user_negJ;in;;0.0;1.0;0.0;https://x.com/user_negJ/status/1912361000000000000;8901234560.0;;K13 ini cuma sibuk sama administrasi guru jadi lupa esensi ajar;negatif";;;;;;;;;;;;;;;;;;['nan'];0
"kurikulum_2013.csv;1.9123e+18;Sat Apr 19 19:00:00 +0000 2025;5.0;Kurikulum 2013 dan Kurikulum Merdeka, keduanya punya tujuan baik. Tinggal bagaimana implementasinya bisa merata.;;;user_netA;in;;0.0;2.0;0.0;https://x.com/user_netA/status/1912362000000000000;1122334451.0;;Kurikulum 2013 Kurikulum Merdeka kedua punya tuju baik tinggal bagaimana implementasi bisa rata;netral";;;;;;;;;;;;;;;;;;['nan'];0
"kurikulum_2013.csv;1.9123e+18;Sat Apr 19 20:00:00 +0000 2025;4.0;Pembaharuan kurikulum itu wajar, selama tujuannya untuk kemajuan pendidikan. K13 dan Merdeka sama-sama niatnya baik.;;;user_netB;in;;0.0;1.0;0.0;https://x.com/user_netB/status/1912363000000000000;4455667782.0;;Baharu kurikulum wajar selama tuju untuk maju didik K13 Merdeka sama-sama niat baik;netral";;;;;;;;;;;;;;;;;;['nan'];0
kurikulum_2013.csv;1.9123e+18;Sat Apr 19 21:00:00 +0000 2025;5.0;Semua kurikulum pasti ada plus minusnya. Yang penting evaluasi dan perbaikan terus menerus.;;;user_netC;in;;0.0;3.0;0.0;https://x.com/user_netC/status/1912364000000000000;7788990013.0;;Semua kurikulum pasti ada plus minus penting evaluasi baik terus menerus;netral;['kurikulum', 'plus', 'minus', 'evaluasi', 'menerus'];4
"kurikulum_2013.csv;1.9123e+18;Sat Apr 19 22:00:00 +0000 2025;4.0;Kurikulum itu alat, yang penting bagaimana guru dan siswa bisa beradaptasi dan berinovasi.;;;user_netD;in;;0.0;2.0;0.0;https://x.com/user_netD/status/1912365000000000000;10020030044.0;;Kurikulum itu alat penting bagaimana guru siswa bisa adaptasi inovasi;netral";;;;;;;;;;;;;;;;;;['nan'];0
kurikulum_2013.csv;1.9123e+18;Sat Apr 19 23:00:00 +0000 2025;5.0;Perdebatan kurikulum mana yang terbaik tidak akan ada habisnya. Fokus pada peningkatan kualitas guru saja.;;;user_netE;in;;0.0;4.0;0.0;https://x.com/user_netE/status/1912366000000000000;30040050065.0;;Debat kurikulum mana baik tidak akan ada habis fokus pada tingkat kualitas guru saja;netral;['debat', 'kurikulum', 'habis', 'fokus', 'tingkat', 'kualitas', 'guru'];3
kurikulum_2013.csv;1.9123e+18;Sun Apr 20 00:00:00 +0000 2025;4.0;Kurikulum itu harus sesuai dengan kondisi di lapangan. Tidak bisa dipukul rata untuk semua daerah.;;;user_netF;in;;0.0;1.0;0.0;https://x.com/user_netF/status/1912367000000000000;60070080096.0;;Kurikulum itu harus sesuai kondisi lapangan tidak bisa pukul rata untuk semua daerah;netral;['kurikulum', 'sesuai', 'kondisi', 'lapangan', 'daerah'];2
kurikulum_2013.csv;1.9123e+18;Sun Apr 20 01:00:00 +0000 2025;5.0;Banyak pro dan kontra setiap ada perubahan kurikulum. Yang penting tujuan akhir tercapai: pendidikan yang lebih baik.;;;user_netG;in;;0.0;3.0;0.0;https://x.com/user_netG/status/1912368000000000000;90010020037.0;;Banyak pro kontra tiap ada ubah kurikulum penting tuju akhir capai didik baik;netral;['pro', 'kontra', 'ubah', 'kurikulum', 'tuju', 'capai', 'didik'];4
kurikulum_2013.csv;1.9123e+18;Sun Apr 20 02:00:00 +0000 2025;4.0;Setiap kurikulum punya tantangan sendiri. K13 dan Merdeka juga punya PR masing-masing.;;;user_netH;in;;0.0;2.0;0.0;https://x.com/user_netH/status/1912369000000000000;1231231238.0;;Tiap kurikulum punya tantang sendiri K13 Merdeka juga punya pr masing-masing;netral;['kurikulum', 'tantang', 'k', 'merdeka', 'pr', 'masingmasing'];3
kurikulum_2013.csv;1.9123e+18;Sun Apr 20 03:00:00 +0000 2025;5.0;Penting untuk melihat dampak jangka panjang dari setiap kurikulum. Jangan cuma ganti-ganti tanpa arah.;;;user_netI;in;;0.0;4.0;0.0;https://x.com/user_netI/status/1912370000000000000;4564564569.0;;Penting untuk lihat dampak jangka panjang dari tiap kurikulum jangan cuma ganti-ganti tanpa arah;netral;['lihat', 'dampak', 'jangka', 'kurikulum', 'gantiganti', 'arah'];1
"kurikulum_2013.csv;1.9123e+18;Sun Apr 20 04:00:00 +0000 2025;4.0;Apapun kurikulumnya, yang paling penting adalah kualitas guru dan fasilitas belajar.;;;user_netJ;in;;0.0;1.0;0.0;https://x.com/user_netJ/status/1912371000000000000;7897897890.0;;Apapun kurikulum yang paling penting adalah kualitas guru fasilitas ajar;netral";;;;;;;;;;;;;;;;;;['nan'];0
