Source.Name,conversation_id_str,created_at,favorite_count,full_text,id_str,image_url,in_reply_to_screen_name,lang,location,quote_count,reply_count,retweet_count,tweet_url,user_id_str,username
kurikulum-merdeka_1.csv,1.93693E+18,Sun Jun 22 23:29:58 +0000 2025,13,@DosenGarisLucu Kalau lihat hasil begini apakah salah kalau punya pendapat bahwa Nadiem itu punya niat merusak generasi muda Indonesia?,1.93693E+18,,DosenGarisLucu,in,,0,9,0,https://x.com/undefined/status/1936929688527798658,548979786,
kurikulum-merdeka_1.csv,1.93693E+18,Mon Jun 23 03:39:51 +0000 2025,219,@DosenGarisLucu Kurikulum merdeka was implemented under jokowi's 2nd term in 2020. The IFLS 5 data was from 2014/2015. Having kurikulum merdeka be responsible for the result in IFLS 5 is a temporal impossibility. Dosen garis lucu ? You should grasp the basic factual matters before commenting.,1.93699E+18,,DosenGarisLucu,en,,2,8,26,https://x.com/undefined/status/1936992571970208124,1.46785E+18,
kurikulum-merdeka_1.csv,1.93693E+18,Mon Jun 23 09:56:18 +0000 2025,0,@DosenGarisLucu Loh datanya IFLS 5 kan udh 10 tahun yg lalu belum ada kurikulum merdeka itu gimana sih,1.93709E+18,,DosenGarisLucu,in,,0,1,0,https://x.com/undefined/status/1937087307942887506,94079831,
kurikulum-merdeka_1.csv,1.93693E+18,Mon Jun 23 05:53:10 +0000 2025,16,@DosenGarisLucu Kalau ngeliat sourcenya IFLS5 berarti ini proyeksi apa gimana si? Di tahun segitu kan Menterinya Abah? Wkwkwk https://t.co/g3dSxuxaTY,1.93703E+18,https://pbs.twimg.com/media/GuGy_SRWwAA1Jvy.jpg,DosenGarisLucu,in,,0,2,1,https://x.com/undefined/status/1937026124116308375,1.61083E+18,
kurikulum-merdeka_1.csv,1.93693E+18,Mon Jun 23 08:32:45 +0000 2025,47,@DosenGarisLucu https://t.co/vXmE8JQzUx ini dari sini kan ambilnya? ditulis disana dari tahun 2000 sudah memburuk jadi bukan hanya kurikulum merdeka tapi pendidikan di Indonesia emang hancur dari masa reformasi gimana ngga hancur setiap ganti menteri ganti kurikulum ‍,1.93707E+18,,DosenGarisLucu,in,,1,2,8,https://x.com/undefined/status/1937066284149330361,53289501,
kurikulum-merdeka_1.csv,1.93693E+18,Mon Jun 23 11:22:28 +0000 2025,12,@DosenGarisLucu Nerapin ala finlandia tp problem utamanya gak diselesaikan. Sangat pejabat indo sekali.,1.93711E+18,,DosenGarisLucu,in,,0,0,2,https://x.com/undefined/status/1937108992372998206,42642987,
kurikulum-merdeka_1.csv,1.93693E+18,Mon Jun 23 00:00:03 +0000 2025,5,@DosenGarisLucu Dokumennya bisa diakses di mana min?,1.93694E+18,,DosenGarisLucu,in,,0,1,0,https://x.com/undefined/status/1936937257052803260,1.52118E+18,
kurikulum-merdeka_1.csv,1.93693E+18,Mon Jun 23 08:32:59 +0000 2025,20,@DosenGarisLucu Guru dipaksa katrol nilai walau nilai siswa jelek kayak tai. Akhirnya murid sombong merasa pintar karena nilai di rapot tertulis 80 lebih semua. Memberi nilai di bawah itu maka guru dianggap tolol sekolah dianggap gagal. Manusia bodoh yang merasa pintar akan selamanya bodoh.,1.93707E+18,,DosenGarisLucu,in,,0,2,2,https://x.com/undefined/status/1937066342773064131,1.6057E+18,
kurikulum-merdeka_1.csv,1.93693E+18,Mon Jun 23 12:04:26 +0000 2025,6,@DosenGarisLucu The IFLS5 [..] was fielded between late October 2014 and the end of April 2015 with long distance tracking extending through the end of August 2015 https://t.co/Lb9DMkkO7x Kenapa jadi Nadiem yang dibahas? Menteri Pendidikan siapa di periode ini?,1.93712E+18,,DosenGarisLucu,en,,0,0,0,https://x.com/undefined/status/1937119553261281754,15687008,
kurikulum-merdeka_1.csv,1.93693E+18,Mon Jun 23 14:54:46 +0000 2025,2,@DosenGarisLucu Bukan kurikulum merdeka yang bermasalah tapai seringnya ganti kurikulum. Ini yang bikin guru sibuk administrasi sampai ngajar cuma seadanya Beban paling berat guru tuh harusnya ngajar bukan administrasi.,1.93716E+18,,DosenGarisLucu,in,,0,0,0,https://x.com/undefined/status/1937162421837390068,7.49476E+17,
kurikulum-merdeka_1.csv,1.93693E+18,Mon Jun 23 13:45:33 +0000 2025,2,@DosenGarisLucu Ini maksudnya ngelucu? Soalnya menyedihkan kalo engga. Dosen gitu lho...,1.93714E+18,,DosenGarisLucu,in,,0,0,0,https://x.com/undefined/status/1937144999730430055,90809267,
kurikulum-merdeka_1.csv,1.93693E+18,Mon Jun 23 06:07:55 +0000 2025,0,@DosenGarisLucu Kurikulum merdeka itu baru diimplementasikan blm 1-2 thn blm ada yg lulusan kurikulum merdeka. Itupun blm semua sekolah menerapkan. Bagaimana mungkin kita bsa menyimpulkan itu hasil kurikulim merdeka?. Ada2 aja,1.93703E+18,,DosenGarisLucu,in,,0,0,0,https://x.com/undefined/status/1937029836398297208,236845088,
kurikulum-merdeka_1.csv,1.93693E+18,Mon Jun 23 13:30:03 +0000 2025,0,@DosenGarisLucu Kurikulum Merdeka baru kemarin diimplementasikan. Itu pun belum keseluruhan sekolah karena sifatnya opsional (bagi sekolah yg fasilitasnya mumpuni aja). Kayanya bukan karena KurMer ,1.93714E+18,,DosenGarisLucu,in,,0,0,0,https://x.com/undefined/status/1937141102655803681,1.54925E+18,
kurikulum-merdeka_1.csv,1.93693E+18,Tue Jun 24 01:07:38 +0000 2025,1,@DosenGarisLucu yang dievaluasi dari era menteri yahya muhaimin sampai M Nuh jadi Kurmer belum tercakup dalam penelitian tsb meskipun aku yakin it's the worst ever. tadi cari-cari nemu full papernya barangkali minat baca https://t.co/puSmQJaDjo https://t.co/6o79hcDk7s,1.93732E+18,https://pbs.twimg.com/media/GuK4FkIXoAAjcQO.png,DosenGarisLucu,in,,0,0,0,https://x.com/undefined/status/1937316655098413438,105400206,
kurikulum-merdeka_1.csv,1.93693E+18,Tue Jun 24 07:29:50 +0000 2025,0,@DosenGarisLucu mana kok diam aja akunnya jawab dong pertanyaan di komentarnya. jangan pengecut lah masa cuma bisa asbun terus ngendog gitu ,1.93741E+18,,DosenGarisLucu,in,,0,0,0,https://x.com/undefined/status/1937412837766480231,285031271,
kurikulum-merdeka_1.csv,1.93693E+18,Mon Jun 23 03:11:49 +0000 2025,0,@DosenGarisLucu PGP PSP PMM CB IKM....,1.93699E+18,,DosenGarisLucu,in,,0,0,0,https://x.com/undefined/status/1936985516756676662,218375747,
kurikulum-merdeka_1.csv,1.93693E+18,Tue Jun 24 00:36:12 +0000 2025,0,@DosenGarisLucu Memang benar kiblat pendidikan kita mesti belajar ke China. Gausah muluk2 ke Europe,1.93731E+18,,DosenGarisLucu,in,,0,0,0,https://x.com/undefined/status/1937308744259440791,528023230,
kurikulum-merdeka_1.csv,1.93693E+18,Mon Jun 23 03:48:04 +0000 2025,3,@DosenGarisLucu Ada konten dimana Anak SMP dan Anak SMA ditanya 10 : 1/2 pada jawab ngawur. Itu soal sederhana banget dan gue berharap ada konten dimana suruh jawab jam berapa dgn gunain jam analog alias jam dinding !,1.93699E+18,,DosenGarisLucu,in,,0,0,0,https://x.com/undefined/status/1936994641653702722,1.90273E+18,
kurikulum-merdeka_1.csv,1.93693E+18,Mon Jun 23 22:12:46 +0000 2025,0,@DosenGarisLucu lu juga kayanya kagak pake kurmer tapi ngambil kesimpulan datanya ngaco bener ,1.93727E+18,,DosenGarisLucu,in,,0,0,0,https://x.com/undefined/status/1937272645302755550,97671645,
kurikulum-merdeka_1.csv,1.93693E+18,Mon Jun 23 07:15:32 +0000 2025,0,@DosenGarisLucu 20 28 bukannya ga ngerasain kurikulum merdeka ya?,1.93705E+18,,DosenGarisLucu,in,,0,0,0,https://x.com/undefined/status/1937046852857368844,1.44203E+18,
kurikulum-merdeka_1.csv,1.93693E+18,Mon Jun 23 14:22:55 +0000 2025,0,@DosenGarisLucu Harus pakai data dari BPS pak agar terlihat bagusssss,1.93715E+18,,DosenGarisLucu,in,,0,0,0,https://x.com/undefined/status/1937154404354044182,1.06326E+18,
kurikulum-merdeka_1.csv,1.93693E+18,Mon Jun 23 04:15:48 +0000 2025,0,@DosenGarisLucu the kurikulum was a mistake,1.937E+18,,DosenGarisLucu,en,,0,0,0,https://x.com/undefined/status/1937001617813053603,1.34464E+18,
kurikulum-merdeka_1.csv,1.93693E+18,Mon Jun 23 10:38:21 +0000 2025,0,@DosenGarisLucu @lunatictwister malam ini request bahas ini dong. Bentar juga gapapa,1.9371E+18,,DosenGarisLucu,in,,0,0,0,https://x.com/undefined/status/1937097892101280151,1.78107E+18,
kurikulum-merdeka_1.csv,1.93693E+18,Mon Jun 23 12:36:15 +0000 2025,0,@DosenGarisLucu Bonus demografi jadi bencana,1.93713E+18,,DosenGarisLucu,in,,0,0,0,https://x.com/undefined/status/1937127560426754488,1.10321E+18,
kurikulum-merdeka_1.csv,1.93693E+18,Mon Jun 23 12:03:31 +0000 2025,0,@DosenGarisLucu Data tahun berapa bang.,1.93712E+18,,DosenGarisLucu,in,,0,0,0,https://x.com/undefined/status/1937119322410987678,2275973118,
kurikulum-merdeka_1.csv,1.93693E+18,Mon Jun 23 10:43:04 +0000 2025,1,@DosenGarisLucu Infonya menyesatkan,1.9371E+18,,DosenGarisLucu,in,,0,0,0,https://x.com/undefined/status/1937099078644666638,1229758292,
kurikulum-merdeka_1.csv,1.93693E+18,Mon Jun 23 04:39:34 +0000 2025,0,@DosenGarisLucu Hasil kumer atau hasil zonasi?,1.93701E+18,,DosenGarisLucu,in,,0,0,0,https://x.com/undefined/status/1937007598735352071,242222324,
kurikulum-merdeka_1.csv,1.93693E+18,Mon Jun 23 03:08:31 +0000 2025,1,@DosenGarisLucu Akhibat dari kebijakan ga napak tanah negara ini sekarang panen SDM ora mutu.,1.93698E+18,,DosenGarisLucu,in,,0,0,0,https://x.com/undefined/status/1936984688306057405,1.50777E+18,
kurikulum-merdeka_1.csv,1.93693E+18,Mon Jun 23 18:29:52 +0000 2025,0,@DosenGarisLucu Jadi bahan uji coba,1.93722E+18,,DosenGarisLucu,in,,0,0,0,https://x.com/undefined/status/1937216553365434788,1.09478E+18,
kurikulum-merdeka_1.csv,1.93693E+18,Mon Jun 23 16:10:42 +0000 2025,0,@DosenGarisLucu Nadiem harus tanggung jawab.,1.93718E+18,,DosenGarisLucu,in,,0,0,0,https://x.com/undefined/status/1937181531912761627,82480219,
kurikulum-merdeka_10.csv,1.83292E+18,Mon Sep 09 00:08:35 +0000 2024,8,@tvOneNews Dulu yg mengusulkan nadiem jadi menteri pendidikan bener2 gak lihat latar belakangnya semoga di pemerintahan yg baru dapat menteri pendidikan yg mengerti dan paham memajukan murid dan tenaga pengajar lebih baik mencapai keilmuwan yg unggul,1.83293E+18,,tvOneNews,in,,0,0,0,https://x.com/undefined/status/1832934088891904501,95581423,
kurikulum-merdeka_10.csv,1.83292E+18,Sun Sep 08 23:04:13 +0000 2024,7,@tvOneNews Nadiem telah merusak sistem pendidikan Indonesia.,1.83292E+18,,tvOneNews,in,,1,1,0,https://x.com/undefined/status/1832917888929513859,121425273,
kurikulum-merdeka_10.csv,1.83292E+18,Sun Sep 08 23:04:34 +0000 2024,4,@tvOneNews Niat nya ingin merusak bangsa dan negara ini... Siapa sih nadim ini??? Apa dia benar org Indonesia.. Yg punya rasa terhadap bangsa dan negara ini....,1.83292E+18,,tvOneNews,in,,0,0,0,https://x.com/undefined/status/1832917975747400060,1.62255E+18,
kurikulum-merdeka_10.csv,1.83292E+18,Sun Sep 08 23:42:16 +0000 2024,4,@tvOneNews Ucapan seorang negarawan sejati yg sllu tulus mengabdi pada bangsa dan negeri ini perlu dipahami dan diteladani ,1.83293E+18,,tvOneNews,in,,0,0,0,https://x.com/undefined/status/1832927466148761996,1.75196E+18,
kurikulum-merdeka_10.csv,1.83292E+18,Mon Sep 09 00:10:58 +0000 2024,3,@tvOneNews Kalau menterinya membuat program seperti itu dan dijalankan artinya atasan menteri sdh setuju....,1.83293E+18,,tvOneNews,in,,0,0,0,https://x.com/undefined/status/1832934689608478800,69804623,
kurikulum-merdeka_10.csv,1.83292E+18,Mon Sep 09 01:39:56 +0000 2024,3,@tvOneNews Inilah akibat buruknya bila suatu urusan diberikan kepada orang yang bukan ahlinya tunggu kehancurannya...,1.83296E+18,,tvOneNews,in,,0,0,0,https://x.com/undefined/status/1832957078543167855,305025889,
kurikulum-merdeka_10.csv,1.83292E+18,Mon Sep 09 11:44:30 +0000 2024,3,@tvOneNews Emang bangke si nadiem spp sekolah sekarang mahal banget. Sekolah SMA saja spp nya setara bayar kuliah jaman SBY trus biaya kuliah sekarang lebih gila lagi. Pendidikan sekarang dijadikan ajang komersil,1.83311E+18,,tvOneNews,in,,0,1,0,https://x.com/undefined/status/1833109221749198990,2518915579,
kurikulum-merdeka_10.csv,1.83292E+18,Mon Sep 09 00:47:47 +0000 2024,2,@tvOneNews Anaknya yg merdeka belajar ortunya yg mumet jadi ikutan sekolah lagi .,1.83294E+18,,tvOneNews,in,,0,1,0,https://x.com/undefined/status/1832943951898456377,193416229,
kurikulum-merdeka_10.csv,1.83292E+18,Sun Sep 08 23:25:45 +0000 2024,1,@tvOneNews Mungkin anak2 Indonesia di suruh jdi tukang ojol aza,1.83292E+18,,tvOneNews,in,,0,0,0,https://x.com/undefined/status/1832923308825923922,1.07395E+18,
kurikulum-merdeka_10.csv,1.83292E+18,Mon Sep 09 04:05:24 +0000 2024,1,@tvOneNews Betul kata Pak JK. Bukan sistem nya yg salah .. tp penerapan sistem nya belum cocok utk di Indonesia dg kondisi sosial ekonomi yg berbeda dg negara maju,1.83299E+18,,tvOneNews,in,,0,0,0,https://x.com/undefined/status/1832993682913706391,81565069,
kurikulum-merdeka_10.csv,1.83292E+18,Mon Sep 09 10:50:34 +0000 2024,1,@tvOneNews Mereka sekarang punya misi membodohi generasi bangsa,1.8331E+18,,tvOneNews,in,,0,0,0,https://x.com/undefined/status/1833095648822071598,1.65761E+18,
kurikulum-merdeka_10.csv,1.83292E+18,Mon Sep 09 11:37:22 +0000 2024,1,@tvOneNews Kayaknya memang tugasnya menteri skrg memperbodoh rakyta...,1.83311E+18,,tvOneNews,in,,0,0,0,https://x.com/undefined/status/1833107424179548458,1.59746E+18,
kurikulum-merdeka_10.csv,1.83292E+18,Mon Sep 09 02:06:59 +0000 2024,0,@tvOneNews Emang benar. Pendidikan kita skrg ini sdh rusak dimulai dari aturan dan kebijakan2 dari pusat. Generasi skrg yg msh sekolah menjadi korban atas rusaknya sistem pendidikan kita.,1.83296E+18,,tvOneNews,in,,0,0,0,https://x.com/undefined/status/1832963882333491540,98551340,
kurikulum-merdeka_10.csv,1.83292E+18,Mon Sep 09 02:21:49 +0000 2024,0,@tvOneNews Nadiem kan manusia langka dia lahir dari lobang pantat @nadiemmakarim,1.83297E+18,,tvOneNews,in,,0,0,0,https://x.com/undefined/status/1832967618975957203,116969718,
kurikulum-merdeka_10.csv,1.83292E+18,Mon Sep 09 03:01:09 +0000 2024,0,@tvOneNews ,1.83298E+18,,tvOneNews,qme,,0,0,0,https://x.com/undefined/status/1832977515750494356,1.74576E+18,
kurikulum-merdeka_10.csv,1.83292E+18,Mon Sep 09 06:27:19 +0000 2024,0,@tvOneNews Sabar pak bukan depan udah gak jadi menteri,1.83303E+18,,tvOneNews,in,,0,0,0,https://x.com/undefined/status/1833029400058900981,8.84709E+17,
kurikulum-merdeka_10.csv,1.83292E+18,Mon Sep 09 11:43:34 +0000 2024,0,@tvOneNews Menyala p Yusuf kala Terima kasih sudah membela rakyat,1.83311E+18,,tvOneNews,in,,0,0,0,https://x.com/undefined/status/1833108987648364916,1.53859E+18,
kurikulum-merdeka_10.csv,1.83292E+18,Mon Sep 09 13:12:07 +0000 2024,0,@tvOneNews Emg bener gak ada UN anak2 pd males belajar,1.83313E+18,,tvOneNews,in,,0,0,0,https://x.com/undefined/status/1833131272497246716,7.88018E+17,
kurikulum-merdeka_10.csv,1.83292E+18,Mon Sep 09 14:35:38 +0000 2024,0,@tvOneNews Ancuuuuur?,1.83315E+18,,tvOneNews,in,,0,0,0,https://x.com/undefined/status/1833152288732684788,1.31918E+18,
kurikulum-merdeka_10.csv,1.83292E+18,Mon Sep 09 15:20:56 +0000 2024,0,@tvOneNews Pdhl kurikulum merdeka klo dibaca tuh mirip kurikulum cikal cuma lagi2 sebenernya sistemnya belum siap jd mungkin ga jelas eksekusinya pengajar belum siap ortu ga dikasih pengetahuan yg jelas jd marah2 korbannya ke anak jd ga jelas mau kmn arahnya,1.83316E+18,,tvOneNews,in,,0,0,0,https://x.com/undefined/status/1833163689601749487,1.5729E+18,
kurikulum-merdeka_11.csv,1.78808E+18,Wed May 08 10:29:02 +0000 2024,10,@PartaiSocmed eaakk emang bener ternyata lu buzzer ,1.78815E+18,,PartaiSocmed,in,,0,2,0,https://x.com/undefined/status/1788154132064526773,116374572,
kurikulum-merdeka_11.csv,1.78808E+18,Wed May 08 06:46:38 +0000 2024,29,@PartaiSocmed Sejahterakan dulu gurunya Sistem gaji guru di Indonesia itu paling miris. guru honorer dgn gaji 500rb/bln dia harus mikirin anak murid dgn konsep merdeka belajar guru aja blm merdeka dr sistem gaji yang kelewat kolonial. kasian mrk banyak tuntutan.,1.7881E+18,,PartaiSocmed,in,,3,9,4,https://x.com/undefined/status/1788098166807802246,2961824143,
kurikulum-merdeka_11.csv,1.78808E+18,Wed May 08 12:26:45 +0000 2024,24,@PartaiSocmed Sekolah anakku merdeka belajar dulu awal2 banyak dicibir sekolah kok gak pake seragam gak ada LKS ternyata sekarang banyak yg mulai aware sama kurikulum merdeka belajar terutama sekolah swasta sih yang mengutamakan kebutuhan dan minat anak daripada nilai akademik semata ,1.78818E+18,,PartaiSocmed,in,,0,4,6,https://x.com/undefined/status/1788183759030022426,8.08468E+17,
kurikulum-merdeka_11.csv,1.78808E+18,Wed May 08 13:43:51 +0000 2024,12,@PartaiSocmed Di balik beberapa kekurangan mengenai Kurikulum Merdeka sy malah senang dg adanya kurikulum ini karena siswa bisa fokus mengembangkan bakat dan minatnya guru seperti sy juga bisa mengeksplor konten pembelajaran yg tidak sestrict K13,1.7882E+18,,PartaiSocmed,in,,0,1,7,https://x.com/undefined/status/1788203159904833807,1353329744,
kurikulum-merdeka_11.csv,1.78808E+18,Wed May 08 12:55:08 +0000 2024,11,@PartaiSocmed Seperti sekolah anakku..tiap tahun pasti dpt kunjungan dr disdik saat ada exhibition(biasanya saat tema engineer atau science) pdhl tdk terdaftar diknas karena menerapkan kurikulum mandiri based by weekly project..anak2 dibiasakan berani untuk mengeluarkan ide -cont,1.78819E+18,,PartaiSocmed,in,,0,2,5,https://x.com/undefined/status/1788190899949977913,465585330,
kurikulum-merdeka_11.csv,1.78808E+18,Wed May 08 08:05:56 +0000 2024,6,@PartaiSocmed Kalau boleh usul ke @prabowo @gibran_tweet Mendiknas @nadiemmakarim dipertahankan kasihan anak2 ku nanti kalau kurikulum berubah lagi. Program Nadiem sdh bagus lanjutkan,1.78812E+18,,PartaiSocmed,in,,0,5,2,https://x.com/undefined/status/1788118123109122465,18233723,
kurikulum-merdeka_11.csv,1.78808E+18,Wed May 08 10:15:44 +0000 2024,8,@PartaiSocmed Sebelum menghina guru tidak mau berubah coba benahi dulu sistem gaji guru. Guru honorer SD Negeri di Jawa Timur tahun 2024 aja masih ada yg digaji 100 ribu/bulan. Gimana mau maksimal mendidik kalau gaji untuk hidup saja gak bisa?,1.78815E+18,,PartaiSocmed,in,,0,4,1,https://x.com/undefined/status/1788150786620633307,1.6057E+18,
kurikulum-merdeka_11.csv,1.78808E+18,Wed May 08 07:42:06 +0000 2024,4,@PartaiSocmed Guru ini salah pilih jalur kehidupan Harusnya mereka masuk ke jalur pemerintahan Lebih banyak job utk mensejahterakan keluarga mereka Ngapain jg cari masa depan dengan menjadi guru Sudah dibilang guru pahlawan tanpa tanda jasa Eh ngeyel,1.78811E+18,,PartaiSocmed,in,,0,1,1,https://x.com/undefined/status/1788112124889477607,1.51478E+18,
kurikulum-merdeka_11.csv,1.78808E+18,Wed May 08 12:26:09 +0000 2024,4,@PartaiSocmed Pro kontra selalu ada menyebut guru tidak mau berubah itu wadiwaw bgt. Gini amat dah ngecounter org yg kontra sma kumer,1.78818E+18,,PartaiSocmed,in,,0,1,1,https://x.com/undefined/status/1788183606315393456,1.03651E+18,
kurikulum-merdeka_11.csv,1.78808E+18,Wed May 08 06:43:39 +0000 2024,0,@PartaiSocmed Monggo ditanggapi pak @zanatul_91,1.7881E+18,,PartaiSocmed,in,,0,0,0,https://x.com/undefined/status/1788097415658209379,1.43448E+18,
kurikulum-merdeka_11.csv,1.78808E+18,Wed May 08 09:33:05 +0000 2024,0,@PartaiSocmed Buzzerp,1.78814E+18,,PartaiSocmed,en,,0,0,0,https://x.com/undefined/status/1788140052415177041,1.6906E+18,
kurikulum-merdeka_11.csv,1.78808E+18,Wed May 08 09:37:40 +0000 2024,0,@PartaiSocmed Makan gratis,1.78814E+18,,PartaiSocmed,in,,0,0,0,https://x.com/undefined/status/1788141206788358486,1.04264E+18,
kurikulum-merdeka_11.csv,1.78808E+18,Wed May 08 10:54:41 +0000 2024,0,@PartaiSocmed Alah alah ,1.78816E+18,,PartaiSocmed,in,,0,0,0,https://x.com/undefined/status/1788160589459857569,421858459,
kurikulum-merdeka_11.csv,1.78808E+18,Wed May 08 11:11:31 +0000 2024,0,@PartaiSocmed Ehem @pppkguru @Guru_PNS ,1.78816E+18,,PartaiSocmed,pl,,0,0,0,https://x.com/undefined/status/1788164824930865449,102102899,
kurikulum-merdeka_11.csv,1.78808E+18,Wed May 08 11:23:44 +0000 2024,0,@PartaiSocmed Teorinya sangat ideal dan sangat bagus tetapi belum bisa d implementasikan secara nasional karena keterbatasan banyak hal,1.78817E+18,,PartaiSocmed,in,,0,0,0,https://x.com/undefined/status/1788167901754929509,1.19533E+18,
kurikulum-merdeka_11.csv,1.78808E+18,Wed May 08 11:47:11 +0000 2024,0,@PartaiSocmed Saya kira @Kurz_Gesagt,1.78817E+18,,PartaiSocmed,in,,0,0,0,https://x.com/undefined/status/1788173799374107098,67860164,
kurikulum-merdeka_11.csv,1.78808E+18,Wed May 08 12:37:44 +0000 2024,0,@PartaiSocmed Untuk mengimplementasikan kurikulum baru memang butuh waktu tum.,1.78819E+18,,PartaiSocmed,in,,0,0,0,https://x.com/undefined/status/1788186524498219103,9.86208E+17,
kurikulum-merdeka_11.csv,1.78808E+18,Wed May 08 13:09:02 +0000 2024,0,@PartaiSocmed anakku yg TK disuruh apalin lagu Indonesia raya Pancasila. TK TK?!?!?!? mertua gw yg daftarin TK gajelas jadi mau gamau anakku sekolah disitu. ,1.78819E+18,,PartaiSocmed,in,,0,0,0,https://x.com/undefined/status/1788194399479869753,1.36405E+18,
kurikulum-merdeka_11.csv,1.78808E+18,Wed May 08 13:27:34 +0000 2024,0,@PartaiSocmed Membela yg bayar eh yg benar ,1.7882E+18,,PartaiSocmed,in,,0,0,0,https://x.com/undefined/status/1788199063181197722,1.12516E+18,
kurikulum-merdeka_11.csv,1.78808E+18,Wed May 08 13:55:52 +0000 2024,0,@PartaiSocmed Tapi gajinya besaar hh,1.78821E+18,,PartaiSocmed,in,,0,0,0,https://x.com/undefined/status/1788206183964455052,608839364,
kurikulum-merdeka_11.csv,1.78808E+18,Wed May 08 14:07:29 +0000 2024,0,@PartaiSocmed Setuju tapi harus ada standar sih apa yang wajib apa yang Sunnah buat semua nya kaya misal berhitung harus bisa apa gak harus yang expert expert,1.78821E+18,,PartaiSocmed,in,,0,0,0,https://x.com/undefined/status/1788209109101392159,1.53915E+18,
kurikulum-merdeka_11.csv,1.78808E+18,Wed May 08 14:07:31 +0000 2024,0,@PartaiSocmed Merdeka belajar malah gurunya yg ga merdeka wkwk,1.78821E+18,,PartaiSocmed,in,,0,0,0,https://x.com/undefined/status/1788209115682193582,1.11435E+18,
kurikulum-merdeka_11.csv,1.78808E+18,Wed May 08 15:06:42 +0000 2024,0,@PartaiSocmed Yang ppdp dong ditinjau ulang tentang jarak tempat tinggal dengan sekolah terdekat didaerah yg sdikit sekolah negrinya kerepotan mendaftarkan anak ke sma,1.78822E+18,,PartaiSocmed,in,,0,0,0,https://x.com/undefined/status/1788224009747964075,1.58926E+18,
kurikulum-merdeka_11.csv,1.78808E+18,Wed May 08 17:13:50 +0000 2024,0,@PartaiSocmed Dunia pendidikan kita sdh salah arah sejak bbrp dekade- sejak dikangkangi o birokrat politisi demi ideologi eksklusif- yg mana produknya bkn siswa yg memiliki keterbukaan wawasan tp ketertutupan. Tdk berani memandang setara thd yg berbeda tp dominasi dan tdk mampu berkolaborasi.,1.78826E+18,,PartaiSocmed,in,,0,0,0,https://x.com/undefined/status/1788256006931357830,82710328,
kurikulum-merdeka_11.csv,1.78808E+18,Wed May 08 18:17:45 +0000 2024,0,@PartaiSocmed Nitip,1.78827E+18,,PartaiSocmed,en,,0,0,0,https://x.com/undefined/status/1788272091206394060,1.22219E+18,
kurikulum-merdeka_11.csv,1.78808E+18,Wed May 08 18:39:10 +0000 2024,0,@PartaiSocmed Diserang komentar organik,1.78828E+18,,PartaiSocmed,in,,0,0,0,https://x.com/undefined/status/1788277480249500105,86892059,
kurikulum-merdeka_11.csv,1.78808E+18,Wed May 08 23:55:25 +0000 2024,0,@PartaiSocmed Makan siang gratis...solutip inovatip,1.78836E+18,,PartaiSocmed,in,,0,0,0,https://x.com/undefined/status/1788357066924671218,348312624,
kurikulum-merdeka_11.csv,1.78808E+18,Thu May 09 00:55:16 +0000 2024,0,@PartaiSocmed Lu coba praktekin sendiri dah sama tuh murid2.,1.78837E+18,,PartaiSocmed,in,,0,0,0,https://x.com/undefined/status/1788372126950740282,124210773,
kurikulum-merdeka_11.csv,1.78808E+18,Thu May 09 01:15:54 +0000 2024,0,@PartaiSocmed Sdh ganti berapa kali kurikulum dul?,1.78838E+18,,PartaiSocmed,in,,0,0,0,https://x.com/undefined/status/1788377322405695699,1.31479E+18,
kurikulum-merdeka_11.csv,1.78808E+18,Wed May 08 12:16:43 +0000 2024,2,@PartaiSocmed Gaji buzzer ga sama ama gaji guru honorer .dasar otak buzzer yg penting cuan ga paham konteks,1.78818E+18,,PartaiSocmed,in,,0,0,1,https://x.com/undefined/status/1788181233907962164,1.18824E+18,
kurikulum-merdeka_11.csv,1.78808E+18,Wed May 08 13:45:22 +0000 2024,1,@PartaiSocmed Wkwkwkwk masalah utama negeri ini terletak pada pemerintahan beserta pejabat2nya sepaket ma buzer2 laknat seperti anda dan keluarga anda,1.7882E+18,,PartaiSocmed,in,,0,0,0,https://x.com/undefined/status/1788203542177784272,1.71389E+18,
kurikulum-merdeka_11.csv,1.78808E+18,Wed May 08 05:43:11 +0000 2024,0,@PartaiSocmed Semoga @PBPGRI_OFFICIAL dan @Itjen_Kemdikbud @Kemdikbud_RI @nadiemmakarim @Nadiem_Makarim harus berbenah diri ...ini industri sudah 4.0,1.78808E+18,,PartaiSocmed,in,,0,1,0,https://x.com/undefined/status/1788082196609478836,7.10448E+17,
kurikulum-merdeka_11.csv,1.78808E+18,Wed May 08 07:24:11 +0000 2024,0,@PartaiSocmed Rockefeller School System adalah perbudakan berkedok pendidikan. https://t.co/d3V7GbZDbf,1.78811E+18,https://pbs.twimg.com/media/GNCiBICboAAcQen.png,PartaiSocmed,in,,0,0,0,https://x.com/undefined/status/1788107616323022950,1.37941E+18,
kurikulum-merdeka_11.csv,1.78808E+18,Wed May 08 10:52:37 +0000 2024,0,@PartaiSocmed sebelum ngomong tenteng merdeka. lebih baik birokrasi di dunia pendidikan di benahi dulu min. kalau udah bagus guru guru pun siap dengan filosofi kurikulum merdeka kok mau belajar 24 jam juga hayuk,1.78816E+18,,PartaiSocmed,in,,0,0,0,https://x.com/undefined/status/1788160070150455639,1.31152E+18,
kurikulum-merdeka_11.csv,1.78808E+18,Wed May 08 14:06:29 +0000 2024,0,@PartaiSocmed setelah tes ombak negatifikasi dokter berhasil menghasilkan UU Kesehatan Omnibuslaw..kini bajeRp tes ombak negatifikasi guru demi omnibuslaw pendidikan jugakah??! @PNS_Ababil @ardisatriawan,1.78821E+18,,PartaiSocmed,in,,0,0,0,https://x.com/undefined/status/1788208856310722609,1.36957E+18,
kurikulum-merdeka_13.csv,1.74822E+18,Fri Jan 19 14:50:36 +0000 2024,286,@strngrindacity karna ya balik lagi yg diuntungkan disini cm swasta/pebisnis. mahasiswa diuntungkan itu cm ilusi karna ujung2nya yg merasa diuntungkan jg jd GAGAL KRITIS menilai kebijakan dan yg ga diuntungkan jd MAKIN hopeless fighting the system. ini dampak dari kebijakan neolib.,1.74836E+18,,strngrindacity,in,,4,0,34,https://x.com/undefined/status/1748357296034570385,1.03751E+18,
kurikulum-merdeka_13.csv,1.74822E+18,Fri Jan 19 07:42:56 +0000 2024,151,@strngrindacity mjb. rill banget. buat apply magang aja dimana termasuk buat cari pengalaman malah disuruh punya bekal pengalaman terlebih dahulu.,1.74825E+18,,strngrindacity,in,,0,1,11,https://x.com/undefined/status/1748249668184891526,1.14275E+18,
kurikulum-merdeka_13.csv,1.74822E+18,Fri Jan 19 17:06:00 +0000 2024,18,@strngrindacity Magang mandiri ngerusak pasar kerja,1.74839E+18,,strngrindacity,in,,0,0,0,https://x.com/undefined/status/1748391368635084857,1937089796,
kurikulum-merdeka_13.csv,1.74822E+18,Fri Jan 19 18:00:53 +0000 2024,8,@strngrindacity Aku kira cuma aku yang pernah mikir gini. Ternyata ada juga ya. Setidaknya ada.,1.74841E+18,,strngrindacity,in,,0,0,0,https://x.com/undefined/status/1748405179765162440,252943515,
kurikulum-merdeka_13.csv,1.74822E+18,Fri Jan 19 23:24:24 +0000 2024,6,@strngrindacity Dan kuota magang merdeka itu terbatas gak semua mahasiswa tu punya privilege ikut magang merdeka ,1.74849E+18,,strngrindacity,in,,0,0,0,https://x.com/undefined/status/1748486597329518641,1.63846E+18,
kurikulum-merdeka_13.csv,1.74822E+18,Sat Jan 20 01:46:42 +0000 2024,2,@strngrindacity Bener bro jadi anggepan orang2 lu gak magang = lu nganggur nolep Wkwk,1.74852E+18,,strngrindacity,in,,0,0,0,https://x.com/undefined/status/1748522407214588318,1.63092E+18,
kurikulum-merdeka_13.csv,1.74822E+18,Fri Jan 19 23:37:09 +0000 2024,1,@strngrindacity Nah ini ngaruhnya malah ke ekosistem requirement. Jadinya nyebar kemana-mana. Padahal idenya cukup oke sih? Tp mungkin blm waktunya diterapkan dgn SDM kita yang.... Begini.....,1.74849E+18,,strngrindacity,in,,0,0,0,https://x.com/undefined/status/1748489806483763563,1.08877E+18,
kurikulum-merdeka_13.csv,1.74822E+18,Fri Jan 19 14:14:34 +0000 2024,0,@strngrindacity gw mau RT ribuan kali,1.74835E+18,,strngrindacity,in,,0,0,0,https://x.com/undefined/status/1748348224761725302,9.75411E+17,
kurikulum-merdeka_13.csv,1.74822E+18,Fri Jan 19 22:44:06 +0000 2024,0,@strngrindacity Seneng banget nyusahin,1.74848E+18,,strngrindacity,in,,0,0,0,https://x.com/undefined/status/1748476454105743762,1.44171E+18,
kurikulum-merdeka_13.csv,1.74822E+18,Sat Jan 20 02:20:09 +0000 2024,0,@strngrindacity ini yg jadinya bikin rekrutmen itu s1 harus maksimal 24 pengalaman 2 tahun ,1.74853E+18,,strngrindacity,in,,0,0,0,https://x.com/undefined/status/1748530824356761891,8.87685E+17,
kurikulum-merdeka_13.csv,1.74822E+18,Sat Jan 20 05:22:51 +0000 2024,0,@strngrindacity apalagi kadang intern aja syaratnya min pengalaman 1 tahun terus belum lg birokrasi jurusan yg ribet masalah konversi,1.74858E+18,,strngrindacity,in,,0,0,0,https://x.com/undefined/status/1748576802421805118,2990853770,
kurikulum-merdeka_14.csv,1.69929E+18,Wed Sep 06 06:39:39 +0000 2023,21,@__AnakKolong @Kemdikbud_RI Masa2 SMA gue belum ada yg mabok agama. Semua fun asyik dan toleransi tinggi.. Guru menghargai murid murid menghormati guru... https://t.co/FL5baIJS4r,1.69931E+18,https://pbs.twimg.com/media/F5UqsZgbIAA8oR9.jpg,__AnakKolong,in,,0,1,1,https://x.com/undefined/status/1699311379512234032,1.29466E+18,
kurikulum-merdeka_14.csv,1.69929E+18,Wed Sep 06 05:21:33 +0000 2023,13,@__AnakKolong @Kemdikbud_RI kalo ini anakku tak tuntut gurunya..,1.69929E+18,,__AnakKolong,in,,0,2,1,https://x.com/undefined/status/1699291724571644095,315040374,
kurikulum-merdeka_14.csv,1.69929E+18,Wed Sep 06 05:01:02 +0000 2023,7,@__AnakKolong @Kemdikbud_RI ngga gitu caranya pak Menteri..pecat itu gurunya..tidak bisakah rambut dimasukkan ke seragam baru pakai jilbab....gurunya keterlaluan..,1.69929E+18,,__AnakKolong,in,,0,0,0,https://x.com/undefined/status/1699286564390699152,318208739,
kurikulum-merdeka_14.csv,1.69929E+18,Wed Sep 06 05:03:27 +0000 2023,5,@__AnakKolong @Kemdikbud_RI Mendikbud sebagai pembina gagal membina guru² yang setress,1.69929E+18,,__AnakKolong,in,,0,0,0,https://x.com/undefined/status/1699287171071652025,1.68483E+18,
kurikulum-merdeka_14.csv,1.69929E+18,Wed Sep 06 09:19:34 +0000 2023,2,@__AnakKolong @Kemdikbud_RI hiyahiya https://t.co/fTjJAZudgk,1.69935E+18,https://pbs.twimg.com/ext_tw_video_thumb/1699351599666311168/pu/img/L07N_i9gHjxfZPmV.jpg,__AnakKolong,tl,,0,1,1,https://x.com/undefined/status/1699351625322942752,1.23122E+18,
kurikulum-merdeka_14.csv,1.69929E+18,Wed Sep 06 05:04:25 +0000 2023,2,@__AnakKolong @Kemdikbud_RI Gara-gara kelihatan 1 helai rambut masuk neraka jahanam....ihhhh takuuuuuuttt.,1.69929E+18,,__AnakKolong,in,,0,1,0,https://x.com/undefined/status/1699287414748110916,1.27612E+18,
kurikulum-merdeka_14.csv,1.69929E+18,Wed Sep 06 05:09:46 +0000 2023,2,@__AnakKolong @Kemdikbud_RI Wah ini sdh terlaluu..iki...,1.69929E+18,,__AnakKolong,in,,0,0,0,https://x.com/undefined/status/1699288761031651539,1.56912E+18,
kurikulum-merdeka_14.csv,1.69929E+18,Wed Sep 06 05:55:15 +0000 2023,2,@__AnakKolong @Kemdikbud_RI Makin konyol aja kelakuan nya kyk ga ada kemajuan nya bisa di tebak yg bgtu biasanya punya paham yg salah ,1.6993E+18,,__AnakKolong,in,,0,0,0,https://x.com/undefined/status/1699300207362748461,1.42213E+18,
kurikulum-merdeka_14.csv,1.69929E+18,Wed Sep 06 05:55:39 +0000 2023,2,@__AnakKolong @Kemdikbud_RI PECAT !,1.6993E+18,,__AnakKolong,en,,0,0,0,https://x.com/undefined/status/1699300307585659349,7.31376E+17,
kurikulum-merdeka_14.csv,1.69929E+18,Wed Sep 06 08:36:19 +0000 2023,2,@__AnakKolong @Mangjohan10 @Kemdikbud_RI Kurikulum merdeka Dimana kemerdekaan siswa? Padahal di dekati di nasehati dari hati kehati malah mereka akan nurut. Bukankah nabi Muhammad berdakwah dengan kebaikan dan kesantunan dengan asah asih dan asuh,1.69934E+18,,__AnakKolong,in,,0,0,0,https://x.com/undefined/status/1699340742458794262,1.42359E+18,
kurikulum-merdeka_14.csv,1.69929E+18,Wed Sep 06 09:26:00 +0000 2023,2,@__AnakKolong @Kemdikbud_RI Gurune iri soale gak nduwe rambut...,1.69935E+18,,__AnakKolong,in,,0,0,0,https://x.com/undefined/status/1699353245033054355,2406635768,
kurikulum-merdeka_14.csv,1.69929E+18,Wed Sep 06 05:20:58 +0000 2023,1,@__AnakKolong @Kemdikbud_RI Ganas amat ,1.69929E+18,,__AnakKolong,in,,0,0,0,https://x.com/undefined/status/1699291577875919184,1.50702E+18,
kurikulum-merdeka_14.csv,1.69929E+18,Wed Sep 06 05:21:03 +0000 2023,1,@__AnakKolong @OnayRiano @Kemdikbud_RI Guru mendidik yg tak terdidik,1.69929E+18,,__AnakKolong,in,,0,0,0,https://x.com/undefined/status/1699291600890044827,1.55627E+18,
kurikulum-merdeka_14.csv,1.69929E+18,Wed Sep 06 05:26:04 +0000 2023,1,@__AnakKolong @Kemdikbud_RI Guru edan,1.69929E+18,,__AnakKolong,eu,,0,0,0,https://x.com/undefined/status/1699292862402466188,1.39682E+18,
kurikulum-merdeka_14.csv,1.69929E+18,Wed Sep 06 05:26:25 +0000 2023,1,@__AnakKolong @Kemdikbud_RI Cc @Kemdikbud_RI @nadiemmakarim piye iki mas mentri kok iso ngene??? ,1.69929E+18,,__AnakKolong,in,,0,0,0,https://x.com/undefined/status/1699292949417431407,1.25515E+18,
kurikulum-merdeka_14.csv,1.69929E+18,Wed Sep 06 05:36:23 +0000 2023,1,@__AnakKolong @Kemdikbud_RI Guru bgnian modelnya. Sakit jiwa!!!!,1.6993E+18,,__AnakKolong,in,,0,0,0,https://x.com/undefined/status/1699295460547334506,1964748001,
kurikulum-merdeka_14.csv,1.69929E+18,Wed Sep 06 05:38:30 +0000 2023,1,@__AnakKolong @Kemdikbud_RI Wahh... NYALON kok disekolah Apa iya Merdeka bro,1.6993E+18,,__AnakKolong,in,,0,0,0,https://x.com/undefined/status/1699295991676154252,1.08913E+18,
kurikulum-merdeka_14.csv,1.69929E+18,Wed Sep 06 05:46:59 +0000 2023,1,@__AnakKolong @Kemdikbud_RI Pak @nadiemmakarim kok gak pernah kelihatan ya???,1.6993E+18,,__AnakKolong,in,,0,0,0,https://x.com/undefined/status/1699298125247340788,2923501148,
kurikulum-merdeka_14.csv,1.69929E+18,Wed Sep 06 05:59:26 +0000 2023,1,@__AnakKolong @ada_ndie @Kemdikbud_RI Wkwk mantap tegas guru ini pantas jadi menteri di @Kemdikbud_RI klu @aniesbaswedan terpilih jangan dipecat pak menteri,1.6993E+18,,__AnakKolong,in,,0,0,0,https://x.com/undefined/status/1699301260049231984,1.18649E+18,
kurikulum-merdeka_14.csv,1.69929E+18,Wed Sep 06 06:19:15 +0000 2023,1,@__AnakKolong @Kemdikbud_RI Fokus dgn logo . https://t.co/MMbdBgQfw1,1.69931E+18,https://pbs.twimg.com/media/F5UmBVEaEAAYbGl.jpg,__AnakKolong,in,,0,0,0,https://x.com/undefined/status/1699306245231083915,1.1765E+18,
kurikulum-merdeka_14.csv,1.69929E+18,Wed Sep 06 06:36:02 +0000 2023,1,@__AnakKolong @Kemdikbud_RI Guru yg begini nih yg menghambat kreativitas muridnya.... Kenapa harus dipotong paksa sih..?? ,1.69931E+18,,__AnakKolong,in,,0,0,0,https://x.com/undefined/status/1699310471596454160,1.27435E+18,
kurikulum-merdeka_14.csv,1.69929E+18,Wed Sep 06 06:50:38 +0000 2023,1,@__AnakKolong @Kemdikbud_RI Benar² kurikulum mardeka . ,1.69931E+18,,__AnakKolong,in,,0,0,0,https://x.com/undefined/status/1699314143558611249,1.16439E+18,
kurikulum-merdeka_14.csv,1.69929E+18,Wed Sep 06 07:40:57 +0000 2023,1,@__AnakKolong @Kemdikbud_RI Gemeezz lihat gurunya https://t.co/J58cFtyeXG,1.69933E+18,https://pbs.twimg.com/tweet_video_thumb/F5U4uAuaMAA5UVh.jpg,__AnakKolong,in,,0,0,0,https://x.com/undefined/status/1699326808867713224,1.6036E+18,
kurikulum-merdeka_14.csv,1.69929E+18,Wed Sep 06 07:52:56 +0000 2023,1,@__AnakKolong @Kemdikbud_RI Uraaaa...,1.69933E+18,,__AnakKolong,und,,0,0,0,https://x.com/undefined/status/1699329821795578313,2917116386,
kurikulum-merdeka_14.csv,1.69929E+18,Wed Sep 06 08:11:56 +0000 2023,1,@__AnakKolong @Kemdikbud_RI Ibu Guru yg kurang kerjaan. Anak sdh berhijab sj kelihatan rambut sdikit main gunting bgmn dg yg tdk berhijab? Jgn heran deh jk byk akhlak&amp;prilaku para Muslimah yg buruk/negatif krn hijab digunakan jg krn paksaan/terpaksa,1.69933E+18,,__AnakKolong,in,,0,0,0,https://x.com/undefined/status/1699334603709042806,1.68866E+18,
kurikulum-merdeka_14.csv,1.69929E+18,Wed Sep 06 09:26:40 +0000 2023,1,@__AnakKolong @Kemdikbud_RI . . Soalnya guru² dah belajar dari kekurangan² yg kemaren² kalah di pengadilan..... . Dan sekarang mrk bawa materai karena itu bisa menjadi juru damai dlm pertikaian.... ,1.69935E+18,,__AnakKolong,in,,0,0,0,https://x.com/undefined/status/1699353413690224993,1.32599E+18,
kurikulum-merdeka_14.csv,1.69929E+18,Wed Sep 06 09:45:41 +0000 2023,1,@__AnakKolong @Kemdikbud_RI Kemdikbud sepertinya sudah tak berdaya menghadapi hal2 yg nyata terjadi di lapangan malah sibuk dng teknologi. Guru2 seperti ini tidak pernah ditindak tegas shg berkembang terus dimana-mana. Satu kata PECAT &amp; pidanakan krn merusak moral anak bangsa,1.69936E+18,,__AnakKolong,in,,0,0,0,https://x.com/undefined/status/1699358197591793756,1.46642E+18,
kurikulum-merdeka_14.csv,1.69929E+18,Wed Sep 06 05:29:06 +0000 2023,0,@__AnakKolong @Kemdikbud_RI https://t.co/GuPkXBIyS6,1.69929E+18,,__AnakKolong,qme,,0,0,0,https://x.com/undefined/status/1699293625736409398,1.42421E+18,
kurikulum-merdeka_14.csv,1.69929E+18,Wed Sep 06 09:58:40 +0000 2023,0,@__AnakKolong @Kemdikbud_RI Merdeka bagi pendidik membiarkan Indonesia dibawa punya kakak besar juga ya ,1.69936E+18,,__AnakKolong,in,,0,0,0,https://x.com/undefined/status/1699361466418442379,1.62797E+18,
kurikulum-merdeka_14.csv,1.69929E+18,Wed Sep 06 10:00:56 +0000 2023,0,@__AnakKolong @Kemdikbud_RI Budaya pendidikan brengsek...!!!,1.69936E+18,,__AnakKolong,in,,0,0,0,https://x.com/undefined/status/1699362036692766924,1.60909E+18,
kurikulum-merdeka_15.csv,1.8329E+18,Mon Sep 09 00:32:25 +0000 2024,1,@tvOneNews Ya orang gak ngerti Pendididikan tambah lagi bosnya cuma jadi pengusaha negara ya hancurlah,1.83294E+18,,tvOneNews,in,,0,0,0,https://x.com/undefined/status/1832940086947963018,1.66223E+18,
kurikulum-merdeka_15.csv,1.8329E+18,Sun Sep 08 22:33:36 +0000 2024,0,@tvOneNews just hyper experiment the hell out of everything you do selama menjabat mentri pendidikan cuma jadi bahan experiment doang gak bisa kerja ni orang aslinya asal tiru negara maju gk mikir resource dan mafioso yg bahkan sekelas mentri aja gk berkutik,1.83291E+18,,tvOneNews,in,,0,0,0,https://x.com/undefined/status/1832910184106369266,8.41502E+17,
kurikulum-merdeka_15.csv,1.8329E+18,Sun Sep 08 22:45:04 +0000 2024,0,@tvOneNews Ada juga pernah ketemu anak SMK mesin jadi seles panci..,1.83291E+18,,tvOneNews,in,,0,0,0,https://x.com/undefined/status/1832913071033172391,74649984,
kurikulum-merdeka_15.csv,1.8329E+18,Sun Sep 08 22:56:58 +0000 2024,0,@tvOneNews Salah satu menteri yg minim prestasi sbg menteri,1.83292E+18,,tvOneNews,in,,0,0,0,https://x.com/undefined/status/1832916065363665164,232558172,
kurikulum-merdeka_15.csv,1.8329E+18,Mon Sep 09 01:06:39 +0000 2024,0,@tvOneNews Terimakasih JK sudah menyuarakan aspirasi rakyat Indonesia kebanyakan,1.83295E+18,,tvOneNews,in,,0,0,0,https://x.com/undefined/status/1832948701763092537,1.74522E+18,
kurikulum-merdeka_15.csv,1.8329E+18,Mon Sep 09 01:07:53 +0000 2024,0,@tvOneNews Nadiem sebagai Menteri bekerja sesuai dengan keahliannya membuat aplikasi pembelajaran dan administrasinya sebagaimana dia telah berhasil membuat aplikasi gojek yg memberikan kemudahan bagi para pelanggannya. Pendidikan Nasional=Gojek.,1.83295E+18,,tvOneNews,in,,0,0,0,https://x.com/undefined/status/1832949012309446956,1.11961E+18,
kurikulum-merdeka_15.csv,1.8329E+18,Mon Sep 09 01:52:03 +0000 2024,0,@tvOneNews Pengangguran butuh bea milyaran &amp; lama waktu 12 Tahun,1.83296E+18,,tvOneNews,in,,0,0,0,https://x.com/undefined/status/1832960124849471974,1201488523,
kurikulum-merdeka_15.csv,1.8329E+18,Mon Sep 09 02:18:20 +0000 2024,0,@tvOneNews Jgn jadi menteri lagi,1.83297E+18,,tvOneNews,in,,0,0,0,https://x.com/undefined/status/1832966742542582081,8.84709E+17,
kurikulum-merdeka_15.csv,1.8329E+18,Mon Sep 09 09:16:19 +0000 2024,0,@tvOneNews Kalau tidak ada keahlian dalam mengelola suatu urusan maka tunggulah kehancuran nya (hadist nabi) untuk memperbaiki butuh waktu rugi nya bangsa ini negeri sebelah maju 10th kita mundur 10 tahun tamat sekolah hanya nambh pengangguran miris nasib anak negeri ini,1.83307E+18,,tvOneNews,in,,0,0,0,https://x.com/undefined/status/1833071930628583702,1.33511E+18,
kurikulum-merdeka_15.csv,1.8329E+18,Mon Sep 09 10:16:37 +0000 2024,0,@tvOneNews Yg S1 aja banyak yg ojol pak @Pak_JK,1.83309E+18,,tvOneNews,in,,0,0,0,https://x.com/undefined/status/1833087104538358072,1.50621E+18,
kurikulum-merdeka_16.csv,1.83295E+18,Mon Sep 09 02:37:24 +0000 2024,3,@geloraco Tapi Jan ngusulin Anies Mendikbud pak! Bisa bisa dia di reshuffle dijalan. Terus namanya pake Bulian pembenci Anies,1.83297E+18,,geloraco,in,,0,0,0,https://x.com/undefined/status/1832971540587295073,1.12891E+18,
kurikulum-merdeka_16.csv,1.83295E+18,Mon Sep 09 01:27:12 +0000 2024,2,@geloraco Merdeka itu artinya bebas Pak JK... Jd kurikulum merdeka itu bebas mau belajar mau nggak Bgtu kan Dim?...,1.83295E+18,,geloraco,in,,0,0,0,https://x.com/undefined/status/1832953871830044814,1.51787E+18,
kurikulum-merdeka_16.csv,1.83295E+18,Mon Sep 09 02:52:50 +0000 2024,2,@geloraco Intinya semua mentri bikinan JOKOWI gak ada yang bagus terlebih NADIEM. Hanya bu Sri mendingan bisa ngutang banyak. Kekayaan Negara di KORUPSI untuk menutup RAPBN Busri ngutang.,1.83298E+18,,geloraco,in,,0,0,0,https://x.com/undefined/status/1832975423271206939,9.66444E+17,
kurikulum-merdeka_16.csv,1.83295E+18,Mon Sep 09 03:08:13 +0000 2024,2,@geloraco Iya merdeka dari belajar.skrg anak2 merdeka dari mikirin nilai yg bakal didapet.mereka yakin semales2nya mereka belajar nilainya ttp bagus.,1.83298E+18,,geloraco,in,,0,0,0,https://x.com/undefined/status/1832979292214751719,1.32163E+18,
kurikulum-merdeka_16.csv,1.83295E+18,Mon Sep 09 04:29:21 +0000 2024,1,@geloraco Terima kasih pak JK mewakili rakyat Indonesia yang jd korban ketidakadilan,1.833E+18,,geloraco,in,,0,0,0,https://x.com/undefined/status/1832999713353891932,1.53859E+18,
kurikulum-merdeka_16.csv,1.83295E+18,Mon Sep 09 07:06:53 +0000 2024,1,@geloraco Lah...nadiem itu 2 periode kan? Periode pertama anda wapresnya pak JK. Kemana anda selama itu dan tidak meminta presiden memberhentikan nadiem?,1.83304E+18,,geloraco,in,,0,1,0,https://x.com/undefined/status/1833039357462323437,1.72603E+18,
kurikulum-merdeka_16.csv,1.83295E+18,Mon Sep 09 16:12:16 +0000 2024,1,@geloraco Itu kurikulum bikin kacau anak² sekolah. Pdhl dgn menggunakan buku² model ini banyak pejabat² yg sukses sekarang https://t.co/rr1rMExX4u,1.83318E+18,https://pbs.twimg.com/media/GXDAaBfaQAABkG2.jpg,geloraco,in,,0,0,0,https://x.com/undefined/status/1833176604803236018,1.63164E+18,
kurikulum-merdeka_16.csv,1.83295E+18,Mon Sep 09 01:34:04 +0000 2024,0,@geloraco Njirrr,1.83296E+18,,geloraco,in,,0,0,0,https://x.com/undefined/status/1832955599774233019,1.75777E+18,
kurikulum-merdeka_16.csv,1.83295E+18,Mon Sep 09 03:33:29 +0000 2024,0,@geloraco LGBT ??? ,1.83299E+18,,geloraco,in,,0,0,0,https://x.com/undefined/status/1832985654302835153,1.73622E+18,
kurikulum-merdeka_16.csv,1.83295E+18,Mon Sep 09 03:42:28 +0000 2024,0,@geloraco Pemprov gandeng Universitas Pertahanan biar Rumah Apung Jakut bersih https://t.co/TdOTzvqYKv,1.83299E+18,,geloraco,in,,0,0,0,https://x.com/undefined/status/1832987914181235112,2258023286,
kurikulum-merdeka_16.csv,1.83295E+18,Mon Sep 09 05:10:11 +0000 2024,0,@geloraco Nadiem.mentri salah pilih. Biasa ngurus. Gojek malah ngurus pendidikan. Yg bego yg mengangkstnya,1.83301E+18,,geloraco,in,,0,1,0,https://x.com/undefined/status/1833009986953216310,1.79306E+18,
kurikulum-merdeka_16.csv,1.83295E+18,Mon Sep 09 05:11:00 +0000 2024,0,@geloraco https://t.co/DZYJuhFgxk,1.83301E+18,https://pbs.twimg.com/media/GXApDS6asAATGQQ.jpg,geloraco,qme,,0,0,0,https://x.com/undefined/status/1833010192453357718,1.81754E+18,
kurikulum-merdeka_16.csv,1.83295E+18,Mon Sep 09 10:49:57 +0000 2024,0,@geloraco Hati2 pak JK dia udah diberkati paus loh .........lihat kemaren kan........,1.8331E+18,,geloraco,in,,0,0,0,https://x.com/undefined/status/1833095494555541761,1.58555E+18,
kurikulum-merdeka_16.csv,1.83295E+18,Mon Sep 09 11:42:08 +0000 2024,0,@geloraco Maksud JK pelajaran agama di hilangkan dari kurikulum sekolah.,1.83311E+18,,geloraco,in,,0,0,0,https://x.com/undefined/status/1833108626418040975,2858263997,
kurikulum-merdeka_16.csv,1.83295E+18,Mon Sep 09 14:18:47 +0000 2024,0,@geloraco Pak JK luar biasa hati nurani dan akal sehatnya terus menyala menyuarakan tentang kondisi bangsa yang sedang tidak baik baik saja.,1.83315E+18,,geloraco,in,,0,0,0,https://x.com/undefined/status/1833148047657996486,1.74794E+18,
kurikulum-merdeka_16.csv,1.83295E+18,Mon Sep 09 15:02:59 +0000 2024,0,@geloraco Wajarlah.... Wong menterinya bisnisman pendidikanpun dijadikan model bisnis.,1.83316E+18,,geloraco,in,,0,0,0,https://x.com/undefined/status/1833159173166739623,1.60377E+18,
kurikulum-merdeka_16.csv,1.83295E+18,Mon Sep 09 17:57:10 +0000 2024,0,@geloraco @nadiemmakarim : Lagi narik ojol ya pak? Koq gak ada suaranya ke pers? @DPR_RI @Kemdikbud_RI @Pak_JK,1.8332E+18,,geloraco,in,,0,0,0,https://x.com/undefined/status/1833203003907777016,244416359,
kurikulum-merdeka_16.csv,1.83295E+18,Mon Sep 09 18:06:44 +0000 2024,0,@geloraco Terutama UKT mahal sekali,1.83321E+18,,geloraco,in,,0,0,0,https://x.com/undefined/status/1833205414927995205,4779772152,
kurikulum-merdeka_16.csv,1.83295E+18,Tue Sep 10 00:24:37 +0000 2024,0,@geloraco Maaf Pak JK mantan tukang ojek. Saya yakin waktu diangkat jd mentri pun mungkin....,1.8333E+18,,geloraco,in,,0,0,0,https://x.com/undefined/status/1833300511447232737,1.809E+18,
kurikulum-merdeka_16.csv,1.83295E+18,Tue Sep 10 00:24:48 +0000 2024,0,@geloraco Itulah agenda rezim Mulyono atau Jokowi membuat masyarakat bodoh dan terbelakang. Mereka telah membuat kurikulum merdeka yaitu merdeka utk jadi bodoh merdeka tidak belajar merdeka dari bimbingan guru dan merdeka segalanya. Itulah misi komunis atau PKI gaya baru.,1.8333E+18,,geloraco,in,,0,0,0,https://x.com/undefined/status/1833300556234035327,2331235970,
kurikulum-merdeka_16.csv,1.83295E+18,Tue Sep 10 00:52:15 +0000 2024,0,@geloraco Iq negri ini kan emang paling jongkok di asen.tentunya ada peran mendikbud nya tuh.,1.83331E+18,,geloraco,in,,0,0,0,https://x.com/undefined/status/1833307463095025933,1.6628E+18,
kurikulum-merdeka_16.csv,1.83295E+18,Tue Sep 10 01:05:53 +0000 2024,0,@geloraco PENDIDIKAN SAAT INI MENGGUNAKAN KURIKULUM GOJEK,1.83331E+18,,geloraco,in,,0,0,0,https://x.com/undefined/status/1833310894484558063,1.78291E+18,
kurikulum-merdeka_16.csv,1.83295E+18,Tue Sep 10 02:15:27 +0000 2024,0,@geloraco Konspirasi global blok cina dan amerika melalui kaki tangannya para elit politik dan pejabat negara. Agar rakyat indonesia ini jangan sampai berpendidikan tinggi lbh dari 5%. Jadi mulai dari level paling bawah hingga perguruan tinggi harus dilemahkan.,1.83333E+18,,geloraco,in,,0,0,0,https://x.com/undefined/status/1833328404390879537,1.70717E+18,
kurikulum-merdeka_16.csv,1.83295E+18,Tue Sep 10 04:34:50 +0000 2024,0,@geloraco Kurikulumnya anya utk merusak akhlak d membodohi anak2 bgsa mulyono demen org2 sperti ini,1.83336E+18,,geloraco,in,,0,0,0,https://x.com/undefined/status/1833363480545792238,1.75215E+18,
kurikulum-merdeka_16.csv,1.83295E+18,Mon Sep 09 03:30:37 +0000 2024,0,@geloraco DPRD sementara bilang Heru gercep beresin masalah warga https://t.co/xxLfgCrWSs,1.83298E+18,,geloraco,in,,0,0,0,https://x.com/undefined/status/1832984932035055957,2258028973,
kurikulum-merdeka_16.csv,1.83295E+18,Mon Sep 09 04:22:16 +0000 2024,0,@geloraco Demokrat anggap Heru Budi pemimpin mentereng masa jabatan mesti diperpanjang https://t.co/g60HEmPPrT,1.833E+18,,geloraco,in,,0,0,0,https://x.com/undefined/status/1832997929310879995,1.75199E+18,
kurikulum-merdeka_16.csv,1.83295E+18,Mon Sep 09 04:42:49 +0000 2024,0,@geloraco Heru dapet pujian dari pimpinan sementara DPRD soal urus warga https://t.co/YqzF4Ymhb9,1.833E+18,,geloraco,in,,0,0,0,https://x.com/undefined/status/1833003102833955160,1.75199E+18,
kurikulum-merdeka_16.csv,1.83295E+18,Mon Sep 09 05:25:10 +0000 2024,0,@geloraco Heru dinilai hebat oleh DPRD DKI dalam tangani masalah warga https://t.co/9d4SbMv2l0,1.83301E+18,,geloraco,in,,0,0,0,https://x.com/undefined/status/1833013760245866879,1.75199E+18,
kurikulum-merdeka_16.csv,1.83295E+18,Mon Sep 09 07:41:30 +0000 2024,0,@geloraco Yup betul. 5 tahun benar2 waktu yg sia2 di dunia pendidikan,1.83305E+18,,geloraco,in,,0,0,0,https://x.com/undefined/status/1833048067521810730,1.48798E+18,
kurikulum-merdeka_16.csv,1.83295E+18,Mon Sep 09 13:01:39 +0000 2024,0,@geloraco BOHIR MULAI NONGOL https://t.co/dlZDLGGdMy,1.83313E+18,https://pbs.twimg.com/media/GXCUx8saUAAuy_n.jpg,geloraco,in,,0,0,0,https://x.com/undefined/status/1833128636792410229,1.43091E+18,
kurikulum-merdeka_16.csv,1.83295E+18,Mon Sep 09 18:13:42 +0000 2024,0,@geloraco @nadiemmakarim bisa klimpungan di semprot pak Yusuf Kalla,1.83321E+18,,geloraco,in,,0,0,0,https://x.com/undefined/status/1833207168465834176,1.78013E+18,
kurikulum-merdeka_16.csv,1.83295E+18,Mon Sep 09 21:05:10 +0000 2024,0,@geloraco Kok baru skrng pak kemana aja 5tHun,1.83325E+18,,geloraco,in,,0,0,0,https://x.com/undefined/status/1833250315849871367,85517554,
kurikulum-merdeka_16.csv,1.83295E+18,Tue Sep 10 08:27:53 +0000 2024,0,@geloraco Heru Budi Hatono uji coba makan bergizi gratis di SD-SMP Jakarta anak-anak pada suka dan habis sebulan https://t.co/suTmkPMLtr,1.83342E+18,,geloraco,in,,0,0,0,https://x.com/undefined/status/1833422129519595814,1.75199E+18,
kurikulum-merdeka_17.csv,1.84543E+18,Sun Oct 13 15:56:09 +0000 2024,38,@zanatul_91 di TK dilarang Calistung tpi kelas 1 SD soal MTK nya kek soal tes CPNS. memang udah sesakit itu sistem pendidikan di Indonesia,1.84549E+18,,zanatul_91,in,,0,2,11,https://x.com/undefined/status/1845493738065510707,154057896,
kurikulum-merdeka_17.csv,1.84543E+18,Sun Oct 13 12:59:21 +0000 2024,22,@zanatul_91 Jangankan SMA mas. SMP saja sudah amburadul.,1.84545E+18,,zanatul_91,in,,1,1,0,https://x.com/undefined/status/1845449243500347882,1175628738,
kurikulum-merdeka_17.csv,1.84543E+18,Sun Oct 13 12:11:48 +0000 2024,17,@zanatul_91 Guru gembul dong abis nonton debatnya yg di UI kemaren ya kang iman? tapi jadi makin yakin sih guru gembul emang ngawur karena ngomong ngawur tanpa dasar refrensinya apa ,1.84544E+18,,zanatul_91,in,,0,1,1,https://x.com/undefined/status/1845437277108920387,129431559,
kurikulum-merdeka_17.csv,1.84543E+18,Sun Oct 13 15:34:35 +0000 2024,15,@zanatul_91 Setelah 20 Oktober semua yg berbau merdeka akan berakhir berganti kurikulum yg baru sesuai dengan keinginan menteri yg baru..lagian nomenklatur yg ada nti akan dipecah jadi 2 Dikti sendiri pendidikan dasar sendiri,1.84549E+18,,zanatul_91,in,,0,2,0,https://x.com/undefined/status/1845488310736871639,62835397,
kurikulum-merdeka_17.csv,1.84543E+18,Sun Oct 13 12:59:36 +0000 2024,13,@zanatul_91 rvisi Pak bukan kurikulum SD lbih cocok untuk kurikulum PAUD..mnyenangkan sih walo nanti akan menghasilkan anak b*d*h tdk bisa baca-tulis hitung...apalg sains anak yg mental lemah ngambek ngeluh buktinya bnyk mahasiswa diberbagai univ yg bunuh diri..yg pntng menterinya kaya,1.84545E+18,,zanatul_91,in,,0,1,0,https://x.com/undefined/status/1845449309564829750,3244335422,
kurikulum-merdeka_17.csv,1.84543E+18,Sun Oct 13 14:15:03 +0000 2024,5,@zanatul_91 Dan jg perbanyak konten bang. Apapun kontenya yg ptg bisa di unggah.,1.84547E+18,,zanatul_91,in,,0,1,0,https://x.com/undefined/status/1845468295497121989,473712334,
kurikulum-merdeka_17.csv,1.84543E+18,Sun Oct 13 15:44:10 +0000 2024,4,@zanatul_91 @Guru_PNS YaAllah pak kalau ngomong suka bener https://t.co/q7hcZwDW6U,1.84549E+18,https://pbs.twimg.com/tweet_video_thumb/GZyABXia0AA6cXH.jpg,zanatul_91,in,,0,1,0,https://x.com/undefined/status/1845490721895395665,1.46968E+18,
kurikulum-merdeka_17.csv,1.84543E+18,Sun Oct 13 16:04:09 +0000 2024,4,@zanatul_91 Pas amat twit ini lewat dimana saya besok pendampingan individu cgp yg ada ice breakingnya,1.8455E+18,,zanatul_91,in,,0,1,0,https://x.com/undefined/status/1845495752698798517,1.65373E+18,
kurikulum-merdeka_17.csv,1.84543E+18,Wed Oct 16 01:14:23 +0000 2024,1,@zanatul_91 Astaga.. kalimat terakhirnya ,1.84636E+18,,zanatul_91,in,,0,1,0,https://x.com/undefined/status/1846358999744254367,1.60449E+18,
kurikulum-merdeka_17.csv,1.84543E+18,Mon Oct 14 10:28:11 +0000 2024,0,@zanatul_91 Bisa dibayangkan Merdeka Belajar Kampus Merdeka ,1.84577E+18,,zanatul_91,in,,0,1,0,https://x.com/undefined/status/1845773590957903942,61719366,
kurikulum-merdeka_17.csv,1.84543E+18,Sun Oct 13 11:41:23 +0000 2024,1,@zanatul_91 ngeri.. cemas...,1.84543E+18,,zanatul_91,in,,0,0,0,https://x.com/undefined/status/1845429623531897050,1.28212E+18,
kurikulum-merdeka_17.csv,1.84543E+18,Sun Oct 13 12:34:04 +0000 2024,1,@zanatul_91 @_screenshoter,1.84544E+18,,zanatul_91,qam,,0,1,0,https://x.com/undefined/status/1845442884465721852,1.3004E+18,
kurikulum-merdeka_17.csv,1.84543E+18,Sun Oct 13 12:56:21 +0000 2024,1,@zanatul_91 ,1.84545E+18,,zanatul_91,qme,,0,0,0,https://x.com/undefined/status/1845448492199837873,1.2592E+18,
kurikulum-merdeka_17.csv,1.84543E+18,Sun Oct 13 13:03:53 +0000 2024,1,@zanatul_91 This!!!!!,1.84545E+18,,zanatul_91,en,,0,0,0,https://x.com/undefined/status/1845450387857473993,1.64514E+18,
kurikulum-merdeka_17.csv,1.84543E+18,Sun Oct 13 22:03:05 +0000 2024,1,@zanatul_91 Saya baru tahu kondisi pendidikan menengah kita. Sememelas itu ya? Kayaknya model merdeka belajar spt itu lebih cocok buat anak TK atau pelatihan orang dewasa bukan anak² SMP/SMA. Kalaupun mau cukup sekali/semester. Rasanya anak saya di SMA-nya melakukan P5 cuma sekali/smt,1.84559E+18,,zanatul_91,in,,0,0,0,https://x.com/undefined/status/1845586078327332949,873663181,
kurikulum-merdeka_17.csv,1.84543E+18,Sun Oct 13 23:43:45 +0000 2024,1,@zanatul_91 guru lebih pusing mikir ice breaking sama nyanyi-nyanyian. lebih memudahkan emg tapi pas ujian baru kerasa. akhirnya guru bikin kisi-kisi dan anak belajar dr situ ,1.84561E+18,,zanatul_91,in,,0,1,0,https://x.com/undefined/status/1845611413936713926,1.32314E+18,
kurikulum-merdeka_17.csv,1.84543E+18,Mon Oct 14 10:48:46 +0000 2024,1,@zanatul_91 P5 SMP gak ada gunanya sementara ini. Akselerasi literasi dan numerasi sulit di pecut. Eh muncul p5 yg justru bikin materi pengayaan sulit disampaikan karna waktu terpotong p5. Padahal sudah saja p5 itu di integrasikan di masing masing mapel. Amburadul!,1.84578E+18,,zanatul_91,in,,0,1,0,https://x.com/undefined/status/1845778772286644416,272479882,
kurikulum-merdeka_17.csv,1.84543E+18,Mon Oct 14 19:22:31 +0000 2024,1,@zanatul_91 Pendidikan jangan dibikin mainan. Kita sdh kehilangan 5 tahun yang berharga. Kemendikbud harus tgg jawab menteri juga dirjen dan DPR. Pakar &amp; pemerhati kok semua mendadak ompong . Apa takut hilang jabatan &amp; periuk nasi. Anak2 nilai rapot tinggi tapi isinya kosong.,1.84591E+18,,zanatul_91,in,,0,0,0,https://x.com/undefined/status/1845908062009201036,377724465,
kurikulum-merdeka_17.csv,1.84543E+18,Sun Oct 13 12:11:03 +0000 2024,0,@zanatul_91 Guru gembul ngomong apa aja tapi ngawur ya?,1.84544E+18,,zanatul_91,in,,0,1,0,https://x.com/undefined/status/1845437090168963461,1633998210,
kurikulum-merdeka_17.csv,1.84543E+18,Sun Oct 13 14:34:48 +0000 2024,0,@zanatul_91 hahaa...,1.84547E+18,,zanatul_91,tl,,0,0,0,https://x.com/undefined/status/1845473264543637767,1.56571E+18,
kurikulum-merdeka_17.csv,1.84543E+18,Sun Oct 13 23:00:14 +0000 2024,0,@zanatul_91 Betul,1.8456E+18,,zanatul_91,en,,0,0,0,https://x.com/undefined/status/1845600463242309643,122927423,
kurikulum-merdeka_17.csv,1.84543E+18,Mon Oct 14 00:36:02 +0000 2024,0,@zanatul_91 Premisnya aneh ya Bang.,1.84562E+18,,zanatul_91,in,,0,0,0,https://x.com/undefined/status/1845624573360033813,15580664,
kurikulum-merdeka_17.csv,1.84543E+18,Mon Oct 14 02:36:18 +0000 2024,0,@zanatul_91 Yang lebih parah Mas siswa SMK juga harus diikuti passion belajarnya ala anak Sekolah C*k*l.,1.84565E+18,,zanatul_91,in,,0,0,0,https://x.com/undefined/status/1845654836592988250,9571192,
kurikulum-merdeka_17.csv,1.84543E+18,Mon Oct 14 03:54:14 +0000 2024,0,@zanatul_91 mon maap guru penggerak ini temennya guru gembul yah?,1.84567E+18,,zanatul_91,in,,0,0,0,https://x.com/undefined/status/1845674449191727218,1.83747E+18,
kurikulum-merdeka_17.csv,1.84543E+18,Mon Oct 14 05:12:35 +0000 2024,0,@zanatul_91 Guru gembul itu cerdas hanya org bego sj yg bilang dia ngawur,1.84569E+18,,zanatul_91,in,,0,0,0,https://x.com/undefined/status/1845694167890145464,1.79391E+18,
kurikulum-merdeka_17.csv,1.84543E+18,Mon Oct 14 05:24:09 +0000 2024,0,@zanatul_91 Pebisnis disuruh ngurus kurikulum ya jadinya gitu. Kurikulum yg lebih cocok buat tempat les atau daycare daripada sekolah.,1.8457E+18,,zanatul_91,in,,0,0,0,https://x.com/undefined/status/1845697077113930023,110022231,
kurikulum-merdeka_17.csv,1.84543E+18,Mon Oct 14 05:33:05 +0000 2024,0,@zanatul_91 Apalagi SMK... Beuh... Merdeka beneran..,1.8457E+18,,zanatul_91,in,,0,0,0,https://x.com/undefined/status/1845699326720557407,7.98424E+17,
kurikulum-merdeka_17.csv,1.84543E+18,Mon Oct 14 05:44:14 +0000 2024,0,@zanatul_91 Sangat setuju sekali gurunya emang harus difilter lagi,1.8457E+18,,zanatul_91,in,,0,0,0,https://x.com/undefined/status/1845702132647047677,405975415,
kurikulum-merdeka_17.csv,1.84543E+18,Mon Oct 14 06:00:53 +0000 2024,0,@zanatul_91 Ice breaking ngonten. Hdeuh,1.84571E+18,,zanatul_91,in,,0,0,0,https://x.com/undefined/status/1845706324082110606,1.25682E+18,
kurikulum-merdeka_17.csv,1.84543E+18,Mon Oct 14 07:27:25 +0000 2024,0,@zanatul_91 Menyala abangku,1.84573E+18,,zanatul_91,in,,0,0,0,https://x.com/undefined/status/1845728100371558677,504106223,
kurikulum-merdeka_18.csv,1.84857E+18,Tue Oct 22 05:38:50 +0000 2024,5,@geloraco @Margono_eMGe Ganti menteri ganti kebijakan kembalikan pola Penerimaan Siswa baru ke era sblm Nadiem Penataran P4 bila perlu diadakan kembali.,1.8486E+18,,geloraco,in,,0,0,0,https://x.com/undefined/status/1848599877770743831,1.44437E+18,
kurikulum-merdeka_18.csv,1.84857E+18,Tue Oct 22 06:32:50 +0000 2024,4,@geloraco Praktek zonasi juga banyak merugikan calon siswa utk tingkatan SMP ada jalur Prestasi Pindah Tugas Nilai Raport Zonasi dan Afirmasi sama juga yang SMA cuma prakteknya di SMA nilai Raport masih juga pakai Zonasi yang diperlebar di kota yg berbatasan saja gmana yg luar kota?,1.84861E+18,,geloraco,in,,0,0,0,https://x.com/undefined/status/1848613465772228973,1.53324E+18,
kurikulum-merdeka_18.csv,1.84857E+18,Tue Oct 22 08:25:44 +0000 2024,2,@geloraco Harus dievaluasi semuanya pak ,1.84864E+18,,geloraco,in,,0,0,0,https://x.com/undefined/status/1848641876993482932,4157774538,
kurikulum-merdeka_18.csv,1.84857E+18,Tue Oct 22 15:19:48 +0000 2024,2,@geloraco Nih gara gara Nad**m kontol emang pendidikan di Indonesia berantakan. Bocah SMP aja orang bisa ngitung kacau bener itu menteri kgk becus,1.84875E+18,,geloraco,in,,0,0,0,https://x.com/undefined/status/1848746080370102290,1.50661E+18,
kurikulum-merdeka_18.csv,1.84857E+18,Tue Oct 22 10:11:17 +0000 2024,1,@geloraco Mantab biar mutu pendidikan bs kembali bersaing,1.84867E+18,,geloraco,in,,0,0,0,https://x.com/undefined/status/1848668442678989114,9.2859E+17,
kurikulum-merdeka_18.csv,1.84857E+18,Tue Oct 22 12:20:49 +0000 2024,1,@geloraco Kerjanya ganti kurikulum aja bgt terus sampai kiamat.,1.8487E+18,,geloraco,in,,0,0,0,https://x.com/undefined/status/1848701039643672915,1.70558E+18,
kurikulum-merdeka_18.csv,1.84857E+18,Tue Oct 22 15:06:38 +0000 2024,1,@geloraco UN itu wajib harus ada lagi sebagai salah satu seleksi untuk masuk ke jenjang berikutnya,1.84874E+18,,geloraco,in,,0,0,0,https://x.com/undefined/status/1848742766232363173,1.30392E+18,
kurikulum-merdeka_18.csv,1.84857E+18,Wed Oct 23 04:00:30 +0000 2024,1,@geloraco Siswa wajib naik kelas ga ada UN tidak ada sistem ranking ga ada nilai standar kkm bikin banyak anak sepele dengan belajar.. Iya poin2 itu emang pro kontra tapi layak dipertimbangkan lagi.. ditambah satu lagi PR besar... banyak anak yang nir adab ke guru,1.84894E+18,,geloraco,in,,0,0,0,https://x.com/undefined/status/1848937516029907203,446026848,
kurikulum-merdeka_18.csv,1.84857E+18,Tue Oct 22 11:59:20 +0000 2024,0,@geloraco Halaaah arep mendikbud ko kamadiyah yo podo wae wong indonesia ki ora oleh do pinter2 karo sing motangi duit disetir,1.8487E+18,,geloraco,in,,0,0,0,https://x.com/undefined/status/1848695630526616022,1350861338,
kurikulum-merdeka_18.csv,1.84857E+18,Tue Oct 22 16:26:33 +0000 2024,0,@geloraco Peniadaan un buat anak indo malas,1.84876E+18,,geloraco,in,,0,0,0,https://x.com/undefined/status/1848762878217896348,85517554,
kurikulum-merdeka_19.csv,1.83739E+18,Sat Sep 21 07:27:16 +0000 2024,3,@Heraloebss Udah disentil dulu klo gatau sama guru ya miss ,1.83739E+18,,Heraloebss,in,,0,1,0,https://x.com/undefined/status/1837393140715868318,1.55568E+18,
kurikulum-merdeka_19.csv,1.83739E+18,Sat Sep 21 07:38:51 +0000 2024,1,@Heraloebss Iya yah.. Kok parah2 sih generasi sekarang. Gak tau juga kurikulum Nadiem itu seperti apa? Dulu zaman2 gue ada cerdas cermat dan sebagainya..,1.8374E+18,,Heraloebss,in,,0,0,1,https://x.com/undefined/status/1837396054222033242,397966748,
kurikulum-merdeka_19.csv,1.83739E+18,Sat Sep 21 11:18:10 +0000 2024,2,@Heraloebss Kalau diangan2 lg saya heran juga duluwaktu sd kok bisa hafal butir2 pancasila yang segitu banyaknya. Ditambah harus hafal 27 propinsi beserta nama baju adat tari rumah adat lagu daerahnya serta penghasilan SDA di daerah tersebut. Intinya RPUL dan RPAL harus diluar kepala ,1.83745E+18,,Heraloebss,in,,0,0,0,https://x.com/undefined/status/1837451246904791429,1.38269E+18,
kurikulum-merdeka_19.csv,1.83739E+18,Sat Sep 21 07:35:06 +0000 2024,1,@Heraloebss Amberadul sampai nama ibu kota daerah aja bnyk yg gak tau ,1.8374E+18,,Heraloebss,in,,0,0,0,https://x.com/undefined/status/1837395113875841477,8.92291E+17,
kurikulum-merdeka_19.csv,1.83739E+18,Sat Sep 21 08:18:21 +0000 2024,1,@Heraloebss Ktanya merdeka belajar miss tp kaga ada itu belajar2nya yg ada anak2 skrg cm asal berangkat sekolah pst naik kelas gapeduli anaknya bs mengikuti pelajaran apa ngga,1.83741E+18,,Heraloebss,in,,1,0,0,https://x.com/undefined/status/1837405995972382842,1.60414E+18,
kurikulum-merdeka_19.csv,1.83739E+18,Sat Sep 21 10:41:21 +0000 2024,1,@Heraloebss Sungguh sangat Berhasil mukidi mendidik generasi emas rakyatnya.. mudah mudahan dilanjutkan anaknya fafafufu fufufafa 11 mkmkmkmkmk,1.83744E+18,,Heraloebss,in,,0,0,0,https://x.com/undefined/status/1837441982173794605,1.81599E+18,
kurikulum-merdeka_19.csv,1.83739E+18,Sat Sep 21 10:41:32 +0000 2024,1,@Heraloebss Iya bener sekarang anak2 di tanya dikit soal pengetahuan umum aja jawabanya pada gatau...jd apa yg dipelajari di sekolahannya cobak?,1.83744E+18,,Heraloebss,in,,0,0,0,https://x.com/undefined/status/1837442028122320962,1.16919E+18,
kurikulum-merdeka_19.csv,1.83739E+18,Sat Sep 21 12:06:58 +0000 2024,1,@Heraloebss Gurunya pada sok asik bikin konten edukatif muridnya jadi obyek. Tapi mau gimana lagi Memang itu cara mereka mengejawantahkan kurikulumnya. Gemes...,1.83746E+18,,Heraloebss,in,,1,0,0,https://x.com/undefined/status/1837463527579439471,1.19636E+18,
kurikulum-merdeka_19.csv,1.83739E+18,Sat Sep 21 12:21:04 +0000 2024,1,@Heraloebss Hahahaha fir'aun,1.83747E+18,,Heraloebss,tl,,0,0,0,https://x.com/undefined/status/1837467077906415922,1.47084E+18,
kurikulum-merdeka_19.csv,1.83739E+18,Sat Sep 21 14:59:07 +0000 2024,0,@Heraloebss Sedih ya liatnya,1.83751E+18,,Heraloebss,in,,0,0,0,https://x.com/undefined/status/1837506851463696398,1.35862E+18,
kurikulum-merdeka_19.csv,1.83739E+18,Sat Sep 21 19:48:17 +0000 2024,0,@Heraloebss Kurikulum si gojek merdeka belajar jadi anak2 gak belajar ,1.83758E+18,,Heraloebss,in,,0,0,0,https://x.com/undefined/status/1837579622869094446,1.77091E+18,
kurikulum-merdeka_19.csv,1.83739E+18,Sun Sep 22 02:17:51 +0000 2024,0,@Heraloebss Kasihan.....,1.83768E+18,,Heraloebss,in,,0,0,0,https://x.com/undefined/status/1837677660740399282,54099855,
kurikulum-merdeka_19.csv,1.83739E+18,Sun Sep 22 03:26:42 +0000 2024,0,@Heraloebss Sengaja dibikin bodoh ntar kerja ma dia penuhin pundi2 duitnya,1.83769E+18,,Heraloebss,in,,0,0,0,https://x.com/undefined/status/1837694987737485482,120966785,
kurikulum-merdeka_19.csv,1.83739E+18,Sun Sep 22 03:42:04 +0000 2024,0,@Heraloebss Lah menterinya sibuk Nge gojek,1.8377E+18,,Heraloebss,in,,0,0,0,https://x.com/undefined/status/1837698854931910795,116670493,
kurikulum-merdeka_19.csv,1.83739E+18,Sun Sep 22 06:08:08 +0000 2024,0,@Heraloebss sedih liatnya,1.83774E+18,,Heraloebss,in,,0,0,0,https://x.com/undefined/status/1837735613581480187,1.27461E+18,
kurikulum-merdeka_19.csv,1.83739E+18,Sun Sep 22 06:17:15 +0000 2024,0,@Heraloebss Menteri pendidikan sudah berhasil dengan baik.. ,1.83774E+18,,Heraloebss,in,,0,0,0,https://x.com/undefined/status/1837737906829758472,1.75329E+18,
kurikulum-merdeka_19.csv,1.83739E+18,Sun Sep 22 16:19:36 +0000 2024,0,@Heraloebss Terus di sekolah ngapaiiinnnn ?,1.83789E+18,,Heraloebss,in,,0,0,0,https://x.com/undefined/status/1837889494215020940,543369952,
kurikulum-merdeka_19.csv,1.83739E+18,Sat Sep 21 23:00:12 +0000 2024,0,@Heraloebss Sama aja lah 11-12 skrng gw tanya kelan para tua bangka kurikulum dlu yg skrng jd pejabat2 posisi tinggi kan era kalian yg katanya kurikulum terbaek KOLUSI MASIH GAK? KORUPSI MASIH GAK? NEPOTISME MASIH? SAMA AJA kelan generasi tua bangka generasi gagal juga,1.83763E+18,,Heraloebss,in,,0,0,0,https://x.com/undefined/status/1837627921017852304,1.15267E+18,
kurikulum-merdeka_2.csv,1.76354E+18,Fri Mar 01 12:16:57 +0000 2024,6,@zanatul_91 Bang nih gue ada produk baru. Gue kasih tester nanti kalo cocok bs kita collabs buat ekspansi se nasional...,1.76354E+18,,zanatul_91,in,,0,1,0,https://x.com/undefined/status/1763538916496535576,714571951,
kurikulum-merdeka_2.csv,1.76354E+18,Fri Mar 01 12:55:11 +0000 2024,5,@zanatul_91 bukankah kurikulum merdeka ini dulu awal mulanya dari kurikulum prototipe &gt; kurikulum merdeka bagi sekolah PK / CoE &gt; terus banyak yang menggunakan baru mau dipaksakan menjadi kurikulum nasional. Artinya bukan berasal dari guru kan? cmiiw,1.76355E+18,,zanatul_91,in,,0,1,0,https://x.com/undefined/status/1763548539576340946,281039802,
kurikulum-merdeka_2.csv,1.76354E+18,Fri Mar 01 12:22:56 +0000 2024,3,@zanatul_91 Fungsi PGRI buat permasalahan seperti ini gimana ya?,1.76354E+18,,zanatul_91,in,,0,2,0,https://x.com/undefined/status/1763540423908429871,1.47477E+18,
kurikulum-merdeka_2.csv,1.76354E+18,Fri Mar 01 12:20:25 +0000 2024,1,@zanatul_91 Kemana PGRI ya Bang? Kok dak pernah bersuara terkait PMM dan Kumer. Giliran batas usia GP malah bersuara GP kan dak untuk semua guru.,1.76354E+18,,zanatul_91,in,,0,1,0,https://x.com/undefined/status/1763539791264784583,189028004,
kurikulum-merdeka_2.csv,1.76354E+18,Fri Mar 01 21:59:16 +0000 2024,1,@zanatul_91 Tanya dong pak. Memangnya kurikulum2 itu diujicoba di sekolah mana sebelum diterapkan ke seluruh Indonesia? Jd penasaran kalau memang ada ujicoba... Kok kadang ga masuk akal beban belajar siswanya spt Kurikulum 2013 yg versi awal (sebelum revisi 2016)...,1.76369E+18,,zanatul_91,in,,0,1,0,https://x.com/undefined/status/1763685461787369702,910650462,
kurikulum-merdeka_20.csv,1.84761E+18,Sun Oct 20 00:34:45 +0000 2024,462,@CakKhum @nadiemmakarim Kurikulum yang dipersiapkan untuk menjadi driver ojol Investasi yang bagus pak @nadiemmakarim,1.8478E+18,,CakKhum,in,,4,33,61,https://x.com/undefined/status/1847798576937914659,47131704,
kurikulum-merdeka_20.csv,1.84761E+18,Sat Oct 19 15:35:19 +0000 2024,76,@CakKhum @nadiemmakarim Kurikulum merdeka = kurikulum TERGOOBBLOOKK dalam sejarah pendidikan di Indonesia !!! Kurikulum merdeka bikin anak bangsa jadi Goblok Tolol Dungu dan Malas !!!,1.84766E+18,,CakKhum,in,,0,11,6,https://x.com/undefined/status/1847662823440277893,1.60546E+18,
kurikulum-merdeka_20.csv,1.84761E+18,Sun Oct 20 01:38:49 +0000 2024,45,@CakKhum @nadiemmakarim muataneee 900001 ,1.84781E+18,,CakKhum,in,,0,5,1,https://x.com/undefined/status/1847814698844246124,1.29651E+18,
kurikulum-merdeka_20.csv,1.84761E+18,Sun Oct 20 04:24:24 +0000 2024,42,@CakKhum @nadiemmakarim SLB kah ini?,1.84786E+18,,CakKhum,in,,0,8,1,https://x.com/undefined/status/1847856368503705822,310029816,
kurikulum-merdeka_20.csv,1.84761E+18,Sat Oct 19 12:08:47 +0000 2024,35,@CakKhum @nadiemmakarim Begini kualitas pendidikan di Konoha makanya S3 bisa Cumlaude dlm 3 semester walau S1 &amp; S2 nya kagak terdaftar di PDDikti. Bye bye pak @nadiemmakarim,1.84761E+18,,CakKhum,in,,0,3,0,https://x.com/undefined/status/1847610847998464175,2338404451,
kurikulum-merdeka_20.csv,1.84761E+18,Sun Oct 20 00:51:21 +0000 2024,25,@CakKhum @nadiemmakarim Nyalahin kurikulum elu yaa emak bapaknya pada kemana? Ajarin anak2 lu yg bener awasi jgn dia maen hapeee terooss lu diemin. Ya jgn bikiiinnn Mulu tp Asah asih asuh nya ga maooo..,1.8478E+18,,CakKhum,in,,2,38,1,https://x.com/undefined/status/1847802753617469494,893094524,
kurikulum-merdeka_20.csv,1.84761E+18,Sun Oct 20 02:56:33 +0000 2024,23,@CakKhum @nadiemmakarim Yang penting kan kenal syapa itu Zeuz! Dewa penjaga slot. ,1.84783E+18,,CakKhum,in,,0,4,0,https://x.com/undefined/status/1847834259228414056,242484646,
kurikulum-merdeka_20.csv,1.84761E+18,Sun Oct 20 01:47:29 +0000 2024,13,@CakKhum @nadiemmakarim Honestly this is exactly what the 'kurikulum-merdeka' is for. It lets teachers focus on each student's needs even beyond the usual curriculum. All it takes is a bit of creativity from the teacher.,1.84782E+18,,CakKhum,en,,0,6,1,https://x.com/undefined/status/1847816879878054070,132909615,
kurikulum-merdeka_20.csv,1.84761E+18,Sun Oct 20 03:27:33 +0000 2024,15,@CakKhum @nadiemmakarim Pas belajar angka angka gitu gue rasa sebelum kurikulum merdeka deh . Wkwkwkwkw,1.84784E+18,,CakKhum,in,,0,2,0,https://x.com/undefined/status/1847842061145559510,1.78392E+18,
kurikulum-merdeka_20.csv,1.84761E+18,Sun Oct 20 00:19:02 +0000 2024,11,@CakKhum @nadiemmakarim Apalagi suruh baca angka 12. 859.256.758.001 dijamin dia bakal nangis dia,1.84779E+18,,CakKhum,in,,0,3,1,https://x.com/undefined/status/1847794619398164653,9.75389E+17,
kurikulum-merdeka_20.csv,1.84761E+18,Sun Oct 20 08:45:31 +0000 2024,9,@CakKhum @nadiemmakarim Udahlah kurikulum buat mumet ujian nggak ada dah lah jadi negara goblok ini indonesia,1.84792E+18,,CakKhum,in,,0,0,1,https://x.com/undefined/status/1847922082635763740,1.81065E+18,
kurikulum-merdeka_20.csv,1.84761E+18,Sun Oct 20 08:52:49 +0000 2024,1,@CakKhum @nadiemmakarim Adalagi yg suruh ngitung 15 x 10 https://t.co/STBnhRe236,1.84792E+18,https://pbs.twimg.com/ext_tw_video_thumb/1847923792062087168/pu/img/Eo9y9IQrp7eScjb4.jpg,CakKhum,in,,0,5,2,https://x.com/undefined/status/1847923919921299907,1.08034E+18,
kurikulum-merdeka_20.csv,1.84761E+18,Sun Oct 20 10:30:00 +0000 2024,4,@CakKhum @nadiemmakarim Kurikulum dagang kalo ini 9000-1 (sembilan ribu dapet 1 item),1.84795E+18,,CakKhum,in,,0,0,0,https://x.com/undefined/status/1847948376182231383,50868665,
kurikulum-merdeka_20.csv,1.84761E+18,Sun Oct 20 00:03:11 +0000 2024,3,@CakKhum @nadiemmakarim Ngak habis Fikri sama kurikulum sekarang Di ganti lagi mentrinya di ganti lagi kurikulum nya enakan jaman dulu,1.84779E+18,,CakKhum,in,,0,2,0,https://x.com/undefined/status/1847790632850616757,1.77101E+18,
kurikulum-merdeka_20.csv,1.84761E+18,Sun Oct 20 10:37:01 +0000 2024,3,@CakKhum @nadiemmakarim Ga percaya ini paling ya mung konten kebanyakan anak muda pelajar &amp; mahasiswa skrg kan pandai2 &amp; cerdas2 IQnya juga tinggi2 semua,1.84795E+18,,CakKhum,in,,1,5,0,https://x.com/undefined/status/1847950141057274339,1.22143E+18,
kurikulum-merdeka_20.csv,1.84761E+18,Sun Oct 20 07:33:30 +0000 2024,2,@CakKhum @nadiemmakarim Kenapa nyalahin kurikulum merdeka? Dia sekarang kelas 10. Kurikulum merdeka baru berjalan 3 tahun yg lalu. 3 tahun yg lalu dia masih kelas 7. Untuk menulis angka 9001 itu seharusnya sudah dari SD yg kurikulumnya masih pake K2013.,1.8479E+18,,CakKhum,in,,0,2,0,https://x.com/undefined/status/1847903957286302019,1.17428E+18,
kurikulum-merdeka_20.csv,1.84761E+18,Mon Oct 21 08:40:06 +0000 2024,0,@CakKhum @nadiemmakarim katanya di Australi yang ga bisa jawab ya gapapa karena kemampuan murid gak sama punya kelebihan masing-masing. Tapi di sana lebih SANTUN ga kayak anak kepala Desa yang Viral.. udah goblok marah2 lagi.... aseem!,1.84828E+18,,CakKhum,in,,0,0,1,https://x.com/undefined/status/1848283106564096435,1.31687E+18,
kurikulum-merdeka_20.csv,1.84761E+18,Sun Oct 20 07:59:47 +0000 2024,1,@CakKhum @nadiemmakarim ane juga pernah salah 101.000=seratus seribu harusnya seratus satu ribu,1.84791E+18,,CakKhum,in,,0,2,0,https://x.com/undefined/status/1847910570785460394,1.82259E+18,
kurikulum-merdeka_20.csv,1.84761E+18,Sun Oct 20 09:05:14 +0000 2024,1,@CakKhum @nadiemmakarim Kok bisa orang masih se dungu ini duduk di bangku SMK.,1.84793E+18,,CakKhum,in,,0,0,0,https://x.com/undefined/status/1847927041334866108,1.51058E+18,
kurikulum-merdeka_20.csv,1.84761E+18,Sun Oct 20 10:18:21 +0000 2024,1,@CakKhum @nadiemmakarim Andai pertanyaan nya di buat seperti game Pasti lebih mudah,1.84795E+18,,CakKhum,in,,0,1,0,https://x.com/undefined/status/1847945445118795796,1.83617E+18,
kurikulum-merdeka_20.csv,1.84761E+18,Sun Oct 20 11:06:44 +0000 2024,1,@CakKhum @nadiemmakarim Ngga memihak ke siapa2 sih ya karna hamba bukan anak usia sekolah. Cuma inj anak SMK kan ya kelas 10. Sedangkan tulis menulis itu di ajarkar waktu kelas 1 malahan di TK ada yg udah ngajarin. Nah apakah 10 thn yg lalu (2014) mentri pendidikan nya udah pak nadiem?,1.84796E+18,,CakKhum,in,,0,3,0,https://x.com/undefined/status/1847957618641482181,67542670,
kurikulum-merdeka_20.csv,1.84761E+18,Sun Oct 20 11:09:09 +0000 2024,1,@CakKhum @nadiemmakarim Adaptasi pendidikan korut aja lah semi militer. Yg penting biar belajar bener. Drpd dibebasin kaya Finland pada dongo semua. Kunci kemajuan pendidikan Finland tuh ortu yg juga berpendidikan disana standard cara didik anak udah terbentuk. Lah sini para ortu males ngajarin anak,1.84796E+18,,CakKhum,in,,0,0,0,https://x.com/undefined/status/1847958228115882127,7.32032E+17,
kurikulum-merdeka_20.csv,1.84761E+18,Sun Oct 20 12:29:26 +0000 2024,1,@CakKhum @Android_AK_47 @nadiemmakarim Tenang bro yg jadi presiden 10 tahun aja sekolahnya gak jelas n ijazahnya gak jelas tapi bisa nipu rakyat se Indonesia,1.84798E+18,,CakKhum,in,,0,0,0,https://x.com/undefined/status/1847978433147818072,1.60695E+18,
kurikulum-merdeka_20.csv,1.84761E+18,Sun Oct 20 19:11:55 +0000 2024,1,@CakKhum @nadiemmakarim HASIL KURIKULUM MERDEKA,1.84808E+18,,CakKhum,in,,0,0,0,https://x.com/undefined/status/1848079719868280959,60640814,
kurikulum-merdeka_20.csv,1.84761E+18,Sun Oct 20 19:36:25 +0000 2024,1,@CakKhum @nadiemmakarim kalau guru gw udah diantukan kepala di papan tulis itu. ga ada yg berani ngadu emak karna takut dimarahin 2x dimarahin guru + emak juga dirumah pantas lah kau diantukan kepala kau dengan gurumu itu ,1.84809E+18,,CakKhum,in,,0,0,0,https://x.com/undefined/status/1848085886724182504,1.51411E+18,
kurikulum-merdeka_20.csv,1.84761E+18,Mon Oct 21 03:24:27 +0000 2024,1,@CakKhum @nadiemmakarim Bukan salah genZ tapi kurikulum lah yg membuat genZ jadi b390 lemah pemalas.,1.8482E+18,,CakKhum,in,,0,0,0,https://x.com/undefined/status/1848203671412379863,1.84486E+18,
kurikulum-merdeka_20.csv,1.84761E+18,Mon Oct 21 07:31:00 +0000 2024,1,@CakKhum @panjianom102 @nadiemmakarim Rusak,1.84827E+18,,CakKhum,in,,0,0,0,https://x.com/undefined/status/1848265714073002036,1.12758E+18,
kurikulum-merdeka_20.csv,1.84761E+18,Sat Feb 15 11:10:18 +0000 2025,1,@CakKhum @nadiemmakarim Inilah generasi cemas Indonesia yang di gadang gadang sebagai bonus demografi ditahun 2045 wkwk,1.89072E+18,,CakKhum,in,,0,0,0,https://x.com/undefined/status/1890720284153352647,1.88566E+18,
kurikulum-merdeka_20.csv,1.84761E+18,Sat Oct 19 22:33:59 +0000 2024,0,@CakKhum @nadiemmakarim Yang ditulis: Sembilan Ratus Ribu Satu.,1.84777E+18,,CakKhum,in,,0,1,0,https://x.com/undefined/status/1847768184012865778,1.63445E+18,
kurikulum-merdeka_20.csv,1.84761E+18,Sun Oct 20 05:34:30 +0000 2024,0,@CakKhum @nadiemmakarim Sudah bagus system seperti dulu dah,1.84787E+18,,CakKhum,in,,0,0,0,https://x.com/undefined/status/1847874011902202249,7.5118E+17,
kurikulum-merdeka_20.csv,1.84761E+18,Sun Oct 20 05:35:24 +0000 2024,0,@CakKhum @nadiemmakarim Knp pendidikan skrg rusak bgt bahkan byk yg anak smp belum apal pancasila atau ada juga yg belum pintar membaca.. Seharus itu kah naik kelas tp otaknya belum baik,1.84787E+18,,CakKhum,in,,0,0,0,https://x.com/undefined/status/1847874237459251324,1.4928E+18,
kurikulum-merdeka_20.csv,1.84761E+18,Sun Oct 20 05:36:24 +0000 2024,0,@CakKhum @nadiemmakarim Cucoklah sama wakil yg baru ,1.84787E+18,,CakKhum,in,,0,0,0,https://x.com/undefined/status/1847874487196189156,1.74494E+18,
kurikulum-merdeka_20.csv,1.84761E+18,Sun Oct 20 05:38:07 +0000 2024,0,@CakKhum @nadiemmakarim kayak anak smk sekarang suruh hapalin perkalian sebulan baru bisa nyampe 3,1.84787E+18,,CakKhum,in,,0,0,0,https://x.com/undefined/status/1847874922221359144,1.51751E+18,
kurikulum-merdeka_20.csv,1.84761E+18,Sun Oct 20 05:40:08 +0000 2024,0,@CakKhum @nadiemmakarim Dongooooo,1.84788E+18,,CakKhum,eu,,0,0,0,https://x.com/undefined/status/1847875426070515842,1.74804E+18,
kurikulum-merdeka_20.csv,1.84761E+18,Sun Oct 20 05:40:26 +0000 2024,0,@CakKhum @nadiemmakarim Hancur...,1.84788E+18,,CakKhum,in,,0,0,0,https://x.com/undefined/status/1847875501236638111,1.35933E+18,
kurikulum-merdeka_20.csv,1.84761E+18,Sun Oct 20 05:44:28 +0000 2024,0,@CakKhum @nadiemmakarim Gw yakin dia sebenernya bisa cuman panik dan demam panggung jadi begitu,1.84788E+18,,CakKhum,in,,0,0,0,https://x.com/undefined/status/1847876517256450376,321277553,
kurikulum-merdeka_20.csv,1.84761E+18,Sun Oct 20 05:46:19 +0000 2024,0,@CakKhum @nadiemmakarim Kayak CEO kmrn yg bilang twenty thousand sixteen untuk 2016,1.84788E+18,,CakKhum,in,,0,0,0,https://x.com/undefined/status/1847876981918224901,1.60413E+18,
kurikulum-merdeka_20.csv,1.84761E+18,Sun Oct 20 05:46:47 +0000 2024,0,@CakKhum @nadiemmakarim Padahal cuman disuruh nulis 9000. Coba disuruh nulis sembilan ribu seratus yaa pegel lah,1.84788E+18,,CakKhum,in,,0,0,0,https://x.com/undefined/status/1847877099400708409,78107609,
kurikulum-merdeka_20.csv,1.84761E+18,Sun Oct 20 05:47:26 +0000 2024,0,@CakKhum @nadiemmakarim Naha nu kie bisa di taeken nepika ka SMK,1.84788E+18,,CakKhum,in,,0,1,0,https://x.com/undefined/status/1847877263716733079,1.5867E+18,
kurikulum-merdeka_20.csv,1.84761E+18,Sun Oct 20 06:13:32 +0000 2024,0,@CakKhum @nadiemmakarim Koq bisa naik kelas sampai SMK ya,1.84788E+18,,CakKhum,in,,0,0,0,https://x.com/undefined/status/1847883832021962895,1.7664E+18,
kurikulum-merdeka_20.csv,1.84761E+18,Sun Oct 20 06:13:34 +0000 2024,0,@CakKhum @nadiemmakarim Dia baru nulis angka 9 aja gw langsung emosi.. ️,1.84788E+18,,CakKhum,in,,0,0,0,https://x.com/undefined/status/1847883843476607132,9.39672E+17,
kurikulum-merdeka_20.csv,1.84761E+18,Sun Oct 20 06:14:30 +0000 2024,0,@CakKhum @nadiemmakarim Menangis,1.84788E+18,,CakKhum,in,,0,0,0,https://x.com/undefined/status/1847884075589390414,1.29557E+18,
kurikulum-merdeka_20.csv,1.84761E+18,Sun Oct 20 06:15:09 +0000 2024,0,@CakKhum @nadiemmakarim Yang penting jago main hape ya pak @nadiemmakarim,1.84788E+18,,CakKhum,in,,0,0,0,https://x.com/undefined/status/1847884238827507716,1.32651E+18,
kurikulum-merdeka_20.csv,1.84761E+18,Sun Oct 20 06:18:09 +0000 2024,0,@CakKhum @nadiemmakarim Cah goblok,1.84788E+18,,CakKhum,in,,0,0,0,https://x.com/undefined/status/1847884993353367694,1.6055E+18,
kurikulum-merdeka_20.csv,1.84761E+18,Sun Oct 20 06:22:10 +0000 2024,0,@CakKhum @nadiemmakarim https://t.co/gXk3rcq8EM,1.84789E+18,https://pbs.twimg.com/media/GaUChZrbUAEzPql.jpg,CakKhum,qme,,0,0,0,https://x.com/undefined/status/1847886006659547568,1.4641E+18,
kurikulum-merdeka_20.csv,1.84761E+18,Sun Oct 20 06:22:57 +0000 2024,0,@CakKhum @nadiemmakarim Masa anak SD aja bisa,1.84789E+18,,CakKhum,in,,0,0,0,https://x.com/undefined/status/1847886202244059529,1.01487E+18,
kurikulum-merdeka_20.csv,1.84761E+18,Sun Oct 20 06:26:24 +0000 2024,0,@CakKhum @nadiemmakarim Kebanyakan mabar,1.84789E+18,,CakKhum,in,,0,0,0,https://x.com/undefined/status/1847887070754451931,1.7338E+18,
kurikulum-merdeka_20.csv,1.84761E+18,Sun Oct 20 06:26:52 +0000 2024,0,@CakKhum @nadiemmakarim Menyedihkan kali wajah pendidikan skrg,1.84789E+18,,CakKhum,in,,0,0,0,https://x.com/undefined/status/1847887188832506342,1.29139E+18,
kurikulum-merdeka_20.csv,1.84761E+18,Sun Oct 20 06:28:43 +0000 2024,0,@CakKhum @nadiemmakarim Sekarang mah masih ada kelas 7 yg belum bisa baca. Pendidikan sekarang rusak,1.84789E+18,,CakKhum,in,,0,0,0,https://x.com/undefined/status/1847887652932243882,1.81487E+18,
kurikulum-merdeka_20.csv,1.84761E+18,Sun Oct 20 12:26:18 +0000 2024,0,@CakKhum @nadiemmakarim Kurikulum merdeka yg mengadopsi dr Finlandia jelas tdk cocok diterapkan di kita,1.84798E+18,,CakKhum,in,,0,0,0,https://x.com/undefined/status/1847977644740280646,1.82115E+18,
kurikulum-merdeka_20.csv,1.84761E+18,Sun Oct 20 12:29:52 +0000 2024,0,@CakKhum @nadiemmakarim Buseng dongo bangt. Lo ngapz di sekolah oncom.,1.84798E+18,,CakKhum,in,,0,0,0,https://x.com/undefined/status/1847978541654143139,782318126,
kurikulum-merdeka_20.csv,1.84761E+18,Sun Oct 20 12:30:16 +0000 2024,0,@CakKhum @nadiemmakarim YG penting MERDEKA AJA dlu... Anggaran Triliunan hasil pelajar begini banyak SEkolah yg Rusak dan tidak layak dibilang sekolah. GAji Guru honorer apalagi di pedalaman ga Manusiawi... kerjaan Boss Ojek disuruh jadi Mentri pendidikan y gini..,1.84798E+18,,CakKhum,in,,0,0,0,https://x.com/undefined/status/1847978640190877766,1.84538E+18,
kurikulum-merdeka_20.csv,1.84761E+18,Sun Oct 20 12:32:11 +0000 2024,0,@CakKhum @nadiemmakarim generasi (c)emas,1.84798E+18,,CakKhum,in,,0,0,0,https://x.com/undefined/status/1847979123148222884,326524256,
kurikulum-merdeka_20.csv,1.84761E+18,Sun Oct 20 12:35:22 +0000 2024,0,@CakKhum @nadiemmakarim kok bisa SMK?,1.84798E+18,,CakKhum,in,,0,0,0,https://x.com/undefined/status/1847979925686669388,574220827,
kurikulum-merdeka_20.csv,1.84761E+18,Sun Oct 20 12:39:11 +0000 2024,0,@CakKhum @nadiemmakarim Jebol dah keuangan perusahaan kalo lulusan akuntansi model2 kayak gini !,1.84798E+18,,CakKhum,in,,0,0,0,https://x.com/undefined/status/1847980884940763601,119337778,
kurikulum-merdeka_20.csv,1.84761E+18,Sun Oct 20 12:42:39 +0000 2024,0,@CakKhum @nadiemmakarim Kelas 10 sih gokil,1.84798E+18,,CakKhum,in,,0,0,0,https://x.com/undefined/status/1847981756353487333,1.04001E+18,
kurikulum-merdeka_20.csv,1.84761E+18,Sun Oct 20 12:43:56 +0000 2024,0,@CakKhum @nadiemmakarim GOBLOK,1.84798E+18,,CakKhum,in,,0,0,0,https://x.com/undefined/status/1847982079419863445,1.11889E+18,
kurikulum-merdeka_20.csv,1.84761E+18,Sun Oct 20 12:45:55 +0000 2024,0,@CakKhum @nadiemmakarim @setiadirizqii 2045 gold generation ntar kalah 5x turun ke silver wkwkw,1.84798E+18,,CakKhum,in,,0,0,0,https://x.com/undefined/status/1847982579594735749,1.61775E+18,
kurikulum-merdeka_20.csv,1.84761E+18,Sun Oct 20 12:50:01 +0000 2024,0,@CakKhum @nadiemmakarim Serius??? Bgtu doang bngung,1.84798E+18,,CakKhum,in,,0,0,0,https://x.com/undefined/status/1847983613054517507,1153800667,
kurikulum-merdeka_21.csv,1.87575E+18,Sun Jan 05 03:59:26 +0000 2025,17,@zanatul_91 Alinea 2: pernah ngobrol dgn snior yg fasil. GP terucap kita jgn slhkn kurikulum Kurmer itu bagus menyempurnkn K13. Kl kurmer g jalan di sklh/kls itu gurunya yg slh g bs mnjalankn Alinea 5: pola yg sama dipakai di ltr blkang skripsi mhs,1.87575E+18,,zanatul_91,in,,2,1,3,https://x.com/undefined/status/1875753950609338778,1.06698E+18,
kurikulum-merdeka_21.csv,1.87575E+18,Sun Jan 05 06:43:11 +0000 2025,10,@zanatul_91 Kemudian dana habis untuk penguatan yang ga tau kuatnya kapan ,1.8758E+18,,zanatul_91,in,,0,2,1,https://x.com/undefined/status/1875795159310594530,1.68805E+18,
kurikulum-merdeka_21.csv,1.87575E+18,Sun Jan 05 13:47:59 +0000 2025,9,@zanatul_91 Biasanya narasi diikuti dengan kalimat akhir Ketik di komentar mau Jika ingin ikut pelatihan pembelajaran mendalam.,1.8759E+18,,zanatul_91,in,,0,1,0,https://x.com/undefined/status/1875902066503434534,170524120,
kurikulum-merdeka_21.csv,1.87575E+18,Sun Jan 05 03:59:20 +0000 2025,8,@zanatul_91 Pa kenapa ya klo disini yg diupdate/diubah tu kurikulum secara menyeluruh ya? Klo saya liat di luar negeri yg sering di update tu hanya common core atau CP/KD nya saja dan bagaimana caranya guru bisa mengajarkan common core nya. Atau diluar negeri juga sama kaya kita?,1.87575E+18,,zanatul_91,in,,0,3,0,https://x.com/undefined/status/1875753926261403820,116374572,
kurikulum-merdeka_21.csv,1.87575E+18,Sun Jan 05 15:32:40 +0000 2025,6,@zanatul_91 Mungkin oot ya mas. Itu di acara kompetisi ruang guru kebanyakan sekolah swasta aja udah menggambarkan kurikulum negeri ga bagus wkwkwk,1.87593E+18,,zanatul_91,in,,0,1,1,https://x.com/undefined/status/1875928410482254207,232390238,
kurikulum-merdeka_21.csv,1.87575E+18,Sun Jan 05 04:26:31 +0000 2025,6,@zanatul_91 lalu bagaimana cara merebut narasi terutama agak tidak disetir?,1.87576E+18,,zanatul_91,in,,0,1,0,https://x.com/undefined/status/1875760768362353106,1976991588,
kurikulum-merdeka_21.csv,1.87575E+18,Sun Jan 05 03:52:34 +0000 2025,1,@zanatul_91 Saya awal tahun liat SW rekan2 pada pasang twibon pelatihan macam ini. Pas liat narsumnya kok dari ESEMEM. hadeuh...,1.87575E+18,,zanatul_91,in,,0,4,0,https://x.com/undefined/status/1875752222631587936,201324703,
kurikulum-merdeka_21.csv,1.87575E+18,Mon Jan 06 15:51:38 +0000 2025,1,@zanatul_91 Lantas dimana kah drama klasik ini semua bermuara? Hahaha ...,1.8763E+18,,zanatul_91,in,,0,1,0,https://x.com/undefined/status/1876295569473503691,1.49953E+18,
kurikulum-merdeka_21.csv,1.87575E+18,Sun Jan 05 04:22:46 +0000 2025,0,@zanatul_91 Nanti muncul miskonsepsi baru gitu kayak yang udah-udah ,1.87576E+18,,zanatul_91,in,,0,1,0,https://x.com/undefined/status/1875759822379085918,493914366,
kurikulum-merdeka_21.csv,1.87575E+18,Sun Jan 05 15:20:02 +0000 2025,0,@zanatul_91 Mengawang bro ulasanmu. Dalam gerakan protes ini bakal gak laku. Coba lebih dimaterialkan lagi biar ada dialektika.,1.87593E+18,,zanatul_91,in,,0,1,0,https://x.com/undefined/status/1875925231635984638,97684970,
kurikulum-merdeka_21.csv,1.87575E+18,Sun Jan 05 08:39:59 +0000 2025,0,@zanatul_91 Membaca latar belakang pun sudah tergambar tujuan dan arah nya kemana,1.87582E+18,,zanatul_91,in,,0,0,0,https://x.com/undefined/status/1875824552728740220,1.67242E+18,
kurikulum-merdeka_21.csv,1.87575E+18,Sun Jan 05 09:36:59 +0000 2025,0,@zanatul_91 Setuju,1.87584E+18,,zanatul_91,in,,0,0,0,https://x.com/undefined/status/1875838897919574519,210252839,
kurikulum-merdeka_21.csv,1.87575E+18,Sun Jan 05 13:44:08 +0000 2025,0,@zanatul_91 Emang kayanya jadi guru di era kurmer kaya ga ada benernya wkwk,1.8759E+18,,zanatul_91,in,,0,0,0,https://x.com/undefined/status/1875901094397870427,74053546,
kurikulum-merdeka_21.csv,1.87575E+18,Sun Jan 05 19:58:50 +0000 2025,0,@zanatul_91 dan ini sudah berlangsung puluhan tahun,1.876E+18,,zanatul_91,in,,0,0,0,https://x.com/undefined/status/1875995390937530414,1.53725E+18,
kurikulum-merdeka_21.csv,1.87575E+18,Sun Jan 05 23:23:07 +0000 2025,0,@zanatul_91 Alhamdulillah aku sudah mengajar 6 tahun di sekolah SPK dgn kurikulum cambridge dan punya beberapa siswa les dari mana² dan kurikulum macam² (singapore curriculum jg IB &amp; cambridge). Dari pengalaman ini aku belajar banyak bgt terutama di maths krn aku mengajar maths. Akhirnya...,1.87605E+18,,zanatul_91,in,,0,1,0,https://x.com/undefined/status/1876046801096319388,324866694,
kurikulum-merdeka_22.csv,1.848E+18,Sun Oct 20 23:46:32 +0000 2024,150,@TirtoID Usul: 1. Kembalikan BSNP dan Ujian Nasional 2. Penilaian kembalikan seperti k13 yg dipisah agar guri tdk subjektif 3. Hapus kewajiban isi PMM beban 4. Jam kerja guru kurangi 18 jjam/minggu 5. Berikan seluruh guru Tunjangan Profesi dan Tambahkan Tukin berbasis kinerja,1.84815E+18,,TirtoID,in,,1,3,21,https://x.com/undefined/status/1848148829868327137,512737310,
kurikulum-merdeka_22.csv,1.848E+18,Sun Oct 20 15:58:32 +0000 2024,162,@TirtoID Saking gagalnya bahkan opsi dilanjutkan dengan perbaikan aja terasa sangat sulit diterima. Mending kembali ke kurikulum 2013 aja kalau belom ada solusi dan hapus tugas administrasi bejibun para guru yg gak ada imbas positif langsung bagi peserta didik.,1.84803E+18,,TirtoID,in,,0,6,9,https://x.com/undefined/status/1848031054529184152,1.49239E+18,
kurikulum-merdeka_22.csv,1.848E+18,Sun Oct 20 22:44:39 +0000 2024,149,@TirtoID Hapus sistem zonasi kembalikan nilai jadi acuan agar semangat belajar muncul kembali,1.84813E+18,,TirtoID,in,,1,5,14,https://x.com/undefined/status/1848133257763893415,8.37563E+17,
kurikulum-merdeka_22.csv,1.848E+18,Mon Oct 21 09:01:07 +0000 2024,76,@TirtoID ganti. itu kurikulum Ojol basisnya. yg mau dicapai bkn kecerdasan tp EFTA &amp; GMV,1.84829E+18,,TirtoID,in,,0,3,3,https://x.com/undefined/status/1848288394377597138,2281694042,
kurikulum-merdeka_22.csv,1.848E+18,Mon Oct 21 12:38:35 +0000 2024,68,@TirtoID Gantilah kembalikan ke jalur yg benar,1.84834E+18,,TirtoID,in,,0,2,0,https://x.com/undefined/status/1848343122486477152,224431376,
kurikulum-merdeka_22.csv,1.848E+18,Sun Oct 20 15:58:54 +0000 2024,62,@TirtoID Kesejahteraan guru aja perjelas balikin sistem gak naik kelas adakan UN. Udah itu aja dulu.,1.84803E+18,,TirtoID,in,,0,0,2,https://x.com/undefined/status/1848031146963284187,1.27359E+18,
kurikulum-merdeka_22.csv,1.848E+18,Sun Oct 20 23:03:11 +0000 2024,43,@TirtoID Ganti ya Pak.... Kembalikan pendidikan agama bahasa Indonesia bahasa daerah pendidikan moral (Pancasila),1.84814E+18,,TirtoID,in,,0,1,0,https://x.com/undefined/status/1848137920416563532,170609323,
kurikulum-merdeka_22.csv,1.848E+18,Mon Oct 21 07:03:54 +0000 2024,32,@TirtoID @muhammadiyah tolong sampaikan ganti aja. Hasilnya begini kok ⤵️ Nadiem itu gagal. Gak cocok idenya diimplementasikan di Indonesia. Hasilnya malah buruk..data berbicara. https://t.co/ukQxQEnqXu,1.84826E+18,https://pbs.twimg.com/media/GaZVqzFaYAAbfH1.jpg,TirtoID,in,,0,3,3,https://x.com/undefined/status/1848258897699803628,1.51347E+18,
kurikulum-merdeka_22.csv,1.848E+18,Sun Oct 20 22:19:42 +0000 2024,24,@TirtoID Nah sudah tradisi anak² sekolah hanya menjadi uji coba². Peraturan gonta-ganti gak pernah tuntas.. Peraturan pendidikan hanya jadi bahan kelinci percobaan. Suka-duka menterinya saja. Mau menjadi INDONESIA EMAS?,1.84813E+18,,TirtoID,in,,0,1,1,https://x.com/undefined/status/1848126976290427113,84004006,
kurikulum-merdeka_22.csv,1.848E+18,Mon Oct 21 01:50:49 +0000 2024,14,@TirtoID Ini yg pada komen ganti2 pada ga ngerasain guru2 + murid adaptasinya gmn. LANJUTKAN dengan PERBAIKAN aja Pak. Jangan gonta-ganti mulu diperkuat saja dengan sistem untuk guru yg baik. Pointnya di guru soalnya.,1.84818E+18,,TirtoID,in,,0,2,3,https://x.com/undefined/status/1848180107334262995,1530652064,
kurikulum-merdeka_22.csv,1.848E+18,Sun Oct 20 14:52:15 +0000 2024,0,@TirtoID Gak usah kaji lama² besok lgsg ganti aja Pak ,1.84801E+18,,TirtoID,in,,0,0,1,https://x.com/undefined/status/1848014372117098777,1.05401E+18,
kurikulum-merdeka_22.csv,1.848E+18,Sun Oct 20 15:28:38 +0000 2024,2,@TirtoID Ganti Pak Please anak SMA udah banyak yg nggak ngerti pelajaran sama guru juga dgn Program menteri kemarin banyak nggak jelasnya,1.84802E+18,,TirtoID,in,,0,1,0,https://x.com/undefined/status/1848023529108930755,705413311,
kurikulum-merdeka_22.csv,1.848E+18,Mon Oct 21 02:09:05 +0000 2024,2,@TirtoID Lebih setuju buat lanjut dan evaluasi sih. Kita udah sering gonta-ganti yg bilang ganti2 aja lu pada cuma liat konten negatif yg keliatan aja. Ga kebayang kalo harus ganti lagi.,1.84818E+18,,TirtoID,in,,0,0,0,https://x.com/undefined/status/1848184704916439099,97590839,
kurikulum-merdeka_22.csv,1.848E+18,Mon Oct 21 04:04:53 +0000 2024,2,@TirtoID kalau sampai lanjut ampun dah berarti memang kt rakyat disuruh goblok bodoh biar ga banyak nuntut sekolah rusak guru hidup miskin dll biar nanti pemilu tinggal keruk suaranya,1.84821E+18,,TirtoID,in,,0,0,0,https://x.com/undefined/status/1848213843253792960,409811914,
kurikulum-merdeka_22.csv,1.848E+18,Mon Oct 21 09:32:24 +0000 2024,2,@TirtoID Bapak juga harus mengkaji gaji guru honorer..,1.8483E+18,,TirtoID,in,,0,0,0,https://x.com/undefined/status/1848296267316912520,3165306314,
kurikulum-merdeka_22.csv,1.848E+18,Mon Oct 21 12:32:13 +0000 2024,2,@TirtoID Punten ini yang pada bilang ganti profesinya guru apa bukan? Belajar dan adaptasinya itu lhoo bikin siswa dinomorsekiankan terus. Sebenernya tugas utama guru itu apa?,1.84834E+18,,TirtoID,in,,0,0,0,https://x.com/undefined/status/1848341518307954869,272820320,
kurikulum-merdeka_22.csv,1.848E+18,Sun Oct 20 14:49:59 +0000 2024,1,@TirtoID Ganti pak..kurikulum gak jelas.....,1.84801E+18,,TirtoID,in,,0,0,0,https://x.com/undefined/status/1848013803583410632,1.09785E+18,
kurikulum-merdeka_22.csv,1.848E+18,Sun Oct 20 16:03:19 +0000 2024,1,@TirtoID semoga UNAS ada lagi tolong selamatkan anak bangsa pak,1.84803E+18,,TirtoID,in,,0,0,0,https://x.com/undefined/status/1848032255765348611,631892891,
kurikulum-merdeka_22.csv,1.848E+18,Sun Oct 20 16:32:00 +0000 2024,1,@TirtoID Mending kurikulum merdeka dihapuskan saja.,1.84804E+18,,TirtoID,in,,0,0,0,https://x.com/undefined/status/1848039473499738610,1358596364,
kurikulum-merdeka_22.csv,1.848E+18,Sun Oct 20 16:50:51 +0000 2024,1,@TirtoID dim nadim rusak pendidikan dibuatnya,1.84804E+18,,TirtoID,in,,0,0,0,https://x.com/undefined/status/1848044217408565356,1.51887E+18,
kurikulum-merdeka_22.csv,1.848E+18,Sun Oct 20 18:19:55 +0000 2024,1,@TirtoID selamat bertugas Prof... semoga sukses,1.84807E+18,,TirtoID,in,,0,0,0,https://x.com/undefined/status/1848066632721338603,1.22039E+18,
kurikulum-merdeka_22.csv,1.848E+18,Sun Oct 20 22:11:42 +0000 2024,1,@TirtoID Yg penting zonasi hilang dulu,1.84812E+18,,TirtoID,in,,0,0,0,https://x.com/undefined/status/1848124962198204668,1.07176E+18,
kurikulum-merdeka_22.csv,1.848E+18,Sun Oct 20 22:21:29 +0000 2024,1,@TirtoID Kembalikan ke sistem pengajaran Ki Hajar dewantoro prof,1.84813E+18,,TirtoID,in,,0,2,0,https://x.com/undefined/status/1848127426565652632,9.22854E+17,
kurikulum-merdeka_22.csv,1.848E+18,Sun Oct 20 22:58:02 +0000 2024,1,@TirtoID Hapus kurikulum merdeka,1.84814E+18,,TirtoID,in,,0,0,0,https://x.com/undefined/status/1848136625504800872,1.52456E+18,
kurikulum-merdeka_22.csv,1.848E+18,Mon Oct 21 02:00:49 +0000 2024,1,@TirtoID Setuju buat dilanjutkan aja Pak! Evaluasi memang perlu untuk menyempurnakan. Zonasi kesejahteraan guru dan sistem2 lainnya. Tapi jangan diganti lagi ribet penyesuaiannya Pak.,1.84818E+18,,TirtoID,in,,0,0,0,https://x.com/undefined/status/1848182621622411658,1.47681E+18,
kurikulum-merdeka_22.csv,1.848E+18,Mon Oct 21 02:04:58 +0000 2024,1,@TirtoID Kalo diganti butuh penyesuaian dan sosialisasi berapa lama lagi...,1.84818E+18,,TirtoID,in,,0,1,0,https://x.com/undefined/status/1848183665484087744,3228377210,
kurikulum-merdeka_22.csv,1.848E+18,Mon Oct 21 02:07:06 +0000 2024,1,@TirtoID Dilanjut aja plisss pusing kalo ganti lagi :') ini yg komen ganti2 aja ga ngerasain orang yg lagi skripsian ngajar dll. Diperbaiki aja sistem buat guru dan sarprasnya,1.84818E+18,,TirtoID,in,,0,1,0,https://x.com/undefined/status/1848184203529384392,1.08325E+18,
kurikulum-merdeka_22.csv,1.848E+18,Mon Oct 21 03:12:14 +0000 2024,1,@TirtoID Lanjut dengan penyesuaian saja Bapak. Penyakit negara kita ini salah satuny ganti pemimpin ganti kebijakan. Hal ini sering di cap sbg biang keladi negeri kita sering kalah dgn negara lain. Bolak balik dari nol lagi,1.8482E+18,,TirtoID,in,,0,0,0,https://x.com/undefined/status/1848200594600903056,7.10394E+17,
kurikulum-merdeka_22.csv,1.848E+18,Mon Oct 21 06:34:58 +0000 2024,1,@TirtoID Gak perlu diganti. Lanjutkan dengan perbaikan 1. Pertahankan CP terbaru 2024 2. Sistem zonasi dihapus 3. ANBK hapus 4. UN diadakan kembali 5. Kurangi beban administrasi guru di platform. Cukup bimtek bersama mgmp biar bisa menyelaraskan tujuan pembelajaran,1.84825E+18,,TirtoID,in,,0,0,0,https://x.com/undefined/status/1848251614655848815,9.96253E+17,
kurikulum-merdeka_22.csv,1.848E+18,Mon Oct 21 09:07:29 +0000 2024,1,@TirtoID DIGANTILAH PAK! GARA GARA KURIKULUM MERDEKA BANYAK KUALITAS ANAK ANAK JAMAN SEKARANG PADA BEGO!,1.84829E+18,,TirtoID,in,,0,1,0,https://x.com/undefined/status/1848289997377696036,1.14971E+18,
kurikulum-merdeka_22.csv,1.848E+18,Sun Oct 20 15:05:13 +0000 2024,0,@TirtoID Mendikdasmen dan Wamennya perwakilan Islam modernis semua,1.84802E+18,,TirtoID,in,,0,0,0,https://x.com/undefined/status/1848017636229349830,1.62503E+18,
kurikulum-merdeka_22.csv,1.848E+18,Sun Oct 20 15:18:56 +0000 2024,0,@TirtoID Kalau sampai lanjut Yas Salam... ,1.84802E+18,,TirtoID,in,,0,0,0,https://x.com/undefined/status/1848021088636457391,7.37109E+17,
kurikulum-merdeka_22.csv,1.848E+18,Sun Oct 20 15:38:23 +0000 2024,0,@TirtoID ganti pak!,1.84803E+18,,TirtoID,in,,0,0,0,https://x.com/undefined/status/1848025982030016850,1251661214,
kurikulum-merdeka_22.csv,1.848E+18,Sun Oct 20 15:53:21 +0000 2024,0,@TirtoID Harus reformasi bener2 prof,1.84803E+18,,TirtoID,in,,0,0,0,https://x.com/undefined/status/1848029747131097433,64125259,
kurikulum-merdeka_22.csv,1.848E+18,Sun Oct 20 16:21:37 +0000 2024,0,@TirtoID Set dah ganti mentri ganti kurikulum. Udh kya kelinci percobaan anak2 sklh. pendidikan itu jangka panjang kebijakan terkait pendidikan harus berdasar riset bukan berdasarkan selera atau ikut2an.,1.84804E+18,,TirtoID,in,,0,1,0,https://x.com/undefined/status/1848036863770231094,1.65444E+18,
kurikulum-merdeka_22.csv,1.848E+18,Sun Oct 20 16:29:06 +0000 2024,0,@TirtoID Genah PMM ki hapus waee ,1.84804E+18,,TirtoID,in,,0,2,0,https://x.com/undefined/status/1848038743728628199,1268368987,
kurikulum-merdeka_22.csv,1.848E+18,Sun Oct 20 16:40:50 +0000 2024,0,@TirtoID Ganti dul,1.84804E+18,,TirtoID,in,,0,0,0,https://x.com/undefined/status/1848041699773448418,3307612429,
kurikulum-merdeka_22.csv,1.848E+18,Sun Oct 20 17:20:56 +0000 2024,0,@TirtoID zonasi euy ubah mah:(,1.84805E+18,,TirtoID,in,,0,0,0,https://x.com/undefined/status/1848051788932579712,356091366,
kurikulum-merdeka_22.csv,1.848E+18,Sun Oct 20 17:28:37 +0000 2024,0,@TirtoID Ganti!,1.84805E+18,,TirtoID,in,,0,0,0,https://x.com/undefined/status/1848053723916099901,59021200,
kurikulum-merdeka_22.csv,1.848E+18,Sun Oct 20 17:59:35 +0000 2024,0,@TirtoID Kurikulum karya pembaruan,1.84806E+18,,TirtoID,in,,0,0,0,https://x.com/undefined/status/1848061515766673773,1.13899E+18,
kurikulum-merdeka_22.csv,1.848E+18,Mon Oct 21 12:18:48 +0000 2024,0,@TirtoID Ganti saja pak...kurikulum merdeka =kurikulum ngaco,1.84834E+18,,TirtoID,in,,0,0,0,https://x.com/undefined/status/1848338142350418022,2849059748,
kurikulum-merdeka_22.csv,1.848E+18,Mon Oct 21 12:19:50 +0000 2024,0,@TirtoID GANTI PAK. Undang para akademisi yg berkecimpung dlm dunia pendidikan utk dpt masukan dri para ahlinya pak,1.84834E+18,,TirtoID,in,,0,0,0,https://x.com/undefined/status/1848338401969508511,1.68517E+18,
kurikulum-merdeka_22.csv,1.848E+18,Mon Oct 21 12:50:48 +0000 2024,0,@TirtoID ganti menteri ganti kurikulum. ngga beda jauh dg si mujaer,1.84835E+18,,TirtoID,in,,0,0,0,https://x.com/undefined/status/1848346198186565766,1.42059E+18,
kurikulum-merdeka_22.csv,1.848E+18,Mon Oct 21 12:55:24 +0000 2024,0,@TirtoID Ganti,1.84835E+18,,TirtoID,in,,0,0,0,https://x.com/undefined/status/1848347352614219957,1.75806E+18,
kurikulum-merdeka_22.csv,1.848E+18,Mon Oct 21 12:56:26 +0000 2024,0,@TirtoID hapus zonasi marak pungli jual beli kursi kembaliin ke NEM yg goblok ya goblok aja tinggal kelas/ g masuk sekolah unggulan biar anak pny motovasi bersaing secara akademik.,1.84835E+18,,TirtoID,in,,0,0,0,https://x.com/undefined/status/1848347613550235854,2242754419,
kurikulum-merdeka_22.csv,1.848E+18,Mon Oct 21 12:56:58 +0000 2024,0,@TirtoID saya yakin beliau lebih waras dari si nadiem &amp; si mubajir,1.84835E+18,,TirtoID,in,,0,0,0,https://x.com/undefined/status/1848347748636217482,1.75927E+18,
kurikulum-merdeka_22.csv,1.848E+18,Mon Oct 21 13:04:54 +0000 2024,0,@TirtoID Kenapa sng sekali ngadain gak naik kelas klo trnyta yang gak naik kls itu anakmu pasti kamu duluan protes.Gak semua ank bisa nguasai semua mapel,1.84835E+18,,TirtoID,in,,0,0,0,https://x.com/undefined/status/1848349742750941669,1.51815E+18,
kurikulum-merdeka_22.csv,1.848E+18,Mon Oct 21 13:05:35 +0000 2024,0,@TirtoID Kalau nggak diganti berarti indonesia menuju (C)emas,1.84835E+18,,TirtoID,in,,0,0,0,https://x.com/undefined/status/1848349916718104788,1.08145E+18,
kurikulum-merdeka_22.csv,1.848E+18,Mon Oct 21 13:07:50 +0000 2024,0,@TirtoID Harus diganti kalau mau anak Indonesia cerdas beradab dan ber- etika,1.84835E+18,,TirtoID,in,,0,0,0,https://x.com/undefined/status/1848350481309163635,7.16301E+17,
kurikulum-merdeka_22.csv,1.848E+18,Mon Oct 21 13:09:10 +0000 2024,0,@TirtoID Kami para Guru sangat berharap semoga KUMER ini bisa di ganti secepat Mungkin Pak Mentri.,1.84835E+18,,TirtoID,in,,0,0,0,https://x.com/undefined/status/1848350819223306435,1.12817E+18,
kurikulum-merdeka_3.csv,1.76354E+18,Fri Mar 01 12:16:57 +0000 2024,6,@zanatul_91 Bang nih gue ada produk baru. Gue kasih tester nanti kalo cocok bs kita collabs buat ekspansi se nasional...,1.76354E+18,,zanatul_91,in,,0,1,0,https://x.com/undefined/status/1763538916496535576,714571951,
kurikulum-merdeka_3.csv,1.76354E+18,Fri Mar 01 12:55:11 +0000 2024,5,@zanatul_91 bukankah kurikulum merdeka ini dulu awal mulanya dari kurikulum prototipe &gt; kurikulum merdeka bagi sekolah PK / CoE &gt; terus banyak yang menggunakan baru mau dipaksakan menjadi kurikulum nasional. Artinya bukan berasal dari guru kan? cmiiw,1.76355E+18,,zanatul_91,in,,0,1,0,https://x.com/undefined/status/1763548539576340946,281039802,
kurikulum-merdeka_3.csv,1.76354E+18,Fri Mar 01 12:22:56 +0000 2024,3,@zanatul_91 Fungsi PGRI buat permasalahan seperti ini gimana ya?,1.76354E+18,,zanatul_91,in,,0,2,0,https://x.com/undefined/status/1763540423908429871,1.47477E+18,
kurikulum-merdeka_3.csv,1.76354E+18,Fri Mar 01 12:20:25 +0000 2024,1,@zanatul_91 Kemana PGRI ya Bang? Kok dak pernah bersuara terkait PMM dan Kumer. Giliran batas usia GP malah bersuara GP kan dak untuk semua guru.,1.76354E+18,,zanatul_91,in,,0,1,0,https://x.com/undefined/status/1763539791264784583,189028004,
kurikulum-merdeka_3.csv,1.76354E+18,Fri Mar 01 21:59:16 +0000 2024,1,@zanatul_91 Tanya dong pak. Memangnya kurikulum2 itu diujicoba di sekolah mana sebelum diterapkan ke seluruh Indonesia? Jd penasaran kalau memang ada ujicoba... Kok kadang ga masuk akal beban belajar siswanya spt Kurikulum 2013 yg versi awal (sebelum revisi 2016)...,1.76369E+18,,zanatul_91,in,,0,1,0,https://x.com/undefined/status/1763685461787369702,910650462,
kurikulum-merdeka_3.csv,1.76354E+18,Sat Mar 02 00:57:45 +0000 2024,1,@zanatul_91 Katakanlah memang dari guru untuk guru tapi namanya Merdeka Belajar yaaaa . Ada yang merancangnya juga ada akun di bionya ditulis #pemikirmerdekabelajar wkwkwkwkwkw,1.76373E+18,,zanatul_91,in,,0,1,0,https://x.com/undefined/status/1763730377850704061,1.5172E+18,
kurikulum-merdeka_3.csv,1.76354E+18,Sat Mar 02 11:29:13 +0000 2024,1,@zanatul_91 Sebenarnya di Kurikulum Merdeka ini yang merdeka siapa? Merdeka dari apa?,1.76389E+18,,zanatul_91,in,,0,1,0,https://x.com/undefined/status/1763889293821677780,1.46536E+18,
kurikulum-merdeka_3.csv,1.76354E+18,Fri Mar 01 12:25:44 +0000 2024,0,@zanatul_91 Pak izin bertanya berarti naskah akademik kumer itu ngga ada yah? atau saya yg kurang update :(,1.76354E+18,,zanatul_91,in,,0,1,0,https://x.com/undefined/status/1763541127763009624,1.15331E+18,
kurikulum-merdeka_3.csv,1.76354E+18,Sat Mar 02 13:34:52 +0000 2024,0,@zanatul_91 Halo Sahabat Kompas. Terima kasih sudah membagikan potongan artikel harian Kompas. Artikel tersebut juga dapat dibaca secara utuh melalui tautan berikut: https://t.co/Px5W94Dyva #Pendidikan #AdadiKompas,1.76392E+18,,zanatul_91,in,,0,0,0,https://x.com/undefined/status/1763920914159374512,255866913,
kurikulum-merdeka_3.csv,1.76354E+18,Fri Mar 01 13:16:02 +0000 2024,1,@zanatul_91 @Guru_PNS Senang apanya mas menteri? ,1.76355E+18,,zanatul_91,in,,0,0,0,https://x.com/undefined/status/1763553785908277610,1.34673E+18,
kurikulum-merdeka_3.csv,1.76354E+18,Fri Mar 01 14:55:15 +0000 2024,1,@zanatul_91 Buat anak kok coba-coba,1.76358E+18,,zanatul_91,in,,0,0,0,https://x.com/undefined/status/1763578753341702153,1.50617E+18,
kurikulum-merdeka_3.csv,1.76354E+18,Fri Mar 01 23:22:28 +0000 2024,1,@zanatul_91 Emang modelannya kl bikin kebijakan ga pernah terbuka buat diskusi dg org2 yg beneran terlibat yg nanti pengemban teknis yg tau situasi bahkan sama yg nanti ngerasai dampaknya. Diskusi dialog apa itu???,1.76371E+18,,zanatul_91,in,,0,0,0,https://x.com/undefined/status/1763706398628851877,9.58945E+17,
kurikulum-merdeka_3.csv,1.76354E+18,Fri Mar 01 12:25:30 +0000 2024,0,@zanatul_91 Timsus itu kepalanya yang punya Cikal ya,1.76354E+18,,zanatul_91,in,,0,1,0,https://x.com/undefined/status/1763541069151842597,223785448,
kurikulum-merdeka_3.csv,1.76354E+18,Fri Mar 01 16:37:19 +0000 2024,0,@zanatul_91 Tim khusus yang seolah2 paling paham banget pendidikan kan ya? ,1.7636E+18,,zanatul_91,in,,0,0,0,https://x.com/undefined/status/1763604440635056474,1.60379E+18,
kurikulum-merdeka_3.csv,1.76354E+18,Fri Mar 01 18:16:52 +0000 2024,0,@zanatul_91 waaaah gitu ternyata yaaaa....,1.76363E+18,,zanatul_91,in,,0,0,0,https://x.com/undefined/status/1763629491396792803,47029694,
kurikulum-merdeka_3.csv,1.76354E+18,Sat Mar 02 00:33:55 +0000 2024,0,@zanatul_91 Supaya jelas tulis data guru yang berperan dan mengusulkan membuat kurikulum merdeka supaya mereka bisa menjelaskan secara rinci realisasi pelaksanaan nya di sekolah sekolah dari informasi yang saya dapat banyak guru yang kebingungan dengan kurikulum ini,1.76372E+18,,zanatul_91,in,,0,0,0,https://x.com/undefined/status/1763724381451407532,1.71864E+18,
kurikulum-merdeka_3.csv,1.76354E+18,Sat Mar 02 04:58:21 +0000 2024,0,@zanatul_91 Kumer lebih cocok untuk boarding school sekolah negeri pake yg klasikal aja biar damai ,1.76379E+18,,zanatul_91,in,,0,0,0,https://x.com/undefined/status/1763790926500299236,413052542,
kurikulum-merdeka_3.csv,1.76354E+18,Sat Mar 02 14:23:24 +0000 2024,0,@zanatul_91 Kalo jd pejabat yg bukan ahli di bidangnya mbok ya cari ahli yg kompeten bukan yg asal yesman. Bidang pendidikan beda dgn bidang usaha efeknya sangat memengaruhi manusianya dr siswa guru sm wali siswa. Namanya aja udah kurikulum Liberté. ,1.76393E+18,,zanatul_91,in,,0,0,0,https://x.com/undefined/status/1763933127414845717,172664886,
kurikulum-merdeka_3.csv,1.76354E+18,Fri Aug 30 16:29:29 +0000 2024,0,@zanatul_91 cek berita kurikulum merdeka lainnya: https://t.co/kRv3QQGhCb,1.82956E+18,,zanatul_91,in,,0,0,0,https://x.com/undefined/status/1829557062180991001,1.82954E+18,
kurikulum-merdeka_4.csv,1.84642E+18,Wed Oct 16 08:43:07 +0000 2024,18,@zanatul_91 wah mana isi video pelatihan di pmm opening di cgp narasi guru konten kreator tuh pasti mengatasnamakan pemikiran ki hajar dewantara yaa. emang ini tuh terlalu terburu buru penerapannya,1.84647E+18,,zanatul_91,in,,0,1,0,https://x.com/undefined/status/1846471926019137648,290368518,
kurikulum-merdeka_4.csv,1.84642E+18,Wed Oct 16 07:27:42 +0000 2024,12,@zanatul_91 You-Know-Who itu nama lainnya Voldemort ya pak? Yg udah ngebunuh guru-guru &amp; suka gangguin anak-anak akademi yg pengen nuntut ilmu dengan tenang iya kan? ,1.84645E+18,,zanatul_91,in,,0,2,0,https://x.com/undefined/status/1846452945082372560,1.50062E+18,
kurikulum-merdeka_4.csv,1.84642E+18,Wed Oct 16 09:04:42 +0000 2024,10,@zanatul_91 pernah suatu kali masuk ke sekolah yang katanya punya cucu KHD. lalu sambil istighfar berucap KHD akan nangis lihat konsep pendidikan kayak gini sih ,1.84648E+18,,zanatul_91,in,,0,1,0,https://x.com/undefined/status/1846477356099158445,9.09449E+17,
kurikulum-merdeka_4.csv,1.84642E+18,Wed Oct 16 07:58:34 +0000 2024,0,@zanatul_91 Spil judul bukunya dong kang iman ,1.84646E+18,,zanatul_91,in,,0,1,0,https://x.com/undefined/status/1846460713151418739,129431559,
kurikulum-merdeka_4.csv,1.84642E+18,Wed Oct 16 05:57:34 +0000 2024,28,@zanatul_91 ga bakal nyambung KHD masih memahami kalau belajar itu penderitaan perlu proses menerima untuk dapat menikmati proses belajar. Merdeka belajar tentu saja filosofis dangkal kalau orang bisa jadi apa pun yang mereka inginkan malah lebih dekat ke liberalisme.,1.84643E+18,,zanatul_91,in,,1,0,2,https://x.com/undefined/status/1846430262630273379,1.24711E+18,
kurikulum-merdeka_4.csv,1.84642E+18,Wed Oct 16 05:39:15 +0000 2024,17,@zanatul_91 Jelas berbeda atr merdeka dengan bebas... merdeka yg dmksd adl merdeka melakukan sesuatu berdasarkan ilmu &amp; kepakaran. Bukan berdasarkan kebebasan melakukan apapun asal tujuan tercapai (tanpa dasar ilmu yg mumpuni),1.84643E+18,,zanatul_91,in,,0,2,5,https://x.com/undefined/status/1846425655476670775,1.76461E+18,
kurikulum-merdeka_4.csv,1.84642E+18,Wed Oct 16 23:44:39 +0000 2024,1,@zanatul_91 Benar pak.. waktu kuliah profesi dlu ada matkul ttg mengupas pemikiran KHD ini.. tugasnya implementasi kumer KHD .. jdi aku ngarang dan ngebagus2in si kumer dgn serempetin klo ada kata2 yg sama dgn modul yg diberiin ttg KHD.. padahal dalam hati memang ga nyambung samsek..,1.8467E+18,,zanatul_91,in,,0,2,0,https://x.com/undefined/status/1846698805506593178,1.26913E+18,
kurikulum-merdeka_4.csv,1.84642E+18,Wed Oct 16 06:14:39 +0000 2024,0,@zanatul_91 Gaji aja belum merdeka. Apalagi pemikiran guru harus merdeka sesuai kurikulum. Ya gak ada titik temunya.,1.84643E+18,,zanatul_91,in,,0,0,0,https://x.com/undefined/status/1846434562190323730,563795565,
kurikulum-merdeka_4.csv,1.84642E+18,Wed Oct 16 06:18:31 +0000 2024,0,@zanatul_91 Ini dr buku apa ya Mas?,1.84644E+18,,zanatul_91,in,,0,1,0,https://x.com/undefined/status/1846435536879407471,1.2419E+18,
kurikulum-merdeka_4.csv,1.84642E+18,Wed Oct 16 06:23:02 +0000 2024,0,@zanatul_91 Ini miskonsepsi. ,1.84644E+18,,zanatul_91,in,,0,0,0,https://x.com/undefined/status/1846436672357188069,320824620,
kurikulum-merdeka_4.csv,1.84642E+18,Wed Oct 16 06:32:23 +0000 2024,0,@zanatul_91 kamouflaagh... biasana ge kitu,1.84644E+18,,zanatul_91,fi,,0,0,0,https://x.com/undefined/status/1846439023986053427,1.28212E+18,
kurikulum-merdeka_4.csv,1.84642E+18,Wed Oct 16 06:50:12 +0000 2024,0,@zanatul_91 you know who Voldemort,1.84644E+18,,zanatul_91,en,,0,0,0,https://x.com/undefined/status/1846443508447768945,1.50072E+18,
kurikulum-merdeka_4.csv,1.84642E+18,Wed Oct 16 07:40:39 +0000 2024,0,@zanatul_91 @Guru_PNS Selamat dan Bahagia mas,1.84646E+18,,zanatul_91,in,,0,0,0,https://x.com/undefined/status/1846456206854181143,1.83888E+18,
kurikulum-merdeka_4.csv,1.84642E+18,Wed Oct 16 11:21:39 +0000 2024,0,@zanatul_91 Cc mba @ftsykrh,1.84651E+18,,zanatul_91,in,,0,1,0,https://x.com/undefined/status/1846511822981173378,981807050,
kurikulum-merdeka_5.csv,,,,,,,,,,,,,,,
kurikulum-merdeka_5.csv,,,,,,,,,,,,,,,
kurikulum-merdeka_5.csv,,,,,,,,,,,,,,,
kurikulum-merdeka_5.csv,,,,,,,,,,,,,,,
kurikulum-merdeka_6.csv,1.80473E+18,Sun Jun 23 03:59:54 +0000 2024,20,@zanatul_91 Guru disuruh dongkrak nilai sampe surga,1.80473E+18,,zanatul_91,in,,2,2,5,https://x.com/undefined/status/1804726047176626644,1.04658E+18,
kurikulum-merdeka_6.csv,1.80473E+18,Sun Jun 23 04:33:46 +0000 2024,4,@zanatul_91 Mudah kalau mau naik kelas semua katrol aja nilainya seperti yang biasa dilakukan ,1.80473E+18,,zanatul_91,in,,0,1,1,https://x.com/undefined/status/1804734568903373142,201163667,
kurikulum-merdeka_6.csv,1.80473E+18,Mon Jun 24 01:00:01 +0000 2024,5,@zanatul_91 Kang Iman pernah tidak menaikkan siswa? Saya pernah. 3 kali. Dan berhasil dg sukses. Sukses dalam arti si anak sadar memang belum saatnya naik. Ortu mendukung. Sekolah juga tidak bermasalah. Saat itu belum ada kemendikbud namanya masih kemdiknas.,1.80504E+18,,zanatul_91,in,,0,2,0,https://x.com/undefined/status/1805043164602081595,375877270,
kurikulum-merdeka_6.csv,1.80473E+18,Mon Jun 24 01:58:32 +0000 2024,3,@zanatul_91 Saat ini sedang trend personalisasi pendidikan memanfaatkan AI. Agar tiap siswa mendapatkan materi yg berbeda menyesuaikan style dan kemampuan awal siswa.,1.80506E+18,,zanatul_91,in,,0,2,0,https://x.com/undefined/status/1805057893626270051,197771656,
kurikulum-merdeka_6.csv,1.80473E+18,Sun Jun 23 04:42:09 +0000 2024,2,@zanatul_91 guru belajar seni mendongrak nilai...,1.80474E+18,,zanatul_91,in,,0,1,0,https://x.com/undefined/status/1804736678302761282,117933011,
kurikulum-merdeka_6.csv,1.80473E+18,Sun Jun 23 12:15:51 +0000 2024,2,@zanatul_91 Guru harus manut permintaan pasar agar anak didiknya bisa masuk jalur prestasi ,1.80485E+18,,zanatul_91,in,,0,1,0,https://x.com/undefined/status/1804850857831481523,309571465,
kurikulum-merdeka_6.csv,1.80473E+18,Sun Jun 23 05:18:51 +0000 2024,10,@zanatul_91 jika mau mengikuti standar ideal PISA dan standar pendidikan seharusnya dalam konteks ini kebijakan tidak tinggal kelas. ini bisa dilakukan JIKA rasio antar guru dan murid sesuai 1 : 15 mentok mentok 1 : 20.,1.80475E+18,,zanatul_91,in,,0,3,3,https://x.com/undefined/status/1804745916928438723,116374572,
kurikulum-merdeka_6.csv,1.80473E+18,Sun Jun 23 04:05:41 +0000 2024,9,@zanatul_91 Kurikulum Merdeka niatnya baik. Tapi implementasi nya itu berantakan,1.80473E+18,,zanatul_91,in,,0,0,1,https://x.com/undefined/status/1804727502952132669,2862109627,
kurikulum-merdeka_6.csv,1.80473E+18,Sun Jun 23 06:00:05 +0000 2024,9,@zanatul_91 Pembelajaran terdeferensiasi itu khan kalau fasilitas kelas terpenuhi jumlah siswa ga banyak siswa relatif mandiri gaji guru memadai sehingga guru semangat mempraktikkan. Jumlah siswa 40 org fasilitas tdk memadai ya lulusan aja semua ABS semuanya bahagia ,1.80476E+18,,zanatul_91,in,,0,0,1,https://x.com/undefined/status/1804756291409400074,9.0097E+17,
kurikulum-merdeka_6.csv,1.80473E+18,Sun Jun 23 04:06:45 +0000 2024,9,@zanatul_91 Bayangkan strategi terdiferensiasi apa yg bisa mengakomodasi siswa yg Fase A gagal Fase B gagal lalu mengerjakan tugas kelas yg sedang membahas Fase C. Kadang ideal itu gapnya jauh sama kenyataan.,1.80473E+18,,zanatul_91,in,,0,1,0,https://x.com/undefined/status/1804727772301975648,210842691,
kurikulum-merdeka_6.csv,1.80473E+18,Sun Jun 23 05:57:07 +0000 2024,5,@zanatul_91 Sbnarnya yg paling umum terjadi dilema guru berat untuk menaikkan kelas seorang siswa adalah karena dua hal: anaknya sering bolos sekolah dan kenakalan yg kelewat batas (sperti mabuk). Kalau gini gmn coba?,1.80476E+18,,zanatul_91,in,,1,1,0,https://x.com/undefined/status/1804755547046224070,99848090,
kurikulum-merdeka_6.csv,1.80473E+18,Sun Jun 23 04:03:23 +0000 2024,4,@zanatul_91 Berharap agar tidak ada lagi praktik tinggal kelas. Tapi menghambat anak anak memperoleh pendidikan dengan batasan batasan yang tak masuk akal. Sungguh bodoh,1.80473E+18,,zanatul_91,in,,0,1,0,https://x.com/undefined/status/1804726925400953245,1299772022,
kurikulum-merdeka_6.csv,1.80473E+18,Sun Jun 23 05:02:45 +0000 2024,3,@zanatul_91 Kemarin kepsek saya bilang di jepang anak transisi dari paud ke sd tidak perlu caslitung Klo dimarii wasalam ortunya gak mau ngajaran lewat dah ,1.80474E+18,,zanatul_91,in,,0,1,0,https://x.com/undefined/status/1804741864677093673,1.24954E+18,
kurikulum-merdeka_6.csv,1.80473E+18,Sun Jun 23 12:25:00 +0000 2024,3,@zanatul_91 Pada praktiknya muncul masalah baru yaitu siswa makin tak punya tanggung jawab belajar disuruh nyatet ga mau ujian asal2an akhlak asal2an karena mereka tahu kalo mereka bakalan naik kelas. Capaian kompetensi siswa yg diharapkan jadi makin jauh.,1.80485E+18,,zanatul_91,in,,0,0,0,https://x.com/undefined/status/1804853158705090664,61117243,
kurikulum-merdeka_6.csv,1.80473E+18,Sun Jun 23 14:16:37 +0000 2024,2,@zanatul_91 Dan siswa-siswa pun dah tau kalau ga ada tinggal kelas jadi ga ada niat belajar tugas pun tak dibuat.. bahkan anak-anak nakal pun dapat angin segar karena pasti naik kelas dan pasti lulus sekolah.. kenaikan dan kelulusan pasti dapat 100% tapi kualitas 0 besar...,1.80488E+18,,zanatul_91,in,,0,0,0,https://x.com/undefined/status/1804881249359766010,68701955,
kurikulum-merdeka_6.csv,1.80473E+18,Sun Jun 23 04:12:43 +0000 2024,1,@zanatul_91 Teramat sangat mulia tapi akan lebih mulia lagi beban mengajar misalnya bisa disesuaikan. Malah ada pemda yg mengharuskan mengajar 30jp bisa dibayangkan berapa jam waktu istirahat yg dimiliki oleh guru agar bisa menjalankan tugas mulianya itu?,1.80473E+18,,zanatul_91,in,,0,0,0,https://x.com/undefined/status/1804729274055966779,92545833,
kurikulum-merdeka_6.csv,1.80473E+18,Sun Jun 23 05:02:01 +0000 2024,1,@zanatul_91 Kita lihat kwajiban guru semakin meningkat dan murit akan lebih banyak jam 0 / mengisi tugas sendiri karna guru sibuk mengisi dafatr,1.80474E+18,,zanatul_91,in,,0,0,0,https://x.com/undefined/status/1804741679997501531,1.69144E+18,
kurikulum-merdeka_6.csv,1.80473E+18,Mon Jun 24 01:32:26 +0000 2024,1,@zanatul_91 Guru harus ditambahi staff pak :),1.80505E+18,,zanatul_91,in,,0,0,0,https://x.com/undefined/status/1805051325279014931,1610663785,
kurikulum-merdeka_6.csv,1.80473E+18,Mon Jun 24 02:09:08 +0000 2024,1,@zanatul_91 Pengalaman hmpr 20 thn berkecimpung d dunia pendidikan ada jg kok anak yg tinggal kelas abis itu malah jd lbh baik akademik dan perilakunya. Perlu kerjasama dgn berbagai pihak utk tumbuhkan kesadaran anak utk belajar dan berperilaku proper,1.80506E+18,,zanatul_91,in,,0,0,0,https://x.com/undefined/status/1805060559408374149,1.38086E+18,
kurikulum-merdeka_6.csv,1.80473E+18,Sun Jun 23 05:18:15 +0000 2024,0,@zanatul_91 Mereka yg tinggal kelas bukan berarti anak yg bodoh namun kurikulum yg ada belum bsa menggambarkan kemampuan anak tsb yg sbnernya,1.80475E+18,,zanatul_91,in,,0,1,0,https://x.com/undefined/status/1804745763400167543,1025925932,
kurikulum-merdeka_6.csv,1.80473E+18,Sun Jun 23 10:50:22 +0000 2024,0,@zanatul_91 Rapat kenaikan kelas tidak diperlukan lagi?,1.80483E+18,,zanatul_91,in,,0,0,0,https://x.com/undefined/status/1804829346143838604,2858068638,
kurikulum-merdeka_6.csv,1.80473E+18,Sun Jun 23 11:37:07 +0000 2024,0,@zanatul_91 Selalu mengukur dari kuantitas kualitas dilupakan. Masa bodo gak bisa apa2 yg penting naik kelas. Naik semua = kualitas bagus baik2 saja dan tidak ada masalah.,1.80484E+18,,zanatul_91,in,,0,0,0,https://x.com/undefined/status/1804841110768128196,1.04605E+18,
kurikulum-merdeka_6.csv,1.80473E+18,Sun Jun 23 11:55:32 +0000 2024,0,@zanatul_91 Seringnya pembelajaran berdiferensiasi didasarkan pada teoribtentang gaya belajar (yang sesungguhnya lemah evidence-nya). Pada sisi ekstrim pembelajaran berdiferensiasi mengarah pada kustomisasi metode pembelajaran secara individual. Jadi guru mengajar klasikal atau individual?,1.80485E+18,,zanatul_91,in,,0,0,0,https://x.com/undefined/status/1804845746266771777,9571192,
kurikulum-merdeka_6.csv,1.80473E+18,Sun Jun 23 12:07:01 +0000 2024,0,@zanatul_91 Tinggal kelas dapat ditinggalkan harus dibarengi dengan tidak mengkatrol nilai.,1.80485E+18,,zanatul_91,in,,0,0,0,https://x.com/undefined/status/1804848632585404833,1.35575E+18,
kurikulum-merdeka_6.csv,1.80473E+18,Sun Jun 23 14:33:58 +0000 2024,0,@zanatul_91 Ini yg kami rasakan.,1.80489E+18,,zanatul_91,in,,0,0,0,https://x.com/undefined/status/1804885616171368596,453929798,
kurikulum-merdeka_6.csv,1.80473E+18,Sun Jun 23 15:54:25 +0000 2024,0,@zanatul_91 Biasanya sekolah swasta yang biasa mengatrol nilai siswanya.,1.80491E+18,,zanatul_91,in,,0,0,0,https://x.com/undefined/status/1804905860160000152,7.98691E+17,
kurikulum-merdeka_6.csv,1.80473E+18,Sun Jun 23 16:44:39 +0000 2024,0,@zanatul_91 prakteknya gimana? bentuk modulnya gimana?,1.80492E+18,,zanatul_91,in,,0,0,0,https://x.com/undefined/status/1804918503377711287,1968617191,
kurikulum-merdeka_6.csv,1.80473E+18,Mon Jun 24 00:40:46 +0000 2024,0,@zanatul_91 5M: man money method material machine. Timpang money morat-marit!!,1.80504E+18,,zanatul_91,en,,0,0,0,https://x.com/undefined/status/1805038320319439239,1.17395E+18,
kurikulum-merdeka_6.csv,1.80473E+18,Mon Jun 24 07:22:07 +0000 2024,0,@zanatul_91 Menurut saya sebenarnya gpp kalau mau dibuat tidak ada yg tidak naik kelas. Trus kelulusan ditentukan oleh sekolah. TAPI tetep diadakan Ebtanas bukan sebagai penentu kelulusan tapi NEM nya sebagai alat seleksi Masuk SMP dan SMA (jika emang ndak sanggup menyelenggarakan-c-,1.80514E+18,,zanatul_91,in,,0,1,0,https://x.com/undefined/status/1805139325614772380,1.70033E+18,
kurikulum-merdeka_6.csv,1.80473E+18,Mon Sep 30 12:22:52 +0000 2024,0,@zanatul_91 Disisi lain guru sudah berusaha penuh. Tetapi si anak tidak mempunyai semangat ingin tau dan usaha lebih. Anak santai² dalam benaknya sudah terpatri TIDAK BELAJAR TIDAK MASALAH PASTI NAIK KELAS.,1.84073E+18,,zanatul_91,in,,0,1,0,https://x.com/undefined/status/1840729021547680249,857321462,
kurikulum-merdeka_7.csv,1.80699E+18,Sat Jun 29 10:44:20 +0000 2024,6,@zanatul_91 Tampilkankanlah kurikulum yg nambah puyeng itu biar lengkap.,1.807E+18,,zanatul_91,in,,0,1,0,https://x.com/undefined/status/1807002152424091979,375877270,
kurikulum-merdeka_7.csv,1.80699E+18,Sun Jun 30 03:03:18 +0000 2024,0,@zanatul_91 Model hibrid gak sih akhirnya? Kayak fusion dragon ball gitu mungkin yaaa?,1.80725E+18,,zanatul_91,in,,0,1,0,https://x.com/undefined/status/1807248517116879202,1.5172E+18,
kurikulum-merdeka_7.csv,1.80699E+18,Sat Jun 29 11:59:08 +0000 2024,20,@zanatul_91 Keknya juga ga ada RnD nya.. ga ada percobaan terbatas dan luas nya.. jadi tiba-tiba ujug-ujug lempar ke lapangan.. kitanya yang jadi kelinci percobaan. Barang belum sempurna belum final makanya sampe sekarang isinya revisi mulu...,1.80702E+18,,zanatul_91,in,,0,5,0,https://x.com/undefined/status/1807020976300765376,68701955,
kurikulum-merdeka_7.csv,1.80699E+18,Sun Jun 30 00:36:20 +0000 2024,14,@zanatul_91 Tingkat Sekolahan aja pada bingung sama KM mas. Makanya dibilang Kurikulum Modar. Kalo dulu Kurikulum 2013 itu dicemooh ama Siswa jadi Kurtilas Kurikulum Tidak Jelas. Kalo KM dicemooh ama guru2 bahkan 1 sekolahan yaitu Kurikulum Modar. Karna bikin repot asli n keliatan banget,1.80721E+18,,zanatul_91,in,,0,1,3,https://x.com/undefined/status/1807211531698127135,2862109627,
kurikulum-merdeka_7.csv,1.80699E+18,Sat Jun 29 11:22:26 +0000 2024,7,@zanatul_91 Inti dari semuanya itu adalah raport siswa harus tinggi kalau nggak bakalan sulit dapet sekolah negeri meski lewat jalur prestasi.,1.80701E+18,,zanatul_91,in,,0,3,1,https://x.com/undefined/status/1807011740011700500,8.99135E+17,
kurikulum-merdeka_7.csv,1.80699E+18,Sat Jun 29 10:08:41 +0000 2024,5,@zanatul_91 Itulah hasil kementerian Ora Mikir asal saja buat kurikulum.,1.80699E+18,,zanatul_91,in,,0,1,0,https://x.com/undefined/status/1806993180895965531,1.60618E+18,
kurikulum-merdeka_7.csv,1.80699E+18,Sat Jun 29 21:29:32 +0000 2024,4,@zanatul_91 KM ini kurikulum gak jelas bikin guru2 bingung. Materi pelajaran yg disampaikan beda2 antar sekolah bahkan ada sekolah yg beda guru beda materi yg diajarkan.,1.80716E+18,,zanatul_91,in,,0,2,0,https://x.com/undefined/status/1807164521938899096,1.42784E+18,
kurikulum-merdeka_7.csv,1.80699E+18,Sat Jun 29 10:48:27 +0000 2024,3,@zanatul_91 Yang sebutan kurikulum nasional yang mana? Katanya terbaru?,1.807E+18,,zanatul_91,in,,0,2,0,https://x.com/undefined/status/1807003188522000452,1.50617E+18,
kurikulum-merdeka_7.csv,1.80699E+18,Sun Jun 30 01:45:03 +0000 2024,0,@zanatul_91 KOSP itu adalah kurikulum operasional satuan pendidikan sama dgn dokumen 1 dlm K13,1.80723E+18,,zanatul_91,in,,0,0,0,https://x.com/undefined/status/1807228824956149865,1472168220,
kurikulum-merdeka_7.csv,1.80699E+18,Tue Jul 02 04:16:02 +0000 2024,0,@zanatul_91 Ada yang punya file CP terbaru?,1.80799E+18,,zanatul_91,in,,0,0,0,https://x.com/undefined/status/1807991598585913655,1.71484E+18,
kurikulum-merdeka_7.csv,1.80699E+18,Wed Jan 15 07:12:17 +0000 2025,1,@zanatul_91 https://t.co/F8IXQPijI5 jawaban pendidikan pancasila kelas 4 halaman 83 kurikulum merdeka terbaru,1.87943E+18,,zanatul_91,in,,0,0,0,https://x.com/undefined/status/1879426361804328961,1.87942E+18,
kurikulum-merdeka_7.csv,1.80699E+18,Fri Jul 05 01:46:39 +0000 2024,0,@zanatul_91 @dariguruhonorer https://t.co/erjR2SCLxt: berikut,1.80904E+18,,zanatul_91,in,,0,0,0,https://x.com/undefined/status/1809041168761827726,1.80904E+18,
kurikulum-merdeka_7.csv,1.80699E+18,Tue Oct 15 07:39:46 +0000 2024,0,@zanatul_91 cek kurikulum merdeka lainnya https://t.co/WaXBFK5KK8,1.84609E+18,,zanatul_91,in,,0,0,0,https://x.com/undefined/status/1846093594031210929,1.84213E+18,
kurikulum-merdeka_7.csv,1.80699E+18,Wed Mar 12 08:01:19 +0000 2025,0,@zanatul_91 PENGGANTI KURIKULUM MERDEKA?? simak video di link berikut ini : https://t.co/mh18l6firb,1.89973E+18,,zanatul_91,in,,0,0,0,https://x.com/undefined/status/1899732424252432699,1.89945E+18,
kurikulum-merdeka_8.csv,1.76024E+18,Wed Feb 21 10:33:03 +0000 2024,19,@zanatul_91 pas aku magang di dpr aku nanya kenapa setiap pembuatan uu ngga ada masa public hearing kayak di US Congress. dan memang katanya di indo ngga ada kenal kata uji publik secara formal di parlemen. Karena dengan membahas kebijakan bersama dpr aja udah itungannya uji publik.,1.76025E+18,,zanatul_91,in,,0,1,2,https://x.com/undefined/status/1760251280184971562,1.18909E+18,
kurikulum-merdeka_8.csv,1.76024E+18,Wed Feb 21 10:39:47 +0000 2024,12,@zanatul_91 Yg repot yg di lapangan. Yg di dalem gedung gk ngerasain susahnya nerapin di kelas wkwk,1.76025E+18,,zanatul_91,in,,0,0,4,https://x.com/undefined/status/1760252972699971586,4682956135,
kurikulum-merdeka_8.csv,1.76024E+18,Wed Feb 21 10:01:41 +0000 2024,4,@zanatul_91 Yg punya kebijakan mereka guru cuma target/sasaran,1.76024E+18,,zanatul_91,in,,0,1,1,https://x.com/undefined/status/1760243384881659964,112076861,
kurikulum-merdeka_8.csv,1.76024E+18,Wed Feb 21 10:50:50 +0000 2024,1,@zanatul_91 @edukotor Sejauh ini berjalan berdasar Kepmendikbud 262/2022 dan beberapa KepKaBSKAP,1.76026E+18,,zanatul_91,in,,0,0,1,https://x.com/undefined/status/1760255753024422169,2237377454,
kurikulum-merdeka_8.csv,1.76024E+18,Wed Feb 21 09:53:21 +0000 2024,2,@zanatul_91 Maaf taunya masa depan bukan masa lalu - seloroh beliau ,1.76024E+18,,zanatul_91,in,,0,0,0,https://x.com/undefined/status/1760241287842902183,92545833,
kurikulum-merdeka_8.csv,1.76024E+18,Wed Feb 21 11:16:53 +0000 2024,0,@zanatul_91 Kalo guru/ortu siswa yg merasa dirugikan kurmer ini menPTUN-kan permendikbud dan keputusan BSKAP terkait murmer mulai edisi 2022 atau raport k13 yg dibuat dgn versi kurmer trus menang. Seru kali yah.,1.76026E+18,,zanatul_91,in,,0,0,1,https://x.com/undefined/status/1760262310650937609,211759522,
kurikulum-merdeka_8.csv,1.76024E+18,Wed Feb 21 09:51:18 +0000 2024,1,@zanatul_91 Makhluk jadi-jadian,1.76024E+18,,zanatul_91,in,,0,0,0,https://x.com/undefined/status/1760240771138228358,2858068638,
kurikulum-merdeka_8.csv,1.76024E+18,Wed Feb 21 11:20:23 +0000 2024,1,@zanatul_91 Sejarah menurut mereka biar mnjdi masalahLo sprtinyahh ,1.76026E+18,,zanatul_91,in,,0,0,0,https://x.com/undefined/status/1760263192964682068,1.36126E+18,
kurikulum-merdeka_8.csv,1.76024E+18,Thu Feb 22 07:53:24 +0000 2024,1,@zanatul_91 Panjang sekali itu singkatan,1.76057E+18,,zanatul_91,in,,0,0,0,https://x.com/undefined/status/1760573489797587206,1.24998E+18,
kurikulum-merdeka_8.csv,1.76024E+18,Thu Feb 22 10:54:56 +0000 2024,1,@zanatul_91 Proyek akhir tahun politk,1.76062E+18,,zanatul_91,in,,0,0,0,https://x.com/undefined/status/1760619175465410622,1.50617E+18,
kurikulum-merdeka_8.csv,1.76024E+18,Wed Feb 21 15:03:35 +0000 2024,0,@zanatul_91 @Guru_PNS Jgn menghina kerja keras dikbud ya,1.76032E+18,,zanatul_91,in,,0,0,0,https://x.com/undefined/status/1760319359032123745,583392136,
kurikulum-merdeka_8.csv,1.76024E+18,Thu Feb 22 04:16:02 +0000 2024,0,@zanatul_91 Anggaran utk sektor pendidikan udah sejak 15 tahun lalu diketok wajib 20%. Tetapi kalo melihat HASIL dibawah kok menggelikan ya? Pdhl Australia hanya 5.5% Singapore 7% bahkan USA 12.5% ke-3 nya jauh dibawah standar rekomendasi UnEsco ..haha.. https://t.co/p7DgPsQtTY,1.76052E+18,https://pbs.twimg.com/media/GG6efBfaoAEEuX0.jpg,zanatul_91,in,,0,0,0,https://x.com/undefined/status/1760518786040647961,138631288,
kurikulum-merdeka_9.csv,1.83292E+18,Mon Sep 09 00:08:35 +0000 2024,8,@tvOneNews Dulu yg mengusulkan nadiem jadi menteri pendidikan bener2 gak lihat latar belakangnya semoga di pemerintahan yg baru dapat menteri pendidikan yg mengerti dan paham memajukan murid dan tenaga pengajar lebih baik mencapai keilmuwan yg unggul,1.83293E+18,,tvOneNews,in,,0,0,0,https://x.com/undefined/status/1832934088891904501,95581423,
kurikulum-merdeka_9.csv,1.83292E+18,Sun Sep 08 23:04:13 +0000 2024,7,@tvOneNews Nadiem telah merusak sistem pendidikan Indonesia.,1.83292E+18,,tvOneNews,in,,1,1,0,https://x.com/undefined/status/1832917888929513859,121425273,
kurikulum-merdeka_9.csv,1.83292E+18,Sun Sep 08 23:04:34 +0000 2024,4,@tvOneNews Niat nya ingin merusak bangsa dan negara ini... Siapa sih nadim ini??? Apa dia benar org Indonesia.. Yg punya rasa terhadap bangsa dan negara ini....,1.83292E+18,,tvOneNews,in,,0,0,0,https://x.com/undefined/status/1832917975747400060,1.62255E+18,
kurikulum-merdeka_9.csv,1.83292E+18,Sun Sep 08 23:42:16 +0000 2024,4,@tvOneNews Ucapan seorang negarawan sejati yg sllu tulus mengabdi pada bangsa dan negeri ini perlu dipahami dan diteladani ,1.83293E+18,,tvOneNews,in,,0,0,0,https://x.com/undefined/status/1832927466148761996,1.75196E+18,
kurikulum-merdeka_9.csv,1.83292E+18,Mon Sep 09 00:10:58 +0000 2024,3,@tvOneNews Kalau menterinya membuat program seperti itu dan dijalankan artinya atasan menteri sdh setuju....,1.83293E+18,,tvOneNews,in,,0,0,0,https://x.com/undefined/status/1832934689608478800,69804623,
kurikulum-merdeka_9.csv,1.83292E+18,Mon Sep 09 01:39:56 +0000 2024,3,@tvOneNews Inilah akibat buruknya bila suatu urusan diberikan kepada orang yang bukan ahlinya tunggu kehancurannya...,1.83296E+18,,tvOneNews,in,,0,0,0,https://x.com/undefined/status/1832957078543167855,305025889,
kurikulum-merdeka_9.csv,1.83292E+18,Mon Sep 09 11:44:30 +0000 2024,3,@tvOneNews Emang bangke si nadiem spp sekolah sekarang mahal banget. Sekolah SMA saja spp nya setara bayar kuliah jaman SBY trus biaya kuliah sekarang lebih gila lagi. Pendidikan sekarang dijadikan ajang komersil,1.83311E+18,,tvOneNews,in,,0,1,0,https://x.com/undefined/status/1833109221749198990,2518915579,
kurikulum-merdeka_9.csv,1.83292E+18,Mon Sep 09 00:47:47 +0000 2024,2,@tvOneNews Anaknya yg merdeka belajar ortunya yg mumet jadi ikutan sekolah lagi .,1.83294E+18,,tvOneNews,in,,0,1,0,https://x.com/undefined/status/1832943951898456377,193416229,
kurikulum-merdeka_9.csv,1.83292E+18,Sun Sep 08 23:25:45 +0000 2024,1,@tvOneNews Mungkin anak2 Indonesia di suruh jdi tukang ojol aza,1.83292E+18,,tvOneNews,in,,0,0,0,https://x.com/undefined/status/1832923308825923922,1.07395E+18,
kurikulum-merdeka_9.csv,1.83292E+18,Mon Sep 09 04:05:24 +0000 2024,1,@tvOneNews Betul kata Pak JK. Bukan sistem nya yg salah .. tp penerapan sistem nya belum cocok utk di Indonesia dg kondisi sosial ekonomi yg berbeda dg negara maju,1.83299E+18,,tvOneNews,in,,0,0,0,https://x.com/undefined/status/1832993682913706391,81565069,
kurikulum-merdeka_9.csv,1.83292E+18,Mon Sep 09 10:50:34 +0000 2024,1,@tvOneNews Mereka sekarang punya misi membodohi generasi bangsa,1.8331E+18,,tvOneNews,in,,0,0,0,https://x.com/undefined/status/1833095648822071598,1.65761E+18,
kurikulum-merdeka_9.csv,1.83292E+18,Mon Sep 09 11:37:22 +0000 2024,1,@tvOneNews Kayaknya memang tugasnya menteri skrg memperbodoh rakyta...,1.83311E+18,,tvOneNews,in,,0,0,0,https://x.com/undefined/status/1833107424179548458,1.59746E+18,
kurikulum-merdeka_9.csv,1.83292E+18,Mon Sep 09 02:06:59 +0000 2024,0,@tvOneNews Emang benar. Pendidikan kita skrg ini sdh rusak dimulai dari aturan dan kebijakan2 dari pusat. Generasi skrg yg msh sekolah menjadi korban atas rusaknya sistem pendidikan kita.,1.83296E+18,,tvOneNews,in,,0,0,0,https://x.com/undefined/status/1832963882333491540,98551340,
kurikulum-merdeka_9.csv,1.83292E+18,Mon Sep 09 02:21:49 +0000 2024,0,@tvOneNews Nadiem kan manusia langka dia lahir dari lobang pantat @nadiemmakarim,1.83297E+18,,tvOneNews,in,,0,0,0,https://x.com/undefined/status/1832967618975957203,116969718,
kurikulum-merdeka_9.csv,1.83292E+18,Mon Sep 09 03:01:09 +0000 2024,0,@tvOneNews ,1.83298E+18,,tvOneNews,qme,,0,0,0,https://x.com/undefined/status/1832977515750494356,1.74576E+18,
kurikulum-merdeka_9.csv,1.83292E+18,Mon Sep 09 06:27:19 +0000 2024,0,@tvOneNews Sabar pak bukan depan udah gak jadi menteri,1.83303E+18,,tvOneNews,in,,0,0,0,https://x.com/undefined/status/1833029400058900981,8.84709E+17,
kurikulum-merdeka_9.csv,1.83292E+18,Mon Sep 09 11:43:34 +0000 2024,0,@tvOneNews Menyala p Yusuf kala Terima kasih sudah membela rakyat,1.83311E+18,,tvOneNews,in,,0,0,0,https://x.com/undefined/status/1833108987648364916,1.53859E+18,
kurikulum-merdeka_9.csv,1.83292E+18,Mon Sep 09 13:12:07 +0000 2024,0,@tvOneNews Emg bener gak ada UN anak2 pd males belajar,1.83313E+18,,tvOneNews,in,,0,0,0,https://x.com/undefined/status/1833131272497246716,7.88018E+17,
kurikulum-merdeka_9.csv,1.83292E+18,Mon Sep 09 14:35:38 +0000 2024,0,@tvOneNews Ancuuuuur?,1.83315E+18,,tvOneNews,in,,0,0,0,https://x.com/undefined/status/1833152288732684788,1.31918E+18,
kurikulum-merdeka_9.csv,1.83292E+18,Mon Sep 09 15:20:56 +0000 2024,0,@tvOneNews Pdhl kurikulum merdeka klo dibaca tuh mirip kurikulum cikal cuma lagi2 sebenernya sistemnya belum siap jd mungkin ga jelas eksekusinya pengajar belum siap ortu ga dikasih pengetahuan yg jelas jd marah2 korbannya ke anak jd ga jelas mau kmn arahnya,1.83316E+18,,tvOneNews,in,,0,0,0,https://x.com/undefined/status/1833163689601749487,1.5729E+18,
kurikulum-merdeka_9.csv,1.83292E+18,Mon Sep 09 19:25:56 +0000 2024,0,@tvOneNews Mas Menteri &amp; Pabrik Sarjana https://t.co/VBDs7biGmN,1.83323E+18,https://pbs.twimg.com/media/GXDsup3bEAEC4ks.jpg,tvOneNews,in,,0,0,0,https://x.com/undefined/status/1833225345719476557,1.57044E+18,
kurikulum-merdeka_9.csv,1.83292E+18,Mon Sep 09 21:26:29 +0000 2024,0,@tvOneNews Merdeka belajar itu kalau dimaknai bisa sak karepmu bejar Kono Ra belajar Yo Kono. Ditambah dengan maraknya konten negatif di sosmed maka lengkaplah.,1.83326E+18,,tvOneNews,in,,0,0,0,https://x.com/undefined/status/1833255682726105224,1.65318E+18,
kurikulum-merdeka_9.csv,1.83292E+18,Mon Sep 09 22:41:31 +0000 2024,0,@tvOneNews Bagus2 aja kurikulum merdeka ,1.83327E+18,,tvOneNews,in,,0,0,0,https://x.com/undefined/status/1833274563393949937,4442456714,
