Source.Name;conversation_id_str;created_at;favorite_count;full_text;id_str;image_url;in_reply_to_screen_name;lang;location;quote_count;reply_count;retweet_count;tweet_url;user_id_str;username;clean_text;sentimen
kurikulum-merdeka_1.csv;1.93693e+18;Sun Jun 22 23:29:58 +0000 2025;13.0;@DosenGarisLucu Kalau lihat hasil begini apakah salah kalau punya pendapat bahwa Nadiem itu punya niat merusak generasi muda Indonesia?;1.93693e+18;;DosenGarisLucu;in;;0.0;9.0;0.0;https://x.com/undefined/status/1936929688527798658;548979786.0;;kalau lihat hasil begini apakah salah kalau punya dapat bahwa nadiem punya niat rusak generasi muda indonesia;negatif
kurikulum-merdeka_1.csv;1.93693e+18;Mon Jun 23 03:39:51 +0000 2025;219.0;@DosenGarisLucu Kurikulum merdeka was implemented under jokowi's 2nd term in 2020. The IFLS 5 data was from 2014/2015. Having kurikulum merdeka be responsible for the result in IFLS 5 is a temporal impossibility. Dosen garis lucu ? You should grasp the basic factual matters before commenting.;1.93699e+18;;DosenGarisLucu;en;;2.0;8.0;26.0;https://x.com/undefined/status/1936992571970208124;1.46785e+18;;kurikulum merdeka was implemented under jokowi s nd term in the ifls data was from having kurikulum merdeka be responsible for the result in ifls is a temporal impossibility dosen garis lucu you should grasp the basic factual matters before commenting;netral
kurikulum-merdeka_1.csv;1.93693e+18;Mon Jun 23 09:56:18 +0000 2025;0.0;@DosenGarisLucu Loh datanya IFLS 5 kan udh 10 tahun yg lalu belum ada kurikulum merdeka itu gimana sih;1.93709e+18;;DosenGarisLucu;in;;0.0;1.0;0.0;https://x.com/undefined/status/1937087307942887506;94079831.0;;loh data ifls udh tahun lalu ada kurikulum merdeka gimana sih;netral
kurikulum-merdeka_1.csv;1.93693e+18;Mon Jun 23 05:53:10 +0000 2025;16.0;@DosenGarisLucu Kalau ngeliat sourcenya IFLS5 berarti ini proyeksi apa gimana si? Di tahun segitu kan Menterinya Abah? Wkwkwk https://t.co/g3dSxuxaTY;1.93703e+18;https://pbs.twimg.com/media/GuGy_SRWwAA1Jvy.jpg;DosenGarisLucu;in;;0.0;2.0;1.0;https://x.com/undefined/status/1937026124116308375;1.61083e+18;;kalau ngeliat sourcenya ifls arti proyeksi gimana tahun segitu menteri abah wkwkwk;netral
kurikulum-merdeka_1.csv;1.93693e+18;Mon Jun 23 08:32:45 +0000 2025;47.0;@DosenGarisLucu https://t.co/vXmE8JQzUx ini dari sini kan ambilnya? ditulis disana dari tahun 2000 sudah memburuk jadi bukan hanya kurikulum merdeka tapi pendidikan di Indonesia emang hancur dari masa reformasi gimana ngga hancur setiap ganti menteri ganti kurikulum ‍;1.93707e+18;;DosenGarisLucu;in;;1.0;2.0;8.0;https://x.com/undefined/status/1937066284149330361;53289501.0;;sini ambil tulis sana tahun buruk bukan hanya kurikulum merdeka tapi didik indonesia emang hancur masa reformasi gimana ngga hancur tiap ganti menteri ganti kurikulum;negatif
kurikulum-merdeka_1.csv;1.93693e+18;Mon Jun 23 11:22:28 +0000 2025;12.0;@DosenGarisLucu Nerapin ala finlandia tp problem utamanya gak diselesaikan. Sangat pejabat indo sekali.;1.93711e+18;;DosenGarisLucu;in;;0.0;0.0;2.0;https://x.com/undefined/status/1937108992372998206;42642987.0;;nerapin ala finlandia tapi problem utama gak selesai sangat jabat indo sekali;netral
kurikulum-merdeka_1.csv;1.93693e+18;Mon Jun 23 00:00:03 +0000 2025;5.0;@DosenGarisLucu Dokumennya bisa diakses di mana min?;1.93694e+18;;DosenGarisLucu;in;;0.0;1.0;0.0;https://x.com/undefined/status/1936937257052803260;1.52118e+18;;dokumen bisa akses mana min;netral
kurikulum-merdeka_1.csv;1.93693e+18;Mon Jun 23 08:32:59 +0000 2025;20.0;@DosenGarisLucu Guru dipaksa katrol nilai walau nilai siswa jelek kayak tai. Akhirnya murid sombong merasa pintar karena nilai di rapot tertulis 80 lebih semua. Memberi nilai di bawah itu maka guru dianggap tolol sekolah dianggap gagal. Manusia bodoh yang merasa pintar akan selamanya bodoh.;1.93707e+18;;DosenGarisLucu;in;;0.0;2.0;2.0;https://x.com/undefined/status/1937066342773064131;1.6057e+18;;guru paksa katrol nilai walau nilai siswa jelek kayak tai akhir murid sombong rasa pintar nilai rapot tulis lebih semua beri nilai bawah maka guru anggap tolol sekolah anggap gagal manusia bodoh rasa pintar lama bodoh;negatif
kurikulum-merdeka_1.csv;1.93693e+18;Mon Jun 23 12:04:26 +0000 2025;6.0;@DosenGarisLucu The IFLS5 [..] was fielded between late October 2014 and the end of April 2015 with long distance tracking extending through the end of August 2015 https://t.co/Lb9DMkkO7x Kenapa jadi Nadiem yang dibahas? Menteri Pendidikan siapa di periode ini?;1.93712e+18;;DosenGarisLucu;en;;0.0;0.0;0.0;https://x.com/undefined/status/1937119553261281754;15687008.0;;the ifls was fielded between late october and the end of april with long distance tracking extending through the end of august kenapa nadiem bahas menteri didik siapa periode;netral
kurikulum-merdeka_1.csv;1.93693e+18;Mon Jun 23 14:54:46 +0000 2025;2.0;@DosenGarisLucu Bukan kurikulum merdeka yang bermasalah tapai seringnya ganti kurikulum. Ini yang bikin guru sibuk administrasi sampai ngajar cuma seadanya Beban paling berat guru tuh harusnya ngajar bukan administrasi.;1.93716e+18;;DosenGarisLucu;in;;0.0;0.0;0.0;https://x.com/undefined/status/1937162421837390068;7.49476e+17;;bukan kurikulum merdeka masalah tapai sering ganti kurikulum bikin guru sibuk administrasi sampai ngajar cuma ada beban paling berat guru tuh harus ngajar bukan administrasi;negatif
kurikulum-merdeka_1.csv;1.93693e+18;Mon Jun 23 13:45:33 +0000 2025;2.0;@DosenGarisLucu Ini maksudnya ngelucu? Soalnya menyedihkan kalo engga. Dosen gitu lho...;1.93714e+18;;DosenGarisLucu;in;;0.0;0.0;0.0;https://x.com/undefined/status/1937144999730430055;90809267.0;;maksud ngelucu soal sedih kalo engga dosen begitu lho;netral
kurikulum-merdeka_1.csv;1.93693e+18;Mon Jun 23 06:07:55 +0000 2025;0.0;@DosenGarisLucu Kurikulum merdeka itu baru diimplementasikan blm 1-2 thn blm ada yg lulusan kurikulum merdeka. Itupun blm semua sekolah menerapkan. Bagaimana mungkin kita bsa menyimpulkan itu hasil kurikulim merdeka?. Ada2 aja;1.93703e+18;;DosenGarisLucu;in;;0.0;0.0;0.0;https://x.com/undefined/status/1937029836398297208;236845088.0;;kurikulum merdeka baru implementasi thn ada lulus kurikulum merdeka itu semua sekolah terap bagaimana mungkin kita bsa simpul hasil kurikulim merdeka ada;netral
kurikulum-merdeka_1.csv;1.93693e+18;Mon Jun 23 13:30:03 +0000 2025;0.0;@DosenGarisLucu Kurikulum Merdeka baru kemarin diimplementasikan. Itu pun belum keseluruhan sekolah karena sifatnya opsional (bagi sekolah yg fasilitasnya mumpuni aja). Kayanya bukan karena KurMer ;1.93714e+18;;DosenGarisLucu;in;;0.0;0.0;0.0;https://x.com/undefined/status/1937141102655803681;1.54925e+18;;kurikulum merdeka baru kemarin implementasi seluruh sekolah sifat opsional bagi sekolah fasilitas mumpuni kaya bukan kurmer;netral
kurikulum-merdeka_1.csv;1.93693e+18;Tue Jun 24 01:07:38 +0000 2025;1.0;@DosenGarisLucu yang dievaluasi dari era menteri yahya muhaimin sampai M Nuh jadi Kurmer belum tercakup dalam penelitian tsb meskipun aku yakin it's the worst ever. tadi cari-cari nemu full papernya barangkali minat baca https://t.co/puSmQJaDjo https://t.co/6o79hcDk7s;1.93732e+18;https://pbs.twimg.com/media/GuK4FkIXoAAjcQO.png;DosenGarisLucu;in;;0.0;0.0;0.0;https://x.com/undefined/status/1937316655098413438;105400206.0;;evaluasi era menteri yahya muhaimin sampai m nuh kurmer cakup dalam teliti tsb meski aku yakin it s the worst ever tadi cari cari nemu full papernya barangkali minat baca;netral
kurikulum-merdeka_1.csv;1.93693e+18;Tue Jun 24 07:29:50 +0000 2025;0.0;@DosenGarisLucu mana kok diam aja akunnya jawab dong pertanyaan di komentarnya. jangan pengecut lah masa cuma bisa asbun terus ngendog gitu ;1.93741e+18;;DosenGarisLucu;in;;0.0;0.0;0.0;https://x.com/undefined/status/1937412837766480231;285031271.0;;mana diam akun jawab tanya komentar jangan kecut masa cuma bisa asbun terus ngendog begitu;netral
kurikulum-merdeka_1.csv;1.93693e+18;Mon Jun 23 03:11:49 +0000 2025;0.0;@DosenGarisLucu PGP PSP PMM CB IKM....;1.93699e+18;;DosenGarisLucu;in;;0.0;0.0;0.0;https://x.com/undefined/status/1936985516756676662;218375747.0;;pgp psp pmm cb ikm;netral
kurikulum-merdeka_1.csv;1.93693e+18;Tue Jun 24 00:36:12 +0000 2025;0.0;@DosenGarisLucu Memang benar kiblat pendidikan kita mesti belajar ke China. Gausah muluk2 ke Europe;1.93731e+18;;DosenGarisLucu;in;;0.0;0.0;0.0;https://x.com/undefined/status/1937308744259440791;528023230.0;;memang benar kiblat didik kita mesti ajar china gausah muluk europe;netral
kurikulum-merdeka_1.csv;1.93693e+18;Mon Jun 23 03:48:04 +0000 2025;3.0;@DosenGarisLucu Ada konten dimana Anak SMP dan Anak SMA ditanya 10 : 1/2 pada jawab ngawur. Itu soal sederhana banget dan gue berharap ada konten dimana suruh jawab jam berapa dgn gunain jam analog alias jam dinding !;1.93699e+18;;DosenGarisLucu;in;;0.0;0.0;0.0;https://x.com/undefined/status/1936994641653702722;1.90273e+18;;ada konten mana anak smp anak sma tanya jawab ngawur soal sederhana sangat saya harap ada konten mana suruh jawab jam berapa gunain jam analog alias jam dinding;negatif
kurikulum-merdeka_1.csv;1.93693e+18;Mon Jun 23 22:12:46 +0000 2025;0.0;@DosenGarisLucu lu juga kayanya kagak pake kurmer tapi ngambil kesimpulan datanya ngaco bener ;1.93727e+18;;DosenGarisLucu;in;;0.0;0.0;0.0;https://x.com/undefined/status/1937272645302755550;97671645.0;;kamu kaya kagak pake kurmer tapi ngambil simpul data ngaco bener;netral
kurikulum-merdeka_1.csv;1.93693e+18;Mon Jun 23 07:15:32 +0000 2025;0.0;@DosenGarisLucu 20 28 bukannya ga ngerasain kurikulum merdeka ya?;1.93705e+18;;DosenGarisLucu;in;;0.0;0.0;0.0;https://x.com/undefined/status/1937046852857368844;1.44203e+18;;bukan ngerasain kurikulum merdeka;netral
kurikulum-merdeka_1.csv;1.93693e+18;Mon Jun 23 14:22:55 +0000 2025;0.0;@DosenGarisLucu Harus pakai data dari BPS pak agar terlihat bagusssss;1.93715e+18;;DosenGarisLucu;in;;0.0;0.0;0.0;https://x.com/undefined/status/1937154404354044182;1.06326e+18;;harus pakai data bps pak agar lihat bagus;positif
kurikulum-merdeka_1.csv;1.93693e+18;Mon Jun 23 04:15:48 +0000 2025;0.0;@DosenGarisLucu the kurikulum was a mistake;1.937e+18;;DosenGarisLucu;en;;0.0;0.0;0.0;https://x.com/undefined/status/1937001617813053603;1.34464e+18;;the kurikulum was a mistake;netral
kurikulum-merdeka_1.csv;1.93693e+18;Mon Jun 23 10:38:21 +0000 2025;0.0;@DosenGarisLucu @lunatictwister malam ini request bahas ini dong. Bentar juga gapapa;1.9371e+18;;DosenGarisLucu;in;;0.0;0.0;0.0;https://x.com/undefined/status/1937097892101280151;1.78107e+18;;malam request bahas bentar gapapa;netral
kurikulum-merdeka_1.csv;1.93693e+18;Mon Jun 23 12:36:15 +0000 2025;0.0;@DosenGarisLucu Bonus demografi jadi bencana;1.93713e+18;;DosenGarisLucu;in;;0.0;0.0;0.0;https://x.com/undefined/status/1937127560426754488;1.10321e+18;;bonus demografi bencana;netral
kurikulum-merdeka_1.csv;1.93693e+18;Mon Jun 23 12:03:31 +0000 2025;0.0;@DosenGarisLucu Data tahun berapa bang.;1.93712e+18;;DosenGarisLucu;in;;0.0;0.0;0.0;https://x.com/undefined/status/1937119322410987678;2275973118.0;;data tahun berapa bang;netral
kurikulum-merdeka_1.csv;1.93693e+18;Mon Jun 23 10:43:04 +0000 2025;1.0;@DosenGarisLucu Infonya menyesatkan;1.9371e+18;;DosenGarisLucu;in;;0.0;0.0;0.0;https://x.com/undefined/status/1937099078644666638;1229758292.0;;info sesat;netral
kurikulum-merdeka_1.csv;1.93693e+18;Mon Jun 23 04:39:34 +0000 2025;0.0;@DosenGarisLucu Hasil kumer atau hasil zonasi?;1.93701e+18;;DosenGarisLucu;in;;0.0;0.0;0.0;https://x.com/undefined/status/1937007598735352071;242222324.0;;hasil kumer hasil zonasi;netral
kurikulum-merdeka_1.csv;1.93693e+18;Mon Jun 23 03:08:31 +0000 2025;1.0;@DosenGarisLucu Akhibat dari kebijakan ga napak tanah negara ini sekarang panen SDM ora mutu.;1.93698e+18;;DosenGarisLucu;in;;0.0;0.0;0.0;https://x.com/undefined/status/1936984688306057405;1.50777e+18;;akhibat bijak napak tanah negara sekarang panen sdm ora mutu;netral
kurikulum-merdeka_1.csv;1.93693e+18;Mon Jun 23 18:29:52 +0000 2025;0.0;@DosenGarisLucu Jadi bahan uji coba;1.93722e+18;;DosenGarisLucu;in;;0.0;0.0;0.0;https://x.com/undefined/status/1937216553365434788;1.09478e+18;;bahan uji coba;netral
kurikulum-merdeka_1.csv;1.93693e+18;Mon Jun 23 16:10:42 +0000 2025;0.0;@DosenGarisLucu Nadiem harus tanggung jawab.;1.93718e+18;;DosenGarisLucu;in;;0.0;0.0;0.0;https://x.com/undefined/status/1937181531912761627;82480219.0;;nadiem harus tanggung jawab;netral
kurikulum-merdeka_10.csv;1.83292e+18;Mon Sep 09 00:08:35 +0000 2024;8.0;@tvOneNews Dulu yg mengusulkan nadiem jadi menteri pendidikan bener2 gak lihat latar belakangnya semoga di pemerintahan yg baru dapat menteri pendidikan yg mengerti dan paham memajukan murid dan tenaga pengajar lebih baik mencapai keilmuwan yg unggul;1.83293e+18;;tvOneNews;in;;0.0;0.0;0.0;https://x.com/undefined/status/1832934088891904501;95581423.0;;dulu usul nadiem menteri didik bener gak lihat latar belakang moga perintah baru dapat menteri didik erti paham maju murid tenaga ajar lebih baik capai keilmuwan unggul;positif
kurikulum-merdeka_10.csv;1.83292e+18;Sun Sep 08 23:04:13 +0000 2024;7.0;@tvOneNews Nadiem telah merusak sistem pendidikan Indonesia.;1.83292e+18;;tvOneNews;in;;1.0;1.0;0.0;https://x.com/undefined/status/1832917888929513859;121425273.0;;nadiem telah rusak sistem didik indonesia;netral
kurikulum-merdeka_10.csv;1.83292e+18;Sun Sep 08 23:04:34 +0000 2024;4.0;@tvOneNews Niat nya ingin merusak bangsa dan negara ini... Siapa sih nadim ini??? Apa dia benar org Indonesia.. Yg punya rasa terhadap bangsa dan negara ini....;1.83292e+18;;tvOneNews;in;;0.0;0.0;0.0;https://x.com/undefined/status/1832917975747400060;1.62255e+18;;niat ingin rusak bangsa negara siapa sih nadim dia benar org indonesia punya rasa hadap bangsa negara;netral
kurikulum-merdeka_10.csv;1.83292e+18;Sun Sep 08 23:42:16 +0000 2024;4.0;@tvOneNews Ucapan seorang negarawan sejati yg sllu tulus mengabdi pada bangsa dan negeri ini perlu dipahami dan diteladani ;1.83293e+18;;tvOneNews;in;;0.0;0.0;0.0;https://x.com/undefined/status/1832927466148761996;1.75196e+18;;ucap orang negarawan sejati sllu tulus abdi bangsa negeri perlu paham teladan;netral
kurikulum-merdeka_10.csv;1.83292e+18;Mon Sep 09 00:10:58 +0000 2024;3.0;@tvOneNews Kalau menterinya membuat program seperti itu dan dijalankan artinya atasan menteri sdh setuju....;1.83293e+18;;tvOneNews;in;;0.0;0.0;0.0;https://x.com/undefined/status/1832934689608478800;69804623.0;;kalau menteri buat program seperti jalan arti atas menteri tuju;netral
kurikulum-merdeka_10.csv;1.83292e+18;Mon Sep 09 01:39:56 +0000 2024;3.0;@tvOneNews Inilah akibat buruknya bila suatu urusan diberikan kepada orang yang bukan ahlinya tunggu kehancurannya...;1.83296e+18;;tvOneNews;in;;0.0;0.0;0.0;https://x.com/undefined/status/1832957078543167855;305025889.0;;ini akibat buruk bila suatu urus beri kepada orang bukan ahli tunggu hancur;negatif
kurikulum-merdeka_10.csv;1.83292e+18;Mon Sep 09 11:44:30 +0000 2024;3.0;@tvOneNews Emang bangke si nadiem spp sekolah sekarang mahal banget. Sekolah SMA saja spp nya setara bayar kuliah jaman SBY trus biaya kuliah sekarang lebih gila lagi. Pendidikan sekarang dijadikan ajang komersil;1.83311e+18;;tvOneNews;in;;0.0;1.0;0.0;https://x.com/undefined/status/1833109221749198990;2518915579.0;;emang bangke nadiem spp sekolah sekarang mahal sangat sekolah sma spp tara bayar kuliah jaman sby trus biaya kuliah sekarang lebih gila didik sekarang jadi ajang komersil;netral
kurikulum-merdeka_10.csv;1.83292e+18;Mon Sep 09 00:47:47 +0000 2024;2.0;@tvOneNews Anaknya yg merdeka belajar ortunya yg mumet jadi ikutan sekolah lagi .;1.83294e+18;;tvOneNews;in;;0.0;1.0;0.0;https://x.com/undefined/status/1832943951898456377;193416229.0;;anak merdeka ajar ortunya mumet ikut sekolah;netral
kurikulum-merdeka_10.csv;1.83292e+18;Sun Sep 08 23:25:45 +0000 2024;1.0;@tvOneNews Mungkin anak2 Indonesia di suruh jdi tukang ojol aza;1.83292e+18;;tvOneNews;in;;0.0;0.0;0.0;https://x.com/undefined/status/1832923308825923922;1.07395e+18;;mungkin anak indonesia suruh jdi tukang ojol aza;netral
kurikulum-merdeka_10.csv;1.83292e+18;Mon Sep 09 04:05:24 +0000 2024;1.0;@tvOneNews Betul kata Pak JK. Bukan sistem nya yg salah .. tp penerapan sistem nya belum cocok utk di Indonesia dg kondisi sosial ekonomi yg berbeda dg negara maju;1.83299e+18;;tvOneNews;in;;0.0;0.0;0.0;https://x.com/undefined/status/1832993682913706391;81565069.0;;betul kata pak jk bukan sistem salah tapi terap sistem cocok utk indonesia kondisi sosial ekonomi beda negara maju;negatif
kurikulum-merdeka_10.csv;1.83292e+18;Mon Sep 09 10:50:34 +0000 2024;1.0;@tvOneNews Mereka sekarang punya misi membodohi generasi bangsa;1.8331e+18;;tvOneNews;in;;0.0;0.0;0.0;https://x.com/undefined/status/1833095648822071598;1.65761e+18;;mereka sekarang punya misi bodoh generasi bangsa;netral
kurikulum-merdeka_10.csv;1.83292e+18;Mon Sep 09 11:37:22 +0000 2024;1.0;@tvOneNews Kayaknya memang tugasnya menteri skrg memperbodoh rakyta...;1.83311e+18;;tvOneNews;in;;0.0;0.0;0.0;https://x.com/undefined/status/1833107424179548458;1.59746e+18;;kayak memang tugas menteri skrg bodoh rakyta;netral
kurikulum-merdeka_10.csv;1.83292e+18;Mon Sep 09 02:06:59 +0000 2024;0.0;@tvOneNews Emang benar. Pendidikan kita skrg ini sdh rusak dimulai dari aturan dan kebijakan2 dari pusat. Generasi skrg yg msh sekolah menjadi korban atas rusaknya sistem pendidikan kita.;1.83296e+18;;tvOneNews;in;;0.0;0.0;0.0;https://x.com/undefined/status/1832963882333491540;98551340.0;;emang benar didik kita skrg rusak mulai atur bijak pusat generasi skrg msh sekolah jadi korban atas rusak sistem didik kita;netral
kurikulum-merdeka_10.csv;1.83292e+18;Mon Sep 09 02:21:49 +0000 2024;0.0;@tvOneNews Nadiem kan manusia langka dia lahir dari lobang pantat @nadiemmakarim;1.83297e+18;;tvOneNews;in;;0.0;0.0;0.0;https://x.com/undefined/status/1832967618975957203;116969718.0;;nadiem manusia langka dia lahir lobang pantat;netral
kurikulum-merdeka_10.csv;1.83292e+18;Mon Sep 09 03:01:09 +0000 2024;0.0;@tvOneNews ;1.83298e+18;;tvOneNews;qme;;0.0;0.0;0.0;https://x.com/undefined/status/1832977515750494356;1.74576e+18;;;netral
kurikulum-merdeka_10.csv;1.83292e+18;Mon Sep 09 06:27:19 +0000 2024;0.0;@tvOneNews Sabar pak bukan depan udah gak jadi menteri;1.83303e+18;;tvOneNews;in;;0.0;0.0;0.0;https://x.com/undefined/status/1833029400058900981;8.84709e+17;;sabar pak bukan depan gak menteri;netral
kurikulum-merdeka_10.csv;1.83292e+18;Mon Sep 09 11:43:34 +0000 2024;0.0;@tvOneNews Menyala p Yusuf kala Terima kasih sudah membela rakyat;1.83311e+18;;tvOneNews;in;;0.0;0.0;0.0;https://x.com/undefined/status/1833108987648364916;1.53859e+18;;nyala p yusuf kala terima kasih bela rakyat;netral
kurikulum-merdeka_10.csv;1.83292e+18;Mon Sep 09 13:12:07 +0000 2024;0.0;@tvOneNews Emg bener gak ada UN anak2 pd males belajar;1.83313e+18;;tvOneNews;in;;0.0;0.0;0.0;https://x.com/undefined/status/1833131272497246716;7.88018e+17;;emg bener gak ada un anak pd males ajar;netral
kurikulum-merdeka_10.csv;1.83292e+18;Mon Sep 09 14:35:38 +0000 2024;0.0;@tvOneNews Ancuuuuur?;1.83315e+18;;tvOneNews;in;;0.0;0.0;0.0;https://x.com/undefined/status/1833152288732684788;1.31918e+18;;ancur;netral
kurikulum-merdeka_10.csv;1.83292e+18;Mon Sep 09 15:20:56 +0000 2024;0.0;@tvOneNews Pdhl kurikulum merdeka klo dibaca tuh mirip kurikulum cikal cuma lagi2 sebenernya sistemnya belum siap jd mungkin ga jelas eksekusinya pengajar belum siap ortu ga dikasih pengetahuan yg jelas jd marah2 korbannya ke anak jd ga jelas mau kmn arahnya;1.83316e+18;;tvOneNews;in;;0.0;0.0;0.0;https://x.com/undefined/status/1833163689601749487;1.5729e+18;;pdhl kurikulum merdeka kalau baca tuh mirip kurikulum cikal cuma sebenernya sistem siap jd mungkin jelas eksekusi ajar siap ortu kasih tahu jelas jd marah korban anak jd jelas mau kmn arah;netral
kurikulum-merdeka_11.csv;1.78808e+18;Wed May 08 10:29:02 +0000 2024;10.0;@PartaiSocmed eaakk emang bener ternyata lu buzzer ;1.78815e+18;;PartaiSocmed;in;;0.0;2.0;0.0;https://x.com/undefined/status/1788154132064526773;116374572.0;;eaakk emang bener nyata kamu buzzer;netral
kurikulum-merdeka_11.csv;1.78808e+18;Wed May 08 06:46:38 +0000 2024;29.0;@PartaiSocmed Sejahterakan dulu gurunya Sistem gaji guru di Indonesia itu paling miris. guru honorer dgn gaji 500rb/bln dia harus mikirin anak murid dgn konsep merdeka belajar guru aja blm merdeka dr sistem gaji yang kelewat kolonial. kasian mrk banyak tuntutan.;1.7881e+18;;PartaiSocmed;in;;3.0;9.0;4.0;https://x.com/undefined/status/1788098166807802246;2961824143.0;;sejahtera dulu guru sistem gaji guru indonesia paling miris guru honorer gaji rb bln dia harus mikirin anak murid konsep merdeka ajar guru merdeka sistem gaji lewat kolonial kasi mrk banyak tuntut;netral
kurikulum-merdeka_11.csv;1.78808e+18;Wed May 08 12:26:45 +0000 2024;24.0;@PartaiSocmed Sekolah anakku merdeka belajar dulu awal2 banyak dicibir sekolah kok gak pake seragam gak ada LKS ternyata sekarang banyak yg mulai aware sama kurikulum merdeka belajar terutama sekolah swasta sih yang mengutamakan kebutuhan dan minat anak daripada nilai akademik semata ;1.78818e+18;;PartaiSocmed;in;;0.0;4.0;6.0;https://x.com/undefined/status/1788183759030022426;8.08468e+17;;sekolah anak merdeka ajar dulu awal banyak cibir sekolah gak pake seragam gak ada lks nyata sekarang banyak mulai aware sama kurikulum merdeka ajar utama sekolah swasta sih utama butuh minat anak daripada nilai akademik semata;netral
kurikulum-merdeka_11.csv;1.78808e+18;Wed May 08 13:43:51 +0000 2024;12.0;@PartaiSocmed Di balik beberapa kekurangan mengenai Kurikulum Merdeka sy malah senang dg adanya kurikulum ini karena siswa bisa fokus mengembangkan bakat dan minatnya guru seperti sy juga bisa mengeksplor konten pembelajaran yg tidak sestrict K13;1.7882e+18;;PartaiSocmed;in;;0.0;1.0;7.0;https://x.com/undefined/status/1788203159904833807;1353329744.0;;balik beberapa kurang kena kurikulum merdeka sy malah senang ada kurikulum siswa bisa fokus kembang bakat minat guru seperti sy bisa mengeksplor konten ajar sestrict k;negatif
kurikulum-merdeka_11.csv;1.78808e+18;Wed May 08 12:55:08 +0000 2024;11.0;@PartaiSocmed Seperti sekolah anakku..tiap tahun pasti dpt kunjungan dr disdik saat ada exhibition(biasanya saat tema engineer atau science) pdhl tdk terdaftar diknas karena menerapkan kurikulum mandiri based by weekly project..anak2 dibiasakan berani untuk mengeluarkan ide -cont;1.78819e+18;;PartaiSocmed;in;;0.0;2.0;5.0;https://x.com/undefined/status/1788190899949977913;465585330.0;;seperti sekolah anak tiap tahun pasti dpt kunjung disdik saat ada exhibition biasa saat tema engineer science pdhl daftar diknas terap kurikulum mandiri based by weekly project anak biasa berani keluar ide cont;netral
kurikulum-merdeka_11.csv;1.78808e+18;Wed May 08 08:05:56 +0000 2024;6.0;@PartaiSocmed Kalau boleh usul ke @prabowo @gibran_tweet Mendiknas @nadiemmakarim dipertahankan kasihan anak2 ku nanti kalau kurikulum berubah lagi. Program Nadiem sdh bagus lanjutkan;1.78812e+18;;PartaiSocmed;in;;0.0;5.0;2.0;https://x.com/undefined/status/1788118123109122465;18233723.0;;kalau boleh usul mendiknas tahan kasihan anak ku nanti kalau kurikulum ubah program nadiem bagus lanjut;positif
kurikulum-merdeka_11.csv;1.78808e+18;Wed May 08 10:15:44 +0000 2024;8.0;@PartaiSocmed Sebelum menghina guru tidak mau berubah coba benahi dulu sistem gaji guru. Guru honorer SD Negeri di Jawa Timur tahun 2024 aja masih ada yg digaji 100 ribu/bulan. Gimana mau maksimal mendidik kalau gaji untuk hidup saja gak bisa?;1.78815e+18;;PartaiSocmed;in;;0.0;4.0;1.0;https://x.com/undefined/status/1788150786620633307;1.6057e+18;;belum hina guru mau ubah coba benah dulu sistem gaji guru guru honorer sd negeri jawa timur tahun masih ada gaji ribu bulan gimana mau maksimal didik kalau gaji hidup gak bisa;netral
kurikulum-merdeka_11.csv;1.78808e+18;Wed May 08 07:42:06 +0000 2024;4.0;@PartaiSocmed Guru ini salah pilih jalur kehidupan Harusnya mereka masuk ke jalur pemerintahan Lebih banyak job utk mensejahterakan keluarga mereka Ngapain jg cari masa depan dengan menjadi guru Sudah dibilang guru pahlawan tanpa tanda jasa Eh ngeyel;1.78811e+18;;PartaiSocmed;in;;0.0;1.0;1.0;https://x.com/undefined/status/1788112124889477607;1.51478e+18;;guru salah pilih jalur hidup harus mereka masuk jalur perintah lebih banyak job utk sejahtera keluarga mereka ngapain cari masa depan jadi guru bilang guru pahlawan tanpa tanda jasa eh ngeyel;negatif
kurikulum-merdeka_11.csv;1.78808e+18;Wed May 08 12:26:09 +0000 2024;4.0;@PartaiSocmed Pro kontra selalu ada menyebut guru tidak mau berubah itu wadiwaw bgt. Gini amat dah ngecounter org yg kontra sma kumer;1.78818e+18;;PartaiSocmed;in;;0.0;1.0;1.0;https://x.com/undefined/status/1788183606315393456;1.03651e+18;;pro kontra selalu ada sebut guru mau ubah wadiwaw bgt gin amat ngecounter org kontra sma kumer;netral
kurikulum-merdeka_11.csv;1.78808e+18;Wed May 08 06:43:39 +0000 2024;0.0;@PartaiSocmed Monggo ditanggapi pak @zanatul_91;1.7881e+18;;PartaiSocmed;in;;0.0;0.0;0.0;https://x.com/undefined/status/1788097415658209379;1.43448e+18;;monggo tanggap pak;netral
kurikulum-merdeka_11.csv;1.78808e+18;Wed May 08 09:33:05 +0000 2024;0.0;@PartaiSocmed Buzzerp;1.78814e+18;;PartaiSocmed;en;;0.0;0.0;0.0;https://x.com/undefined/status/1788140052415177041;1.6906e+18;;buzzerp;netral
kurikulum-merdeka_11.csv;1.78808e+18;Wed May 08 09:37:40 +0000 2024;0.0;@PartaiSocmed Makan gratis;1.78814e+18;;PartaiSocmed;in;;0.0;0.0;0.0;https://x.com/undefined/status/1788141206788358486;1.04264e+18;;makan gratis;netral
kurikulum-merdeka_11.csv;1.78808e+18;Wed May 08 10:54:41 +0000 2024;0.0;@PartaiSocmed Alah alah ;1.78816e+18;;PartaiSocmed;in;;0.0;0.0;0.0;https://x.com/undefined/status/1788160589459857569;421858459.0;;alah alah;netral
kurikulum-merdeka_11.csv;1.78808e+18;Wed May 08 11:11:31 +0000 2024;0.0;@PartaiSocmed Ehem @pppkguru @Guru_PNS ;1.78816e+18;;PartaiSocmed;pl;;0.0;0.0;0.0;https://x.com/undefined/status/1788164824930865449;102102899.0;;ehem;netral
kurikulum-merdeka_11.csv;1.78808e+18;Wed May 08 11:23:44 +0000 2024;0.0;@PartaiSocmed Teorinya sangat ideal dan sangat bagus tetapi belum bisa d implementasikan secara nasional karena keterbatasan banyak hal;1.78817e+18;;PartaiSocmed;in;;0.0;0.0;0.0;https://x.com/undefined/status/1788167901754929509;1.19533e+18;;teori sangat ideal sangat bagus tetapi bisa d implementasi cara nasional batas banyak hal;positif
kurikulum-merdeka_11.csv;1.78808e+18;Wed May 08 11:47:11 +0000 2024;0.0;@PartaiSocmed Saya kira @Kurz_Gesagt;1.78817e+18;;PartaiSocmed;in;;0.0;0.0;0.0;https://x.com/undefined/status/1788173799374107098;67860164.0;;saya kira;netral
kurikulum-merdeka_11.csv;1.78808e+18;Wed May 08 12:37:44 +0000 2024;0.0;@PartaiSocmed Untuk mengimplementasikan kurikulum baru memang butuh waktu tum.;1.78819e+18;;PartaiSocmed;in;;0.0;0.0;0.0;https://x.com/undefined/status/1788186524498219103;9.86208e+17;;implementasi kurikulum baru memang butuh waktu tum;netral
kurikulum-merdeka_11.csv;1.78808e+18;Wed May 08 13:09:02 +0000 2024;0.0;@PartaiSocmed anakku yg TK disuruh apalin lagu Indonesia raya Pancasila. TK TK?!?!?!? mertua gw yg daftarin TK gajelas jadi mau gamau anakku sekolah disitu. ;1.78819e+18;;PartaiSocmed;in;;0.0;0.0;0.0;https://x.com/undefined/status/1788194399479869753;1.36405e+18;;anak tk suruh apalin lagu indonesia raya pancasila tk tk mertua gw daftarin tk gajelas mau gamau anak sekolah situ;netral
kurikulum-merdeka_11.csv;1.78808e+18;Wed May 08 13:27:34 +0000 2024;0.0;@PartaiSocmed Membela yg bayar eh yg benar ;1.7882e+18;;PartaiSocmed;in;;0.0;0.0;0.0;https://x.com/undefined/status/1788199063181197722;1.12516e+18;;bela bayar eh benar;netral
kurikulum-merdeka_11.csv;1.78808e+18;Wed May 08 13:55:52 +0000 2024;0.0;@PartaiSocmed Tapi gajinya besaar hh;1.78821e+18;;PartaiSocmed;in;;0.0;0.0;0.0;https://x.com/undefined/status/1788206183964455052;608839364.0;;tapi gaji besaar hh;netral
kurikulum-merdeka_11.csv;1.78808e+18;Wed May 08 14:07:29 +0000 2024;0.0;@PartaiSocmed Setuju tapi harus ada standar sih apa yang wajib apa yang Sunnah buat semua nya kaya misal berhitung harus bisa apa gak harus yang expert expert;1.78821e+18;;PartaiSocmed;in;;0.0;0.0;0.0;https://x.com/undefined/status/1788209109101392159;1.53915e+18;;tuju tapi harus ada standar sih wajib sunnah buat semua kaya misal hitung harus bisa gak harus expert expert;netral
kurikulum-merdeka_11.csv;1.78808e+18;Wed May 08 14:07:31 +0000 2024;0.0;@PartaiSocmed Merdeka belajar malah gurunya yg ga merdeka wkwk;1.78821e+18;;PartaiSocmed;in;;0.0;0.0;0.0;https://x.com/undefined/status/1788209115682193582;1.11435e+18;;merdeka ajar malah guru merdeka;netral
kurikulum-merdeka_11.csv;1.78808e+18;Wed May 08 15:06:42 +0000 2024;0.0;@PartaiSocmed Yang ppdp dong ditinjau ulang tentang jarak tempat tinggal dengan sekolah terdekat didaerah yg sdikit sekolah negrinya kerepotan mendaftarkan anak ke sma;1.78822e+18;;PartaiSocmed;in;;0.0;0.0;0.0;https://x.com/undefined/status/1788224009747964075;1.58926e+18;;ppdp tinjau ulang tentang jarak tempat tinggal sekolah dekat daerah sdikit sekolah negrinya kerepot daftar anak sma;netral
kurikulum-merdeka_11.csv;1.78808e+18;Wed May 08 17:13:50 +0000 2024;0.0;@PartaiSocmed Dunia pendidikan kita sdh salah arah sejak bbrp dekade- sejak dikangkangi o birokrat politisi demi ideologi eksklusif- yg mana produknya bkn siswa yg memiliki keterbukaan wawasan tp ketertutupan. Tdk berani memandang setara thd yg berbeda tp dominasi dan tdk mampu berkolaborasi.;1.78826e+18;;PartaiSocmed;in;;0.0;0.0;0.0;https://x.com/undefined/status/1788256006931357830;82710328.0;;dunia didik kita salah arah sejak bbrp dekade sejak kangkang o birokrat politis demi ideologi eksklusif mana produk bkn siswa milik buka wawas tapi tutup berani pandang tara thd beda tapi dominasi mampu kolaborasi;negatif
kurikulum-merdeka_11.csv;1.78808e+18;Wed May 08 18:17:45 +0000 2024;0.0;@PartaiSocmed Nitip;1.78827e+18;;PartaiSocmed;en;;0.0;0.0;0.0;https://x.com/undefined/status/1788272091206394060;1.22219e+18;;nitip;netral
kurikulum-merdeka_11.csv;1.78808e+18;Wed May 08 18:39:10 +0000 2024;0.0;@PartaiSocmed Diserang komentar organik;1.78828e+18;;PartaiSocmed;in;;0.0;0.0;0.0;https://x.com/undefined/status/1788277480249500105;86892059.0;;serang komentar organik;netral
kurikulum-merdeka_11.csv;1.78808e+18;Wed May 08 23:55:25 +0000 2024;0.0;@PartaiSocmed Makan siang gratis...solutip inovatip;1.78836e+18;;PartaiSocmed;in;;0.0;0.0;0.0;https://x.com/undefined/status/1788357066924671218;348312624.0;;makan siang gratis solutip inovatip;netral
kurikulum-merdeka_11.csv;1.78808e+18;Thu May 09 00:55:16 +0000 2024;0.0;@PartaiSocmed Lu coba praktekin sendiri dah sama tuh murid2.;1.78837e+18;;PartaiSocmed;in;;0.0;0.0;0.0;https://x.com/undefined/status/1788372126950740282;124210773.0;;kamu coba praktekin sendiri sama tuh murid;netral
kurikulum-merdeka_11.csv;1.78808e+18;Thu May 09 01:15:54 +0000 2024;0.0;@PartaiSocmed Sdh ganti berapa kali kurikulum dul?;1.78838e+18;;PartaiSocmed;in;;0.0;0.0;0.0;https://x.com/undefined/status/1788377322405695699;1.31479e+18;;ganti berapa kali kurikulum dul;netral
kurikulum-merdeka_11.csv;1.78808e+18;Wed May 08 12:16:43 +0000 2024;2.0;@PartaiSocmed Gaji buzzer ga sama ama gaji guru honorer .dasar otak buzzer yg penting cuan ga paham konteks;1.78818e+18;;PartaiSocmed;in;;0.0;0.0;1.0;https://x.com/undefined/status/1788181233907962164;1.18824e+18;;gaji buzzer sama ama gaji guru honorer dasar otak buzzer penting cuan paham konteks;netral
kurikulum-merdeka_11.csv;1.78808e+18;Wed May 08 13:45:22 +0000 2024;1.0;@PartaiSocmed Wkwkwkwk masalah utama negeri ini terletak pada pemerintahan beserta pejabat2nya sepaket ma buzer2 laknat seperti anda dan keluarga anda;1.7882e+18;;PartaiSocmed;in;;0.0;0.0;0.0;https://x.com/undefined/status/1788203542177784272;1.71389e+18;;wkwkwkwk masalah utama negeri letak perintah serta jabat paket ma buzer laknat seperti anda keluarga anda;negatif
kurikulum-merdeka_11.csv;1.78808e+18;Wed May 08 05:43:11 +0000 2024;0.0;@PartaiSocmed Semoga @PBPGRI_OFFICIAL dan @Itjen_Kemdikbud @Kemdikbud_RI @nadiemmakarim @Nadiem_Makarim harus berbenah diri ...ini industri sudah 4.0;1.78808e+18;;PartaiSocmed;in;;0.0;1.0;0.0;https://x.com/undefined/status/1788082196609478836;7.10448e+17;;moga harus benah diri industri;netral
kurikulum-merdeka_11.csv;1.78808e+18;Wed May 08 07:24:11 +0000 2024;0.0;@PartaiSocmed Rockefeller School System adalah perbudakan berkedok pendidikan. https://t.co/d3V7GbZDbf;1.78811e+18;https://pbs.twimg.com/media/GNCiBICboAAcQen.png;PartaiSocmed;in;;0.0;0.0;0.0;https://x.com/undefined/status/1788107616323022950;1.37941e+18;;rockefeller school system budak kedok didik;netral
kurikulum-merdeka_11.csv;1.78808e+18;Wed May 08 10:52:37 +0000 2024;0.0;@PartaiSocmed sebelum ngomong tenteng merdeka. lebih baik birokrasi di dunia pendidikan di benahi dulu min. kalau udah bagus guru guru pun siap dengan filosofi kurikulum merdeka kok mau belajar 24 jam juga hayuk;1.78816e+18;;PartaiSocmed;in;;0.0;0.0;0.0;https://x.com/undefined/status/1788160070150455639;1.31152e+18;;belum ngomong tenteng merdeka lebih baik birokrasi dunia didik benah dulu min kalau bagus guru guru siap filosofi kurikulum merdeka mau ajar jam hayuk;positif
kurikulum-merdeka_11.csv;1.78808e+18;Wed May 08 14:06:29 +0000 2024;0.0;@PartaiSocmed setelah tes ombak negatifikasi dokter berhasil menghasilkan UU Kesehatan Omnibuslaw..kini bajeRp tes ombak negatifikasi guru demi omnibuslaw pendidikan jugakah??! @PNS_Ababil @ardisatriawan;1.78821e+18;;PartaiSocmed;in;;0.0;0.0;0.0;https://x.com/undefined/status/1788208856310722609;1.36957e+18;;telah tes ombak negatifikasi dokter hasil hasil uu sehat omnibuslaw kini bajerp tes ombak negatifikasi guru demi omnibuslaw didik juga;netral
kurikulum-merdeka_13.csv;1.74822e+18;Fri Jan 19 14:50:36 +0000 2024;286.0;@strngrindacity karna ya balik lagi yg diuntungkan disini cm swasta/pebisnis. mahasiswa diuntungkan itu cm ilusi karna ujung2nya yg merasa diuntungkan jg jd GAGAL KRITIS menilai kebijakan dan yg ga diuntungkan jd MAKIN hopeless fighting the system. ini dampak dari kebijakan neolib.;1.74836e+18;;strngrindacity;in;;4.0;0.0;34.0;https://x.com/undefined/status/1748357296034570385;1.03751e+18;;karna balik untung sini cm swasta bisnis mahasiswa untung cm ilusi karna ujung rasa untung jd gagal kritis nilai bijak untung jd makin hopeless fighting the system dampak bijak neolib;negatif
kurikulum-merdeka_13.csv;1.74822e+18;Fri Jan 19 07:42:56 +0000 2024;151.0;@strngrindacity mjb. rill banget. buat apply magang aja dimana termasuk buat cari pengalaman malah disuruh punya bekal pengalaman terlebih dahulu.;1.74825e+18;;strngrindacity;in;;0.0;1.0;11.0;https://x.com/undefined/status/1748249668184891526;1.14275e+18;;mjb rill sangat buat apply magang mana masuk buat cari alam malah suruh punya bekal alam lebih dahulu;netral
kurikulum-merdeka_13.csv;1.74822e+18;Fri Jan 19 17:06:00 +0000 2024;18.0;@strngrindacity Magang mandiri ngerusak pasar kerja;1.74839e+18;;strngrindacity;in;;0.0;0.0;0.0;https://x.com/undefined/status/1748391368635084857;1937089796.0;;magang mandiri ngerusak pasar kerja;netral
kurikulum-merdeka_13.csv;1.74822e+18;Fri Jan 19 18:00:53 +0000 2024;8.0;@strngrindacity Aku kira cuma aku yang pernah mikir gini. Ternyata ada juga ya. Setidaknya ada.;1.74841e+18;;strngrindacity;in;;0.0;0.0;0.0;https://x.com/undefined/status/1748405179765162440;252943515.0;;aku kira cuma aku pernah mikir gin nyata ada tidak ada;netral
kurikulum-merdeka_13.csv;1.74822e+18;Fri Jan 19 23:24:24 +0000 2024;6.0;@strngrindacity Dan kuota magang merdeka itu terbatas gak semua mahasiswa tu punya privilege ikut magang merdeka ;1.74849e+18;;strngrindacity;in;;0.0;0.0;0.0;https://x.com/undefined/status/1748486597329518641;1.63846e+18;;kuota magang merdeka batas gak semua mahasiswa tu punya privilege ikut magang merdeka;netral
kurikulum-merdeka_13.csv;1.74822e+18;Sat Jan 20 01:46:42 +0000 2024;2.0;@strngrindacity Bener bro jadi anggepan orang2 lu gak magang = lu nganggur nolep Wkwk;1.74852e+18;;strngrindacity;in;;0.0;0.0;0.0;https://x.com/undefined/status/1748522407214588318;1.63092e+18;;bener bro anggepan orang kamu gak magang kamu nganggur nolep;netral
kurikulum-merdeka_13.csv;1.74822e+18;Fri Jan 19 23:37:09 +0000 2024;1.0;@strngrindacity Nah ini ngaruhnya malah ke ekosistem requirement. Jadinya nyebar kemana-mana. Padahal idenya cukup oke sih? Tp mungkin blm waktunya diterapkan dgn SDM kita yang.... Begini.....;1.74849e+18;;strngrindacity;in;;0.0;0.0;0.0;https://x.com/undefined/status/1748489806483763563;1.08877e+18;;ngaruhnya malah ekosistem requirement jadi nyebar mana mana padahal ide cukup oke sih tapi mungkin waktu terap sdm kita begini;netral
kurikulum-merdeka_13.csv;1.74822e+18;Fri Jan 19 14:14:34 +0000 2024;0.0;@strngrindacity gw mau RT ribuan kali;1.74835e+18;;strngrindacity;in;;0.0;0.0;0.0;https://x.com/undefined/status/1748348224761725302;9.75411e+17;;gw mau ribu kali;netral
kurikulum-merdeka_13.csv;1.74822e+18;Fri Jan 19 22:44:06 +0000 2024;0.0;@strngrindacity Seneng banget nyusahin;1.74848e+18;;strngrindacity;in;;0.0;0.0;0.0;https://x.com/undefined/status/1748476454105743762;1.44171e+18;;neng sangat nyusahin;netral
kurikulum-merdeka_13.csv;1.74822e+18;Sat Jan 20 02:20:09 +0000 2024;0.0;@strngrindacity ini yg jadinya bikin rekrutmen itu s1 harus maksimal 24 pengalaman 2 tahun ;1.74853e+18;;strngrindacity;in;;0.0;0.0;0.0;https://x.com/undefined/status/1748530824356761891;8.87685e+17;;jadi bikin rekrutmen s harus maksimal alam tahun;netral
kurikulum-merdeka_13.csv;1.74822e+18;Sat Jan 20 05:22:51 +0000 2024;0.0;@strngrindacity apalagi kadang intern aja syaratnya min pengalaman 1 tahun terus belum lg birokrasi jurusan yg ribet masalah konversi;1.74858e+18;;strngrindacity;in;;0.0;0.0;0.0;https://x.com/undefined/status/1748576802421805118;2990853770.0;;apalagi kadang intern syarat min alam tahun terus lg birokrasi jurus ribet masalah konversi;negatif
kurikulum-merdeka_14.csv;1.69929e+18;Wed Sep 06 06:39:39 +0000 2023;21.0;@__AnakKolong @Kemdikbud_RI Masa2 SMA gue belum ada yg mabok agama. Semua fun asyik dan toleransi tinggi.. Guru menghargai murid murid menghormati guru... https://t.co/FL5baIJS4r;1.69931e+18;https://pbs.twimg.com/media/F5UqsZgbIAA8oR9.jpg;__AnakKolong;in;;0.0;1.0;1.0;https://x.com/undefined/status/1699311379512234032;1.29466e+18;;masa sma saya ada mabok agama semua fun asyik toleransi tinggi guru harga murid murid hormat guru;netral
kurikulum-merdeka_14.csv;1.69929e+18;Wed Sep 06 05:21:33 +0000 2023;13.0;@__AnakKolong @Kemdikbud_RI kalo ini anakku tak tuntut gurunya..;1.69929e+18;;__AnakKolong;in;;0.0;2.0;1.0;https://x.com/undefined/status/1699291724571644095;315040374.0;;kalo anak tak tuntut guru;netral
kurikulum-merdeka_14.csv;1.69929e+18;Wed Sep 06 05:01:02 +0000 2023;7.0;@__AnakKolong @Kemdikbud_RI ngga gitu caranya pak Menteri..pecat itu gurunya..tidak bisakah rambut dimasukkan ke seragam baru pakai jilbab....gurunya keterlaluan..;1.69929e+18;;__AnakKolong;in;;0.0;0.0;0.0;https://x.com/undefined/status/1699286564390699152;318208739.0;;ngga begitu cara pak menteri pecat guru bisa rambut masuk seragam baru pakai jilbab guru terlalu;netral
kurikulum-merdeka_14.csv;1.69929e+18;Wed Sep 06 05:03:27 +0000 2023;5.0;@__AnakKolong @Kemdikbud_RI Mendikbud sebagai pembina gagal membina guru² yang setress;1.69929e+18;;__AnakKolong;in;;0.0;0.0;0.0;https://x.com/undefined/status/1699287171071652025;1.68483e+18;;mendikbud bagai bina gagal bina guru setress;negatif
kurikulum-merdeka_14.csv;1.69929e+18;Wed Sep 06 09:19:34 +0000 2023;2.0;@__AnakKolong @Kemdikbud_RI hiyahiya https://t.co/fTjJAZudgk;1.69935e+18;https://pbs.twimg.com/ext_tw_video_thumb/1699351599666311168/pu/img/L07N_i9gHjxfZPmV.jpg;__AnakKolong;tl;;0.0;1.0;1.0;https://x.com/undefined/status/1699351625322942752;1.23122e+18;;hiyahiya;netral
kurikulum-merdeka_14.csv;1.69929e+18;Wed Sep 06 05:04:25 +0000 2023;2.0;@__AnakKolong @Kemdikbud_RI Gara-gara kelihatan 1 helai rambut masuk neraka jahanam....ihhhh takuuuuuuttt.;1.69929e+18;;__AnakKolong;in;;0.0;1.0;0.0;https://x.com/undefined/status/1699287414748110916;1.27612e+18;;gara gara lihat helai rambut masuk neraka jahanam ih takut;netral
kurikulum-merdeka_14.csv;1.69929e+18;Wed Sep 06 05:09:46 +0000 2023;2.0;@__AnakKolong @Kemdikbud_RI Wah ini sdh terlaluu..iki...;1.69929e+18;;__AnakKolong;in;;0.0;0.0;0.0;https://x.com/undefined/status/1699288761031651539;1.56912e+18;;wah terlaluu iki;netral
kurikulum-merdeka_14.csv;1.69929e+18;Wed Sep 06 05:55:15 +0000 2023;2.0;@__AnakKolong @Kemdikbud_RI Makin konyol aja kelakuan nya kyk ga ada kemajuan nya bisa di tebak yg bgtu biasanya punya paham yg salah ;1.6993e+18;;__AnakKolong;in;;0.0;0.0;0.0;https://x.com/undefined/status/1699300207362748461;1.42213e+18;;makin konyol laku kyk ada maju bisa tebak bgtu biasa punya paham salah;negatif
kurikulum-merdeka_14.csv;1.69929e+18;Wed Sep 06 05:55:39 +0000 2023;2.0;@__AnakKolong @Kemdikbud_RI PECAT !;1.6993e+18;;__AnakKolong;en;;0.0;0.0;0.0;https://x.com/undefined/status/1699300307585659349;7.31376e+17;;pecat;netral
kurikulum-merdeka_14.csv;1.69929e+18;Wed Sep 06 08:36:19 +0000 2023;2.0;@__AnakKolong @Mangjohan10 @Kemdikbud_RI Kurikulum merdeka Dimana kemerdekaan siswa? Padahal di dekati di nasehati dari hati kehati malah mereka akan nurut. Bukankah nabi Muhammad berdakwah dengan kebaikan dan kesantunan dengan asah asih dan asuh;1.69934e+18;;__AnakKolong;in;;0.0;0.0;0.0;https://x.com/undefined/status/1699340742458794262;1.42359e+18;;kurikulum merdeka mana merdeka siswa padahal dekat nasehat hati hati malah mereka nurut bukankah nabi muhammad dakwah baik santun asah asih asuh;positif
kurikulum-merdeka_14.csv;1.69929e+18;Wed Sep 06 09:26:00 +0000 2023;2.0;@__AnakKolong @Kemdikbud_RI Gurune iri soale gak nduwe rambut...;1.69935e+18;;__AnakKolong;in;;0.0;0.0;0.0;https://x.com/undefined/status/1699353245033054355;2406635768.0;;gurune iri soale gak nduwe rambut;netral
kurikulum-merdeka_14.csv;1.69929e+18;Wed Sep 06 05:20:58 +0000 2023;1.0;@__AnakKolong @Kemdikbud_RI Ganas amat ;1.69929e+18;;__AnakKolong;in;;0.0;0.0;0.0;https://x.com/undefined/status/1699291577875919184;1.50702e+18;;ganas amat;netral
kurikulum-merdeka_14.csv;1.69929e+18;Wed Sep 06 05:21:03 +0000 2023;1.0;@__AnakKolong @OnayRiano @Kemdikbud_RI Guru mendidik yg tak terdidik;1.69929e+18;;__AnakKolong;in;;0.0;0.0;0.0;https://x.com/undefined/status/1699291600890044827;1.55627e+18;;guru didik tak didik;netral
kurikulum-merdeka_14.csv;1.69929e+18;Wed Sep 06 05:26:04 +0000 2023;1.0;@__AnakKolong @Kemdikbud_RI Guru edan;1.69929e+18;;__AnakKolong;eu;;0.0;0.0;0.0;https://x.com/undefined/status/1699292862402466188;1.39682e+18;;guru edan;netral
kurikulum-merdeka_14.csv;1.69929e+18;Wed Sep 06 05:26:25 +0000 2023;1.0;@__AnakKolong @Kemdikbud_RI Cc @Kemdikbud_RI @nadiemmakarim piye iki mas mentri kok iso ngene??? ;1.69929e+18;;__AnakKolong;in;;0.0;0.0;0.0;https://x.com/undefined/status/1699292949417431407;1.25515e+18;;cc piye iki mas tri iso ngene;netral
kurikulum-merdeka_14.csv;1.69929e+18;Wed Sep 06 05:36:23 +0000 2023;1.0;@__AnakKolong @Kemdikbud_RI Guru bgnian modelnya. Sakit jiwa!!!!;1.6993e+18;;__AnakKolong;in;;0.0;0.0;0.0;https://x.com/undefined/status/1699295460547334506;1964748001.0;;guru bgnian model sakit jiwa;netral
kurikulum-merdeka_14.csv;1.69929e+18;Wed Sep 06 05:38:30 +0000 2023;1.0;@__AnakKolong @Kemdikbud_RI Wahh... NYALON kok disekolah Apa iya Merdeka bro;1.6993e+18;;__AnakKolong;in;;0.0;0.0;0.0;https://x.com/undefined/status/1699295991676154252;1.08913e+18;;wahh nyalon seko merdeka bro;netral
kurikulum-merdeka_14.csv;1.69929e+18;Wed Sep 06 05:46:59 +0000 2023;1.0;@__AnakKolong @Kemdikbud_RI Pak @nadiemmakarim kok gak pernah kelihatan ya???;1.6993e+18;;__AnakKolong;in;;0.0;0.0;0.0;https://x.com/undefined/status/1699298125247340788;2923501148.0;;pak gak pernah lihat;netral
kurikulum-merdeka_14.csv;1.69929e+18;Wed Sep 06 05:59:26 +0000 2023;1.0;@__AnakKolong @ada_ndie @Kemdikbud_RI Wkwk mantap tegas guru ini pantas jadi menteri di @Kemdikbud_RI klu @aniesbaswedan terpilih jangan dipecat pak menteri;1.6993e+18;;__AnakKolong;in;;0.0;0.0;0.0;https://x.com/undefined/status/1699301260049231984;1.18649e+18;;mantap tegas guru pantas menteri kalau pilih jangan pecat pak menteri;positif
kurikulum-merdeka_14.csv;1.69929e+18;Wed Sep 06 06:19:15 +0000 2023;1.0;@__AnakKolong @Kemdikbud_RI Fokus dgn logo . https://t.co/MMbdBgQfw1;1.69931e+18;https://pbs.twimg.com/media/F5UmBVEaEAAYbGl.jpg;__AnakKolong;in;;0.0;0.0;0.0;https://x.com/undefined/status/1699306245231083915;1.1765e+18;;fokus logo;netral
kurikulum-merdeka_14.csv;1.69929e+18;Wed Sep 06 06:36:02 +0000 2023;1.0;@__AnakKolong @Kemdikbud_RI Guru yg begini nih yg menghambat kreativitas muridnya.... Kenapa harus dipotong paksa sih..?? ;1.69931e+18;;__AnakKolong;in;;0.0;0.0;0.0;https://x.com/undefined/status/1699310471596454160;1.27435e+18;;guru begini nih hambat kreativitas murid kenapa harus potong paksa sih;netral
kurikulum-merdeka_14.csv;1.69929e+18;Wed Sep 06 06:50:38 +0000 2023;1.0;@__AnakKolong @Kemdikbud_RI Benar² kurikulum mardeka . ;1.69931e+18;;__AnakKolong;in;;0.0;0.0;0.0;https://x.com/undefined/status/1699314143558611249;1.16439e+18;;benar kurikulum mardeka;netral
kurikulum-merdeka_14.csv;1.69929e+18;Wed Sep 06 07:40:57 +0000 2023;1.0;@__AnakKolong @Kemdikbud_RI Gemeezz lihat gurunya https://t.co/J58cFtyeXG;1.69933e+18;https://pbs.twimg.com/tweet_video_thumb/F5U4uAuaMAA5UVh.jpg;__AnakKolong;in;;0.0;0.0;0.0;https://x.com/undefined/status/1699326808867713224;1.6036e+18;;gemeezz lihat guru;netral
kurikulum-merdeka_14.csv;1.69929e+18;Wed Sep 06 07:52:56 +0000 2023;1.0;@__AnakKolong @Kemdikbud_RI Uraaaa...;1.69933e+18;;__AnakKolong;und;;0.0;0.0;0.0;https://x.com/undefined/status/1699329821795578313;2917116386.0;;ura;netral
kurikulum-merdeka_14.csv;1.69929e+18;Wed Sep 06 08:11:56 +0000 2023;1.0;"@__AnakKolong @Kemdikbud_RI Ibu Guru yg kurang kerjaan. Anak sdh berhijab sj kelihatan rambut sdikit main gunting bgmn dg yg tdk berhijab? Jgn heran deh jk byk akhlak&amp;prilaku para Muslimah yg buruk/negatif krn hijab digunakan jg krn paksaan/terpaksa";1.69933e+18;;__AnakKolong;in;;0.0;0.0;0.0;https://x.com/undefined/status/1699334603709042806;1.68866e+18;;ibu guru kurang kerja anak hijab sj lihat rambut sdikit main gunting bgmn hijab jgn heran jk byk akhlak amp prilaku para muslimah buruk negatif krn hijab guna krn paksa paksa;negatif
kurikulum-merdeka_14.csv;1.69929e+18;Wed Sep 06 09:26:40 +0000 2023;1.0;@__AnakKolong @Kemdikbud_RI . . Soalnya guru² dah belajar dari kekurangan² yg kemaren² kalah di pengadilan..... . Dan sekarang mrk bawa materai karena itu bisa menjadi juru damai dlm pertikaian.... ;1.69935e+18;;__AnakKolong;in;;0.0;0.0;0.0;https://x.com/undefined/status/1699353413690224993;1.32599e+18;;soal guru ajar kurang kemaren kalah adil sekarang mrk bawa materai bisa jadi juru damai dlm tikai;negatif
kurikulum-merdeka_14.csv;1.69929e+18;Wed Sep 06 09:45:41 +0000 2023;1.0;"@__AnakKolong @Kemdikbud_RI Kemdikbud sepertinya sudah tak berdaya menghadapi hal2 yg nyata terjadi di lapangan malah sibuk dng teknologi. Guru2 seperti ini tidak pernah ditindak tegas shg berkembang terus dimana-mana. Satu kata PECAT &amp; pidanakan krn merusak moral anak bangsa";1.69936e+18;;__AnakKolong;in;;0.0;0.0;0.0;https://x.com/undefined/status/1699358197591793756;1.46642e+18;;kemdikbud seperti tak daya hadap hal nyata jadi lapang malah sibuk dng teknologi guru seperti pernah tindak tegas shg kembang terus mana mana satu kata pecat amp pidana krn rusak moral anak bangsa;netral
kurikulum-merdeka_14.csv;1.69929e+18;Wed Sep 06 05:29:06 +0000 2023;0.0;@__AnakKolong @Kemdikbud_RI https://t.co/GuPkXBIyS6;1.69929e+18;;__AnakKolong;qme;;0.0;0.0;0.0;https://x.com/undefined/status/1699293625736409398;1.42421e+18;;;netral
kurikulum-merdeka_14.csv;1.69929e+18;Wed Sep 06 09:58:40 +0000 2023;0.0;@__AnakKolong @Kemdikbud_RI Merdeka bagi pendidik membiarkan Indonesia dibawa punya kakak besar juga ya ;1.69936e+18;;__AnakKolong;in;;0.0;0.0;0.0;https://x.com/undefined/status/1699361466418442379;1.62797e+18;;merdeka bagi didik biar indonesia bawa punya kakak besar;netral
kurikulum-merdeka_14.csv;1.69929e+18;Wed Sep 06 10:00:56 +0000 2023;0.0;@__AnakKolong @Kemdikbud_RI Budaya pendidikan brengsek...!!!;1.69936e+18;;__AnakKolong;in;;0.0;0.0;0.0;https://x.com/undefined/status/1699362036692766924;1.60909e+18;;budaya didik brengsek;netral
kurikulum-merdeka_15.csv;1.8329e+18;Mon Sep 09 00:32:25 +0000 2024;1.0;@tvOneNews Ya orang gak ngerti Pendididikan tambah lagi bosnya cuma jadi pengusaha negara ya hancurlah;1.83294e+18;;tvOneNews;in;;0.0;0.0;0.0;https://x.com/undefined/status/1832940086947963018;1.66223e+18;;orang gak ngerti didik tambah bos cuma usaha negara hancur;netral
kurikulum-merdeka_15.csv;1.8329e+18;Sun Sep 08 22:33:36 +0000 2024;0.0;@tvOneNews just hyper experiment the hell out of everything you do selama menjabat mentri pendidikan cuma jadi bahan experiment doang gak bisa kerja ni orang aslinya asal tiru negara maju gk mikir resource dan mafioso yg bahkan sekelas mentri aja gk berkutik;1.83291e+18;;tvOneNews;in;;0.0;0.0;0.0;https://x.com/undefined/status/1832910184106369266;8.41502e+17;;just hyper experiment the hell out of everything you do lama jabat tri didik cuma bahan experiment doang gak bisa kerja ni orang asli asal tiru negara maju mikir resource mafioso bahkan kelas tri kutik;netral
kurikulum-merdeka_15.csv;1.8329e+18;Sun Sep 08 22:45:04 +0000 2024;0.0;@tvOneNews Ada juga pernah ketemu anak SMK mesin jadi seles panci..;1.83291e+18;;tvOneNews;in;;0.0;0.0;0.0;https://x.com/undefined/status/1832913071033172391;74649984.0;;ada pernah ketemu anak smk mesin les panci;netral
kurikulum-merdeka_15.csv;1.8329e+18;Sun Sep 08 22:56:58 +0000 2024;0.0;@tvOneNews Salah satu menteri yg minim prestasi sbg menteri;1.83292e+18;;tvOneNews;in;;0.0;0.0;0.0;https://x.com/undefined/status/1832916065363665164;232558172.0;;salah satu menteri minim prestasi bagai menteri;negatif
kurikulum-merdeka_15.csv;1.8329e+18;Mon Sep 09 01:06:39 +0000 2024;0.0;@tvOneNews Terimakasih JK sudah menyuarakan aspirasi rakyat Indonesia kebanyakan;1.83295e+18;;tvOneNews;in;;0.0;0.0;0.0;https://x.com/undefined/status/1832948701763092537;1.74522e+18;;terimakasih jk suara aspirasi rakyat indonesia banyak;netral
kurikulum-merdeka_15.csv;1.8329e+18;Mon Sep 09 01:07:53 +0000 2024;0.0;@tvOneNews Nadiem sebagai Menteri bekerja sesuai dengan keahliannya membuat aplikasi pembelajaran dan administrasinya sebagaimana dia telah berhasil membuat aplikasi gojek yg memberikan kemudahan bagi para pelanggannya. Pendidikan Nasional=Gojek.;1.83295e+18;;tvOneNews;in;;0.0;0.0;0.0;https://x.com/undefined/status/1832949012309446956;1.11961e+18;;nadiem bagai menteri kerja sesuai ahli buat aplikasi ajar administrasi bagaimana dia telah hasil buat aplikasi gojek beri mudah bagi para langgan didik nasional gojek;positif
kurikulum-merdeka_15.csv;1.8329e+18;Mon Sep 09 01:52:03 +0000 2024;0.0;"@tvOneNews Pengangguran butuh bea milyaran &amp; lama waktu 12 Tahun";1.83296e+18;;tvOneNews;in;;0.0;0.0;0.0;https://x.com/undefined/status/1832960124849471974;1201488523.0;;anggur butuh bea milyaran amp lama waktu tahun;netral
kurikulum-merdeka_15.csv;1.8329e+18;Mon Sep 09 02:18:20 +0000 2024;0.0;@tvOneNews Jgn jadi menteri lagi;1.83297e+18;;tvOneNews;in;;0.0;0.0;0.0;https://x.com/undefined/status/1832966742542582081;8.84709e+17;;jgn menteri;netral
kurikulum-merdeka_15.csv;1.8329e+18;Mon Sep 09 09:16:19 +0000 2024;0.0;@tvOneNews Kalau tidak ada keahlian dalam mengelola suatu urusan maka tunggulah kehancuran nya (hadist nabi) untuk memperbaiki butuh waktu rugi nya bangsa ini negeri sebelah maju 10th kita mundur 10 tahun tamat sekolah hanya nambh pengangguran miris nasib anak negeri ini;1.83307e+18;;tvOneNews;in;;0.0;0.0;0.0;https://x.com/undefined/status/1833071930628583702;1.33511e+18;;kalau ada ahli dalam kelola suatu urus maka tunggu hancur hadist nabi baik butuh waktu rugi bangsa negeri belah maju th kita mundur tahun tamat sekolah hanya nambh anggur miris nasib anak negeri;positif
kurikulum-merdeka_15.csv;1.8329e+18;Mon Sep 09 10:16:37 +0000 2024;0.0;@tvOneNews Yg S1 aja banyak yg ojol pak @Pak_JK;1.83309e+18;;tvOneNews;in;;0.0;0.0;0.0;https://x.com/undefined/status/1833087104538358072;1.50621e+18;;s banyak ojol pak;netral
kurikulum-merdeka_16.csv;1.83295e+18;Mon Sep 09 02:37:24 +0000 2024;3.0;@geloraco Tapi Jan ngusulin Anies Mendikbud pak! Bisa bisa dia di reshuffle dijalan. Terus namanya pake Bulian pembenci Anies;1.83297e+18;;geloraco;in;;0.0;0.0;0.0;https://x.com/undefined/status/1832971540587295073;1.12891e+18;;tapi jan ngusulin anies mendikbud pak bisa bisa dia reshuffle jalan terus nama pake bulian benci anies;negatif
kurikulum-merdeka_16.csv;1.83295e+18;Mon Sep 09 01:27:12 +0000 2024;2.0;@geloraco Merdeka itu artinya bebas Pak JK... Jd kurikulum merdeka itu bebas mau belajar mau nggak Bgtu kan Dim?...;1.83295e+18;;geloraco;in;;0.0;0.0;0.0;https://x.com/undefined/status/1832953871830044814;1.51787e+18;;merdeka arti bebas pak jk jd kurikulum merdeka bebas mau ajar mau nggak bgtu dim;netral
kurikulum-merdeka_16.csv;1.83295e+18;Mon Sep 09 02:52:50 +0000 2024;2.0;@geloraco Intinya semua mentri bikinan JOKOWI gak ada yang bagus terlebih NADIEM. Hanya bu Sri mendingan bisa ngutang banyak. Kekayaan Negara di KORUPSI untuk menutup RAPBN Busri ngutang.;1.83298e+18;;geloraco;in;;0.0;0.0;0.0;https://x.com/undefined/status/1832975423271206939;9.66444e+17;;inti semua tri bikin jokowi gak ada bagus lebih nadiem hanya bu sri mending bisa ngutang banyak kaya negara korupsi tutup rapbn busri ngutang;positif
kurikulum-merdeka_16.csv;1.83295e+18;Mon Sep 09 03:08:13 +0000 2024;2.0;@geloraco Iya merdeka dari belajar.skrg anak2 merdeka dari mikirin nilai yg bakal didapet.mereka yakin semales2nya mereka belajar nilainya ttp bagus.;1.83298e+18;;geloraco;in;;0.0;0.0;0.0;https://x.com/undefined/status/1832979292214751719;1.32163e+18;;merdeka ajar skrg anak merdeka mikirin nilai bakal didapet mereka yakin semales mereka ajar nilai ttp bagus;positif
kurikulum-merdeka_16.csv;1.83295e+18;Mon Sep 09 04:29:21 +0000 2024;1.0;@geloraco Terima kasih pak JK mewakili rakyat Indonesia yang jd korban ketidakadilan;1.833e+18;;geloraco;in;;0.0;0.0;0.0;https://x.com/undefined/status/1832999713353891932;1.53859e+18;;terima kasih pak jk wakil rakyat indonesia jd korban ketidakadilan;netral
kurikulum-merdeka_16.csv;1.83295e+18;Mon Sep 09 07:06:53 +0000 2024;1.0;@geloraco Lah...nadiem itu 2 periode kan? Periode pertama anda wapresnya pak JK. Kemana anda selama itu dan tidak meminta presiden memberhentikan nadiem?;1.83304e+18;;geloraco;in;;0.0;1.0;0.0;https://x.com/undefined/status/1833039357462323437;1.72603e+18;;nadiem periode periode pertama anda wapresnya pak jk mana anda lama minta presiden henti nadiem;netral
kurikulum-merdeka_16.csv;1.83295e+18;Mon Sep 09 16:12:16 +0000 2024;1.0;@geloraco Itu kurikulum bikin kacau anak² sekolah. Pdhl dgn menggunakan buku² model ini banyak pejabat² yg sukses sekarang https://t.co/rr1rMExX4u;1.83318e+18;https://pbs.twimg.com/media/GXDAaBfaQAABkG2.jpg;geloraco;in;;0.0;0.0;0.0;https://x.com/undefined/status/1833176604803236018;1.63164e+18;;kurikulum bikin kacau anak sekolah pdhl guna buku model banyak jabat sukses sekarang;netral
kurikulum-merdeka_16.csv;1.83295e+18;Mon Sep 09 01:34:04 +0000 2024;0.0;@geloraco Njirrr;1.83296e+18;;geloraco;in;;0.0;0.0;0.0;https://x.com/undefined/status/1832955599774233019;1.75777e+18;;njir;netral
kurikulum-merdeka_16.csv;1.83295e+18;Mon Sep 09 03:33:29 +0000 2024;0.0;@geloraco LGBT ??? ;1.83299e+18;;geloraco;in;;0.0;0.0;0.0;https://x.com/undefined/status/1832985654302835153;1.73622e+18;;lgbt;netral
kurikulum-merdeka_16.csv;1.83295e+18;Mon Sep 09 03:42:28 +0000 2024;0.0;@geloraco Pemprov gandeng Universitas Pertahanan biar Rumah Apung Jakut bersih https://t.co/TdOTzvqYKv;1.83299e+18;;geloraco;in;;0.0;0.0;0.0;https://x.com/undefined/status/1832987914181235112;2258023286.0;;pemprov gandeng universitas tahan biar rumah apung jakut bersih;netral
kurikulum-merdeka_16.csv;1.83295e+18;Mon Sep 09 05:10:11 +0000 2024;0.0;@geloraco Nadiem.mentri salah pilih. Biasa ngurus. Gojek malah ngurus pendidikan. Yg bego yg mengangkstnya;1.83301e+18;;geloraco;in;;0.0;1.0;0.0;https://x.com/undefined/status/1833009986953216310;1.79306e+18;;nadiem tri salah pilih biasa ngurus gojek malah ngurus didik bego mengangkstnya;negatif
kurikulum-merdeka_16.csv;1.83295e+18;Mon Sep 09 05:11:00 +0000 2024;0.0;@geloraco https://t.co/DZYJuhFgxk;1.83301e+18;https://pbs.twimg.com/media/GXApDS6asAATGQQ.jpg;geloraco;qme;;0.0;0.0;0.0;https://x.com/undefined/status/1833010192453357718;1.81754e+18;;;netral
kurikulum-merdeka_16.csv;1.83295e+18;Mon Sep 09 10:49:57 +0000 2024;0.0;@geloraco Hati2 pak JK dia udah diberkati paus loh .........lihat kemaren kan........;1.8331e+18;;geloraco;in;;0.0;0.0;0.0;https://x.com/undefined/status/1833095494555541761;1.58555e+18;;hati pak jk dia kati paus loh lihat kemaren;netral
kurikulum-merdeka_16.csv;1.83295e+18;Mon Sep 09 11:42:08 +0000 2024;0.0;@geloraco Maksud JK pelajaran agama di hilangkan dari kurikulum sekolah.;1.83311e+18;;geloraco;in;;0.0;0.0;0.0;https://x.com/undefined/status/1833108626418040975;2858263997.0;;maksud jk ajar agama hilang kurikulum sekolah;netral
kurikulum-merdeka_16.csv;1.83295e+18;Mon Sep 09 14:18:47 +0000 2024;0.0;@geloraco Pak JK luar biasa hati nurani dan akal sehatnya terus menyala menyuarakan tentang kondisi bangsa yang sedang tidak baik baik saja.;1.83315e+18;;geloraco;in;;0.0;0.0;0.0;https://x.com/undefined/status/1833148047657996486;1.74794e+18;;pak jk luar biasa hati nurani akal sehat terus nyala suara tentang kondisi bangsa sedang baik baik;positif
kurikulum-merdeka_16.csv;1.83295e+18;Mon Sep 09 15:02:59 +0000 2024;0.0;@geloraco Wajarlah.... Wong menterinya bisnisman pendidikanpun dijadikan model bisnis.;1.83316e+18;;geloraco;in;;0.0;0.0;0.0;https://x.com/undefined/status/1833159173166739623;1.60377e+18;;wajar wong menteri bisnisman didik jadi model bisnis;netral
kurikulum-merdeka_16.csv;1.83295e+18;Mon Sep 09 17:57:10 +0000 2024;0.0;@geloraco @nadiemmakarim : Lagi narik ojol ya pak? Koq gak ada suaranya ke pers? @DPR_RI @Kemdikbud_RI @Pak_JK;1.8332e+18;;geloraco;in;;0.0;0.0;0.0;https://x.com/undefined/status/1833203003907777016;244416359.0;;narik ojol pak koq gak ada suara pers;netral
kurikulum-merdeka_16.csv;1.83295e+18;Mon Sep 09 18:06:44 +0000 2024;0.0;@geloraco Terutama UKT mahal sekali;1.83321e+18;;geloraco;in;;0.0;0.0;0.0;https://x.com/undefined/status/1833205414927995205;4779772152.0;;utama ukt mahal sekali;netral
kurikulum-merdeka_16.csv;1.83295e+18;Tue Sep 10 00:24:37 +0000 2024;0.0;@geloraco Maaf Pak JK mantan tukang ojek. Saya yakin waktu diangkat jd mentri pun mungkin....;1.8333e+18;;geloraco;in;;0.0;0.0;0.0;https://x.com/undefined/status/1833300511447232737;1.809e+18;;maaf pak jk mantan tukang ojek saya yakin waktu angkat jd tri mungkin;netral
kurikulum-merdeka_16.csv;1.83295e+18;Tue Sep 10 00:24:48 +0000 2024;0.0;@geloraco Itulah agenda rezim Mulyono atau Jokowi membuat masyarakat bodoh dan terbelakang. Mereka telah membuat kurikulum merdeka yaitu merdeka utk jadi bodoh merdeka tidak belajar merdeka dari bimbingan guru dan merdeka segalanya. Itulah misi komunis atau PKI gaya baru.;1.8333e+18;;geloraco;in;;0.0;0.0;0.0;https://x.com/undefined/status/1833300556234035327;2331235970.0;;itu agenda rezim mulyono jokowi buat masyarakat bodoh belakang mereka telah buat kurikulum merdeka yaitu merdeka utk bodoh merdeka ajar merdeka bimbing guru merdeka segala itu misi komunis pki gaya baru;netral
kurikulum-merdeka_16.csv;1.83295e+18;Tue Sep 10 00:52:15 +0000 2024;0.0;@geloraco Iq negri ini kan emang paling jongkok di asen.tentunya ada peran mendikbud nya tuh.;1.83331e+18;;geloraco;in;;0.0;0.0;0.0;https://x.com/undefined/status/1833307463095025933;1.6628e+18;;iq negri emang paling jongkok asen tentu ada peran mendikbud tuh;netral
kurikulum-merdeka_16.csv;1.83295e+18;Tue Sep 10 01:05:53 +0000 2024;0.0;@geloraco PENDIDIKAN SAAT INI MENGGUNAKAN KURIKULUM GOJEK;1.83331e+18;;geloraco;in;;0.0;0.0;0.0;https://x.com/undefined/status/1833310894484558063;1.78291e+18;;didik saat guna kurikulum gojek;netral
kurikulum-merdeka_16.csv;1.83295e+18;Tue Sep 10 02:15:27 +0000 2024;0.0;@geloraco Konspirasi global blok cina dan amerika melalui kaki tangannya para elit politik dan pejabat negara. Agar rakyat indonesia ini jangan sampai berpendidikan tinggi lbh dari 5%. Jadi mulai dari level paling bawah hingga perguruan tinggi harus dilemahkan.;1.83333e+18;;geloraco;in;;0.0;0.0;0.0;https://x.com/undefined/status/1833328404390879537;1.70717e+18;;konspirasi global blok cina amerika lalu kaki tangan para elit politik jabat negara agar rakyat indonesia jangan sampai didik tinggi lbh mulai level paling bawah hingga guru tinggi harus lemah;negatif
kurikulum-merdeka_16.csv;1.83295e+18;Tue Sep 10 04:34:50 +0000 2024;0.0;@geloraco Kurikulumnya anya utk merusak akhlak d membodohi anak2 bgsa mulyono demen org2 sperti ini;1.83336e+18;;geloraco;in;;0.0;0.0;0.0;https://x.com/undefined/status/1833363480545792238;1.75215e+18;;kurikulum anya utk rusak akhlak d bodoh anak bgsa mulyono demen org sperti;netral
kurikulum-merdeka_16.csv;1.83295e+18;Mon Sep 09 03:30:37 +0000 2024;0.0;@geloraco DPRD sementara bilang Heru gercep beresin masalah warga https://t.co/xxLfgCrWSs;1.83298e+18;;geloraco;in;;0.0;0.0;0.0;https://x.com/undefined/status/1832984932035055957;2258028973.0;;dprd sementara bilang heru gercep resin masalah warga;negatif
kurikulum-merdeka_16.csv;1.83295e+18;Mon Sep 09 04:22:16 +0000 2024;0.0;@geloraco Demokrat anggap Heru Budi pemimpin mentereng masa jabatan mesti diperpanjang https://t.co/g60HEmPPrT;1.833e+18;;geloraco;in;;0.0;0.0;0.0;https://x.com/undefined/status/1832997929310879995;1.75199e+18;;demokrat anggap heru budi pimpin mentereng masa jabat mesti panjang;netral
kurikulum-merdeka_16.csv;1.83295e+18;Mon Sep 09 04:42:49 +0000 2024;0.0;@geloraco Heru dapet pujian dari pimpinan sementara DPRD soal urus warga https://t.co/YqzF4Ymhb9;1.833e+18;;geloraco;in;;0.0;0.0;0.0;https://x.com/undefined/status/1833003102833955160;1.75199e+18;;heru dapet puji pimpin sementara dprd soal urus warga;netral
kurikulum-merdeka_16.csv;1.83295e+18;Mon Sep 09 05:25:10 +0000 2024;0.0;@geloraco Heru dinilai hebat oleh DPRD DKI dalam tangani masalah warga https://t.co/9d4SbMv2l0;1.83301e+18;;geloraco;in;;0.0;0.0;0.0;https://x.com/undefined/status/1833013760245866879;1.75199e+18;;heru nilai hebat oleh dprd dki dalam tangan masalah warga;netral
kurikulum-merdeka_16.csv;1.83295e+18;Mon Sep 09 07:41:30 +0000 2024;0.0;@geloraco Yup betul. 5 tahun benar2 waktu yg sia2 di dunia pendidikan;1.83305e+18;;geloraco;in;;0.0;0.0;0.0;https://x.com/undefined/status/1833048067521810730;1.48798e+18;;yup betul tahun benar waktu sia dunia didik;netral
kurikulum-merdeka_16.csv;1.83295e+18;Mon Sep 09 13:01:39 +0000 2024;0.0;@geloraco BOHIR MULAI NONGOL https://t.co/dlZDLGGdMy;1.83313e+18;https://pbs.twimg.com/media/GXCUx8saUAAuy_n.jpg;geloraco;in;;0.0;0.0;0.0;https://x.com/undefined/status/1833128636792410229;1.43091e+18;;bohir mulai nongol;netral
kurikulum-merdeka_16.csv;1.83295e+18;Mon Sep 09 18:13:42 +0000 2024;0.0;@geloraco @nadiemmakarim bisa klimpungan di semprot pak Yusuf Kalla;1.83321e+18;;geloraco;in;;0.0;0.0;0.0;https://x.com/undefined/status/1833207168465834176;1.78013e+18;;bisa klimpungan semprot pak yusuf kalla;netral
kurikulum-merdeka_16.csv;1.83295e+18;Mon Sep 09 21:05:10 +0000 2024;0.0;@geloraco Kok baru skrng pak kemana aja 5tHun;1.83325e+18;;geloraco;in;;0.0;0.0;0.0;https://x.com/undefined/status/1833250315849871367;85517554.0;;baru skrng pak mana thun;netral
kurikulum-merdeka_16.csv;1.83295e+18;Tue Sep 10 08:27:53 +0000 2024;0.0;@geloraco Heru Budi Hatono uji coba makan bergizi gratis di SD-SMP Jakarta anak-anak pada suka dan habis sebulan https://t.co/suTmkPMLtr;1.83342e+18;;geloraco;in;;0.0;0.0;0.0;https://x.com/undefined/status/1833422129519595814;1.75199e+18;;heru budi hatono uji coba makan gizi gratis sd smp jakarta anak anak suka habis bulan;netral
kurikulum-merdeka_17.csv;1.84543e+18;Sun Oct 13 15:56:09 +0000 2024;38.0;@zanatul_91 di TK dilarang Calistung tpi kelas 1 SD soal MTK nya kek soal tes CPNS. memang udah sesakit itu sistem pendidikan di Indonesia;1.84549e+18;;zanatul_91;in;;0.0;2.0;11.0;https://x.com/undefined/status/1845493738065510707;154057896.0;;tk larang calistung tpi kelas sd soal mtk kek soal tes cpns memang sakit sistem didik indonesia;netral
kurikulum-merdeka_17.csv;1.84543e+18;Sun Oct 13 12:59:21 +0000 2024;22.0;@zanatul_91 Jangankan SMA mas. SMP saja sudah amburadul.;1.84545e+18;;zanatul_91;in;;1.0;1.0;0.0;https://x.com/undefined/status/1845449243500347882;1175628738.0;;jangan sma mas smp amburadul;negatif
kurikulum-merdeka_17.csv;1.84543e+18;Sun Oct 13 12:11:48 +0000 2024;17.0;@zanatul_91 Guru gembul dong abis nonton debatnya yg di UI kemaren ya kang iman? tapi jadi makin yakin sih guru gembul emang ngawur karena ngomong ngawur tanpa dasar refrensinya apa ;1.84544e+18;;zanatul_91;in;;0.0;1.0;1.0;https://x.com/undefined/status/1845437277108920387;129431559.0;;guru gembul abis nonton debat ui kemaren kang iman tapi makin yakin sih guru gembul emang ngawur ngomong ngawur tanpa dasar refrensinya;negatif
kurikulum-merdeka_17.csv;1.84543e+18;Sun Oct 13 15:34:35 +0000 2024;15.0;@zanatul_91 Setelah 20 Oktober semua yg berbau merdeka akan berakhir berganti kurikulum yg baru sesuai dengan keinginan menteri yg baru..lagian nomenklatur yg ada nti akan dipecah jadi 2 Dikti sendiri pendidikan dasar sendiri;1.84549e+18;;zanatul_91;in;;0.0;2.0;0.0;https://x.com/undefined/status/1845488310736871639;62835397.0;;telah oktober semua bau merdeka akhir ganti kurikulum baru sesuai ingin menteri baru lagi nomenklatur ada nti pecah dikti sendiri didik dasar sendiri;netral
kurikulum-merdeka_17.csv;1.84543e+18;Sun Oct 13 12:59:36 +0000 2024;13.0;@zanatul_91 rvisi Pak bukan kurikulum SD lbih cocok untuk kurikulum PAUD..mnyenangkan sih walo nanti akan menghasilkan anak b*d*h tdk bisa baca-tulis hitung...apalg sains anak yg mental lemah ngambek ngeluh buktinya bnyk mahasiswa diberbagai univ yg bunuh diri..yg pntng menterinya kaya;1.84545e+18;;zanatul_91;in;;0.0;1.0;0.0;https://x.com/undefined/status/1845449309564829750;3244335422.0;;rvisi pak bukan kurikulum sd lbih cocok kurikulum paud mnyenangkan sih walo nanti hasil anak b d h bisa baca tulis hitung apalg sains anak mental lemah ngambek ngeluh bukti bnyk mahasiswa bagai univ bunuh diri pntng menteri kaya;negatif
kurikulum-merdeka_17.csv;1.84543e+18;Sun Oct 13 14:15:03 +0000 2024;5.0;@zanatul_91 Dan jg perbanyak konten bang. Apapun kontenya yg ptg bisa di unggah.;1.84547e+18;;zanatul_91;in;;0.0;1.0;0.0;https://x.com/undefined/status/1845468295497121989;473712334.0;;banyak konten bang apa konte ptg bisa unggah;netral
kurikulum-merdeka_17.csv;1.84543e+18;Sun Oct 13 15:44:10 +0000 2024;4.0;@zanatul_91 @Guru_PNS YaAllah pak kalau ngomong suka bener https://t.co/q7hcZwDW6U;1.84549e+18;https://pbs.twimg.com/tweet_video_thumb/GZyABXia0AA6cXH.jpg;zanatul_91;in;;0.0;1.0;0.0;https://x.com/undefined/status/1845490721895395665;1.46968e+18;;yaallah pak kalau ngomong suka bener;netral
kurikulum-merdeka_17.csv;1.84543e+18;Sun Oct 13 16:04:09 +0000 2024;4.0;@zanatul_91 Pas amat twit ini lewat dimana saya besok pendampingan individu cgp yg ada ice breakingnya;1.8455e+18;;zanatul_91;in;;0.0;1.0;0.0;https://x.com/undefined/status/1845495752698798517;1.65373e+18;;pas amat twit lewat mana saya besok damping individu cgp ada ice breakingnya;netral
kurikulum-merdeka_17.csv;1.84543e+18;Wed Oct 16 01:14:23 +0000 2024;1.0;@zanatul_91 Astaga.. kalimat terakhirnya ;1.84636e+18;;zanatul_91;in;;0.0;1.0;0.0;https://x.com/undefined/status/1846358999744254367;1.60449e+18;;astaga kalimat akhir;netral
kurikulum-merdeka_17.csv;1.84543e+18;Mon Oct 14 10:28:11 +0000 2024;0.0;@zanatul_91 Bisa dibayangkan Merdeka Belajar Kampus Merdeka ;1.84577e+18;;zanatul_91;in;;0.0;1.0;0.0;https://x.com/undefined/status/1845773590957903942;61719366.0;;bisa bayang merdeka ajar kampus merdeka;netral
kurikulum-merdeka_17.csv;1.84543e+18;Sun Oct 13 11:41:23 +0000 2024;1.0;@zanatul_91 ngeri.. cemas...;1.84543e+18;;zanatul_91;in;;0.0;0.0;0.0;https://x.com/undefined/status/1845429623531897050;1.28212e+18;;ngeri cemas;netral
kurikulum-merdeka_17.csv;1.84543e+18;Sun Oct 13 12:34:04 +0000 2024;1.0;@zanatul_91 @_screenshoter;1.84544e+18;;zanatul_91;qam;;0.0;1.0;0.0;https://x.com/undefined/status/1845442884465721852;1.3004e+18;;;netral
kurikulum-merdeka_17.csv;1.84543e+18;Sun Oct 13 12:56:21 +0000 2024;1.0;@zanatul_91 ;1.84545e+18;;zanatul_91;qme;;0.0;0.0;0.0;https://x.com/undefined/status/1845448492199837873;1.2592e+18;;;netral
kurikulum-merdeka_17.csv;1.84543e+18;Sun Oct 13 13:03:53 +0000 2024;1.0;@zanatul_91 This!!!!!;1.84545e+18;;zanatul_91;en;;0.0;0.0;0.0;https://x.com/undefined/status/1845450387857473993;1.64514e+18;;this;netral
kurikulum-merdeka_17.csv;1.84543e+18;Sun Oct 13 22:03:05 +0000 2024;1.0;@zanatul_91 Saya baru tahu kondisi pendidikan menengah kita. Sememelas itu ya? Kayaknya model merdeka belajar spt itu lebih cocok buat anak TK atau pelatihan orang dewasa bukan anak² SMP/SMA. Kalaupun mau cukup sekali/semester. Rasanya anak saya di SMA-nya melakukan P5 cuma sekali/smt;1.84559e+18;;zanatul_91;in;;0.0;0.0;0.0;https://x.com/undefined/status/1845586078327332949;873663181.0;;saya baru tahu kondisi didik tengah kita memelas kayak model merdeka ajar spt lebih cocok buat anak tk latih orang dewasa bukan anak smp sma kalaupun mau cukup sekali semester rasa anak saya sma laku p cuma sekali smt;netral
kurikulum-merdeka_17.csv;1.84543e+18;Sun Oct 13 23:43:45 +0000 2024;1.0;@zanatul_91 guru lebih pusing mikir ice breaking sama nyanyi-nyanyian. lebih memudahkan emg tapi pas ujian baru kerasa. akhirnya guru bikin kisi-kisi dan anak belajar dr situ ;1.84561e+18;;zanatul_91;in;;0.0;1.0;0.0;https://x.com/undefined/status/1845611413936713926;1.32314e+18;;guru lebih pusing mikir ice breaking sama nyanyi nyanyi lebih mudah emg tapi pas uji baru rasa akhir guru bikin kisi kisi anak ajar situ;positif
kurikulum-merdeka_17.csv;1.84543e+18;Mon Oct 14 10:48:46 +0000 2024;1.0;@zanatul_91 P5 SMP gak ada gunanya sementara ini. Akselerasi literasi dan numerasi sulit di pecut. Eh muncul p5 yg justru bikin materi pengayaan sulit disampaikan karna waktu terpotong p5. Padahal sudah saja p5 itu di integrasikan di masing masing mapel. Amburadul!;1.84578e+18;;zanatul_91;in;;0.0;1.0;0.0;https://x.com/undefined/status/1845778772286644416;272479882.0;;p smp gak ada guna sementara akselerasi literasi numerasi sulit pecut eh muncul p justru bikin materi kaya sulit sampai karna waktu potong p padahal p integrasi masing masing mapel amburadul;negatif
kurikulum-merdeka_17.csv;1.84543e+18;Mon Oct 14 19:22:31 +0000 2024;1.0;"@zanatul_91 Pendidikan jangan dibikin mainan. Kita sdh kehilangan 5 tahun yang berharga. Kemendikbud harus tgg jawab menteri juga dirjen dan DPR. Pakar &amp; pemerhati kok semua mendadak ompong . Apa takut hilang jabatan &amp; periuk nasi. Anak2 nilai rapot tinggi tapi isinya kosong.";1.84591e+18;;zanatul_91;in;;0.0;0.0;0.0;https://x.com/undefined/status/1845908062009201036;377724465.0;;didik jangan bikin main kita hilang tahun harga kemendikbud harus tgg jawab menteri dirjen dpr pakar amp perhati semua dadak ompong takut hilang jabat amp periuk nasi anak nilai rapot tinggi tapi isi kosong;netral
kurikulum-merdeka_17.csv;1.84543e+18;Sun Oct 13 12:11:03 +0000 2024;0.0;@zanatul_91 Guru gembul ngomong apa aja tapi ngawur ya?;1.84544e+18;;zanatul_91;in;;0.0;1.0;0.0;https://x.com/undefined/status/1845437090168963461;1633998210.0;;guru gembul ngomong tapi ngawur;negatif
kurikulum-merdeka_17.csv;1.84543e+18;Sun Oct 13 14:34:48 +0000 2024;0.0;@zanatul_91 hahaa...;1.84547e+18;;zanatul_91;tl;;0.0;0.0;0.0;https://x.com/undefined/status/1845473264543637767;1.56571e+18;;hahaa;netral
kurikulum-merdeka_17.csv;1.84543e+18;Sun Oct 13 23:00:14 +0000 2024;0.0;@zanatul_91 Betul;1.8456e+18;;zanatul_91;en;;0.0;0.0;0.0;https://x.com/undefined/status/1845600463242309643;122927423.0;;betul;netral
kurikulum-merdeka_17.csv;1.84543e+18;Mon Oct 14 00:36:02 +0000 2024;0.0;@zanatul_91 Premisnya aneh ya Bang.;1.84562e+18;;zanatul_91;in;;0.0;0.0;0.0;https://x.com/undefined/status/1845624573360033813;15580664.0;;premis aneh bang;negatif
kurikulum-merdeka_17.csv;1.84543e+18;Mon Oct 14 02:36:18 +0000 2024;0.0;@zanatul_91 Yang lebih parah Mas siswa SMK juga harus diikuti passion belajarnya ala anak Sekolah C*k*l.;1.84565e+18;;zanatul_91;in;;0.0;0.0;0.0;https://x.com/undefined/status/1845654836592988250;9571192.0;;lebih parah mas siswa smk harus ikut passion ajar ala anak sekolah c k l;negatif
kurikulum-merdeka_17.csv;1.84543e+18;Mon Oct 14 03:54:14 +0000 2024;0.0;@zanatul_91 mon maap guru penggerak ini temennya guru gembul yah?;1.84567e+18;;zanatul_91;in;;0.0;0.0;0.0;https://x.com/undefined/status/1845674449191727218;1.83747e+18;;mon maap guru gerak temennya guru gembul yah;netral
kurikulum-merdeka_17.csv;1.84543e+18;Mon Oct 14 05:12:35 +0000 2024;0.0;@zanatul_91 Guru gembul itu cerdas hanya org bego sj yg bilang dia ngawur;1.84569e+18;;zanatul_91;in;;0.0;0.0;0.0;https://x.com/undefined/status/1845694167890145464;1.79391e+18;;guru gembul cerdas hanya org bego sj bilang dia ngawur;netral
kurikulum-merdeka_17.csv;1.84543e+18;Mon Oct 14 05:24:09 +0000 2024;0.0;@zanatul_91 Pebisnis disuruh ngurus kurikulum ya jadinya gitu. Kurikulum yg lebih cocok buat tempat les atau daycare daripada sekolah.;1.8457e+18;;zanatul_91;in;;0.0;0.0;0.0;https://x.com/undefined/status/1845697077113930023;110022231.0;;bisnis suruh ngurus kurikulum jadi begitu kurikulum lebih cocok buat tempat les daycare daripada sekolah;netral
kurikulum-merdeka_17.csv;1.84543e+18;Mon Oct 14 05:33:05 +0000 2024;0.0;@zanatul_91 Apalagi SMK... Beuh... Merdeka beneran..;1.8457e+18;;zanatul_91;in;;0.0;0.0;0.0;https://x.com/undefined/status/1845699326720557407;7.98424e+17;;apalagi smk beuh merdeka beneran;netral
kurikulum-merdeka_17.csv;1.84543e+18;Mon Oct 14 05:44:14 +0000 2024;0.0;@zanatul_91 Sangat setuju sekali gurunya emang harus difilter lagi;1.8457e+18;;zanatul_91;in;;0.0;0.0;0.0;https://x.com/undefined/status/1845702132647047677;405975415.0;;sangat tuju sekali guru emang harus filter;netral
kurikulum-merdeka_17.csv;1.84543e+18;Mon Oct 14 06:00:53 +0000 2024;0.0;@zanatul_91 Ice breaking ngonten. Hdeuh;1.84571e+18;;zanatul_91;in;;0.0;0.0;0.0;https://x.com/undefined/status/1845706324082110606;1.25682e+18;;ice breaking ngonten hdeuh;netral
kurikulum-merdeka_17.csv;1.84543e+18;Mon Oct 14 07:27:25 +0000 2024;0.0;@zanatul_91 Menyala abangku;1.84573e+18;;zanatul_91;in;;0.0;0.0;0.0;https://x.com/undefined/status/1845728100371558677;504106223.0;;nyala abang;netral
kurikulum-merdeka_18.csv;1.84857e+18;Tue Oct 22 05:38:50 +0000 2024;5.0;@geloraco @Margono_eMGe Ganti menteri ganti kebijakan kembalikan pola Penerimaan Siswa baru ke era sblm Nadiem Penataran P4 bila perlu diadakan kembali.;1.8486e+18;;geloraco;in;;0.0;0.0;0.0;https://x.com/undefined/status/1848599877770743831;1.44437e+18;;ganti menteri ganti bijak kembali pola terima siswa baru era sblm nadiem natar p bila perlu ada kembali;netral
kurikulum-merdeka_18.csv;1.84857e+18;Tue Oct 22 06:32:50 +0000 2024;4.0;@geloraco Praktek zonasi juga banyak merugikan calon siswa utk tingkatan SMP ada jalur Prestasi Pindah Tugas Nilai Raport Zonasi dan Afirmasi sama juga yang SMA cuma prakteknya di SMA nilai Raport masih juga pakai Zonasi yang diperlebar di kota yg berbatasan saja gmana yg luar kota?;1.84861e+18;;geloraco;in;;0.0;0.0;0.0;https://x.com/undefined/status/1848613465772228973;1.53324e+18;;praktek zonasi banyak rugi calon siswa utk tingkat smp ada jalur prestasi pindah tugas nilai raport zonasi afirmasi sama sma cuma praktek sma nilai raport masih pakai zonasi lebar kota batas gmana luar kota;netral
kurikulum-merdeka_18.csv;1.84857e+18;Tue Oct 22 08:25:44 +0000 2024;2.0;@geloraco Harus dievaluasi semuanya pak ;1.84864e+18;;geloraco;in;;0.0;0.0;0.0;https://x.com/undefined/status/1848641876993482932;4157774538.0;;harus evaluasi semua pak;netral
kurikulum-merdeka_18.csv;1.84857e+18;Tue Oct 22 15:19:48 +0000 2024;2.0;@geloraco Nih gara gara Nad**m kontol emang pendidikan di Indonesia berantakan. Bocah SMP aja orang bisa ngitung kacau bener itu menteri kgk becus;1.84875e+18;;geloraco;in;;0.0;0.0;0.0;https://x.com/undefined/status/1848746080370102290;1.50661e+18;;nih gara gara nad m kontol emang didik indonesia beranta bocah smp orang bisa ngitung kacau bener menteri kgk becus;negatif
kurikulum-merdeka_18.csv;1.84857e+18;Tue Oct 22 10:11:17 +0000 2024;1.0;@geloraco Mantab biar mutu pendidikan bs kembali bersaing;1.84867e+18;;geloraco;in;;0.0;0.0;0.0;https://x.com/undefined/status/1848668442678989114;9.2859e+17;;mantab biar mutu didik bs kembali saing;netral
kurikulum-merdeka_18.csv;1.84857e+18;Tue Oct 22 12:20:49 +0000 2024;1.0;@geloraco Kerjanya ganti kurikulum aja bgt terus sampai kiamat.;1.8487e+18;;geloraco;in;;0.0;0.0;0.0;https://x.com/undefined/status/1848701039643672915;1.70558e+18;;kerja ganti kurikulum bgt terus sampai kiamat;netral
kurikulum-merdeka_18.csv;1.84857e+18;Tue Oct 22 15:06:38 +0000 2024;1.0;@geloraco UN itu wajib harus ada lagi sebagai salah satu seleksi untuk masuk ke jenjang berikutnya;1.84874e+18;;geloraco;in;;0.0;0.0;0.0;https://x.com/undefined/status/1848742766232363173;1.30392e+18;;un wajib harus ada bagai salah satu seleksi masuk jenjang ikut;negatif
kurikulum-merdeka_18.csv;1.84857e+18;Wed Oct 23 04:00:30 +0000 2024;1.0;@geloraco Siswa wajib naik kelas ga ada UN tidak ada sistem ranking ga ada nilai standar kkm bikin banyak anak sepele dengan belajar.. Iya poin2 itu emang pro kontra tapi layak dipertimbangkan lagi.. ditambah satu lagi PR besar... banyak anak yang nir adab ke guru;1.84894e+18;;geloraco;in;;0.0;0.0;0.0;https://x.com/undefined/status/1848937516029907203;446026848.0;;siswa wajib naik kelas ada un ada sistem ranking ada nilai standar kkm bikin banyak anak sepele ajar poin emang pro kontra tapi layak timbang tambah satu pr besar banyak anak nir adab guru;netral
kurikulum-merdeka_18.csv;1.84857e+18;Tue Oct 22 11:59:20 +0000 2024;0.0;@geloraco Halaaah arep mendikbud ko kamadiyah yo podo wae wong indonesia ki ora oleh do pinter2 karo sing motangi duit disetir;1.8487e+18;;geloraco;in;;0.0;0.0;0.0;https://x.com/undefined/status/1848695630526616022;1350861338.0;;halah arep mendikbud ko kamadiyah yo podo wae wong indonesia ki ora oleh do pinter karo sing motangi duit setir;netral
kurikulum-merdeka_18.csv;1.84857e+18;Tue Oct 22 16:26:33 +0000 2024;0.0;@geloraco Peniadaan un buat anak indo malas;1.84876e+18;;geloraco;in;;0.0;0.0;0.0;https://x.com/undefined/status/1848762878217896348;85517554.0;;tiada un buat anak indo malas;negatif
kurikulum-merdeka_19.csv;1.83739e+18;Sat Sep 21 07:27:16 +0000 2024;3.0;@Heraloebss Udah disentil dulu klo gatau sama guru ya miss ;1.83739e+18;;Heraloebss;in;;0.0;1.0;0.0;https://x.com/undefined/status/1837393140715868318;1.55568e+18;;sentil dulu kalau gatau sama guru miss;netral
kurikulum-merdeka_19.csv;1.83739e+18;Sat Sep 21 07:38:51 +0000 2024;1.0;@Heraloebss Iya yah.. Kok parah2 sih generasi sekarang. Gak tau juga kurikulum Nadiem itu seperti apa? Dulu zaman2 gue ada cerdas cermat dan sebagainya..;1.8374e+18;;Heraloebss;in;;0.0;0.0;1.0;https://x.com/undefined/status/1837396054222033242;397966748.0;;yah parah sih generasi sekarang gak tau kurikulum nadiem seperti dulu zaman saya ada cerdas cermat bagai;positif
kurikulum-merdeka_19.csv;1.83739e+18;Sat Sep 21 11:18:10 +0000 2024;2.0;@Heraloebss Kalau diangan2 lg saya heran juga duluwaktu sd kok bisa hafal butir2 pancasila yang segitu banyaknya. Ditambah harus hafal 27 propinsi beserta nama baju adat tari rumah adat lagu daerahnya serta penghasilan SDA di daerah tersebut. Intinya RPUL dan RPAL harus diluar kepala ;1.83745e+18;;Heraloebss;in;;0.0;0.0;0.0;https://x.com/undefined/status/1837451246904791429;1.38269e+18;;kalau diang lg saya heran duluwaktu sd bisa hafal butir pancasila segitu banyak tambah harus hafal propinsi serta nama baju adat tari rumah adat lagu daerah serta hasil sda daerah sebut inti rpul rpal harus luar kepala;netral
kurikulum-merdeka_19.csv;1.83739e+18;Sat Sep 21 07:35:06 +0000 2024;1.0;@Heraloebss Amberadul sampai nama ibu kota daerah aja bnyk yg gak tau ;1.8374e+18;;Heraloebss;in;;0.0;0.0;0.0;https://x.com/undefined/status/1837395113875841477;8.92291e+17;;amberadul sampai nama ibu kota daerah bnyk gak tau;netral
kurikulum-merdeka_19.csv;1.83739e+18;Sat Sep 21 08:18:21 +0000 2024;1.0;@Heraloebss Ktanya merdeka belajar miss tp kaga ada itu belajar2nya yg ada anak2 skrg cm asal berangkat sekolah pst naik kelas gapeduli anaknya bs mengikuti pelajaran apa ngga;1.83741e+18;;Heraloebss;in;;1.0;0.0;0.0;https://x.com/undefined/status/1837405995972382842;1.60414e+18;;ktanya merdeka ajar miss tapi kaga ada ajar ada anak skrg cm asal berangkat sekolah pst naik kelas gapeduli anak bs ikut ajar ngga;netral
kurikulum-merdeka_19.csv;1.83739e+18;Sat Sep 21 10:41:21 +0000 2024;1.0;@Heraloebss Sungguh sangat Berhasil mukidi mendidik generasi emas rakyatnya.. mudah mudahan dilanjutkan anaknya fafafufu fufufafa 11 mkmkmkmkmk;1.83744e+18;;Heraloebss;in;;0.0;0.0;0.0;https://x.com/undefined/status/1837441982173794605;1.81599e+18;;sungguh sangat hasil mukidi didik generasi emas rakyat mudah mudah lanjut anak fafafufu fufufafa mkmkmkmkmk;positif
kurikulum-merdeka_19.csv;1.83739e+18;Sat Sep 21 10:41:32 +0000 2024;1.0;@Heraloebss Iya bener sekarang anak2 di tanya dikit soal pengetahuan umum aja jawabanya pada gatau...jd apa yg dipelajari di sekolahannya cobak?;1.83744e+18;;Heraloebss;in;;0.0;0.0;0.0;https://x.com/undefined/status/1837442028122320962;1.16919e+18;;bener sekarang anak tanya dikit soal tahu umum jawabanya gatau jd ajar sekolah cobak;netral
kurikulum-merdeka_19.csv;1.83739e+18;Sat Sep 21 12:06:58 +0000 2024;1.0;@Heraloebss Gurunya pada sok asik bikin konten edukatif muridnya jadi obyek. Tapi mau gimana lagi Memang itu cara mereka mengejawantahkan kurikulumnya. Gemes...;1.83746e+18;;Heraloebss;in;;1.0;0.0;0.0;https://x.com/undefined/status/1837463527579439471;1.19636e+18;;guru sok asik bikin konten edukatif murid obyek tapi mau gimana memang cara mereka ejawantah kurikulum gemes;netral
kurikulum-merdeka_19.csv;1.83739e+18;Sat Sep 21 12:21:04 +0000 2024;1.0;@Heraloebss Hahahaha fir'aun;1.83747e+18;;Heraloebss;tl;;0.0;0.0;0.0;https://x.com/undefined/status/1837467077906415922;1.47084e+18;;hahahaha fir aun;netral
kurikulum-merdeka_19.csv;1.83739e+18;Sat Sep 21 14:59:07 +0000 2024;0.0;@Heraloebss Sedih ya liatnya;1.83751e+18;;Heraloebss;in;;0.0;0.0;0.0;https://x.com/undefined/status/1837506851463696398;1.35862e+18;;sedih liat;netral
kurikulum-merdeka_19.csv;1.83739e+18;Sat Sep 21 19:48:17 +0000 2024;0.0;@Heraloebss Kurikulum si gojek merdeka belajar jadi anak2 gak belajar ;1.83758e+18;;Heraloebss;in;;0.0;0.0;0.0;https://x.com/undefined/status/1837579622869094446;1.77091e+18;;kurikulum gojek merdeka ajar anak gak ajar;netral
kurikulum-merdeka_19.csv;1.83739e+18;Sun Sep 22 02:17:51 +0000 2024;0.0;@Heraloebss Kasihan.....;1.83768e+18;;Heraloebss;in;;0.0;0.0;0.0;https://x.com/undefined/status/1837677660740399282;54099855.0;;kasihan;netral
kurikulum-merdeka_19.csv;1.83739e+18;Sun Sep 22 03:26:42 +0000 2024;0.0;@Heraloebss Sengaja dibikin bodoh ntar kerja ma dia penuhin pundi2 duitnya;1.83769e+18;;Heraloebss;in;;0.0;0.0;0.0;https://x.com/undefined/status/1837694987737485482;120966785.0;;sengaja bikin bodoh ntar kerja ma dia penuhin pundi duit;netral
kurikulum-merdeka_19.csv;1.83739e+18;Sun Sep 22 03:42:04 +0000 2024;0.0;@Heraloebss Lah menterinya sibuk Nge gojek;1.8377e+18;;Heraloebss;in;;0.0;0.0;0.0;https://x.com/undefined/status/1837698854931910795;116670493.0;;menteri sibuk nge gojek;netral
kurikulum-merdeka_19.csv;1.83739e+18;Sun Sep 22 06:08:08 +0000 2024;0.0;@Heraloebss sedih liatnya;1.83774e+18;;Heraloebss;in;;0.0;0.0;0.0;https://x.com/undefined/status/1837735613581480187;1.27461e+18;;sedih liat;netral
kurikulum-merdeka_19.csv;1.83739e+18;Sun Sep 22 06:17:15 +0000 2024;0.0;@Heraloebss Menteri pendidikan sudah berhasil dengan baik.. ;1.83774e+18;;Heraloebss;in;;0.0;0.0;0.0;https://x.com/undefined/status/1837737906829758472;1.75329e+18;;menteri didik hasil baik;positif
kurikulum-merdeka_19.csv;1.83739e+18;Sun Sep 22 16:19:36 +0000 2024;0.0;@Heraloebss Terus di sekolah ngapaiiinnnn ?;1.83789e+18;;Heraloebss;in;;0.0;0.0;0.0;https://x.com/undefined/status/1837889494215020940;543369952.0;;terus sekolah ngapain;netral
kurikulum-merdeka_19.csv;1.83739e+18;Sat Sep 21 23:00:12 +0000 2024;0.0;@Heraloebss Sama aja lah 11-12 skrng gw tanya kelan para tua bangka kurikulum dlu yg skrng jd pejabat2 posisi tinggi kan era kalian yg katanya kurikulum terbaek KOLUSI MASIH GAK? KORUPSI MASIH GAK? NEPOTISME MASIH? SAMA AJA kelan generasi tua bangka generasi gagal juga;1.83763e+18;;Heraloebss;in;;0.0;0.0;0.0;https://x.com/undefined/status/1837627921017852304;1.15267e+18;;sama skrng gw tanya kelan para tua bangka kurikulum dlu skrng jd jabat posisi tinggi era kalian kata kurikulum terbaek kolusi masih gak korupsi masih gak nepotisme masih sama kelan generasi tua bangka generasi gagal;negatif
kurikulum-merdeka_2.csv;1.76354e+18;Fri Mar 01 12:16:57 +0000 2024;6.0;@zanatul_91 Bang nih gue ada produk baru. Gue kasih tester nanti kalo cocok bs kita collabs buat ekspansi se nasional...;1.76354e+18;;zanatul_91;in;;0.0;1.0;0.0;https://x.com/undefined/status/1763538916496535576;714571951.0;;bang nih saya ada produk baru saya kasih tester nanti kalo cocok bs kita collabs buat ekspansi se nasional;netral
kurikulum-merdeka_2.csv;1.76354e+18;Fri Mar 01 12:55:11 +0000 2024;5.0;"@zanatul_91 bukankah kurikulum merdeka ini dulu awal mulanya dari kurikulum prototipe &gt; kurikulum merdeka bagi sekolah PK / CoE &gt; terus banyak yang menggunakan baru mau dipaksakan menjadi kurikulum nasional. Artinya bukan berasal dari guru kan? cmiiw";1.76355e+18;;zanatul_91;in;;0.0;1.0;0.0;https://x.com/undefined/status/1763548539576340946;281039802.0;;bukankah kurikulum merdeka dulu awal mula kurikulum prototipe gt kurikulum merdeka bagi sekolah pk coe gt terus banyak guna baru mau paksa jadi kurikulum nasional arti bukan asal guru cmiiw;netral
kurikulum-merdeka_2.csv;1.76354e+18;Fri Mar 01 12:22:56 +0000 2024;3.0;@zanatul_91 Fungsi PGRI buat permasalahan seperti ini gimana ya?;1.76354e+18;;zanatul_91;in;;0.0;2.0;0.0;https://x.com/undefined/status/1763540423908429871;1.47477e+18;;fungsi pgri buat masalah seperti gimana;negatif
kurikulum-merdeka_2.csv;1.76354e+18;Fri Mar 01 12:20:25 +0000 2024;1.0;@zanatul_91 Kemana PGRI ya Bang? Kok dak pernah bersuara terkait PMM dan Kumer. Giliran batas usia GP malah bersuara GP kan dak untuk semua guru.;1.76354e+18;;zanatul_91;in;;0.0;1.0;0.0;https://x.com/undefined/status/1763539791264784583;189028004.0;;mana pgri bang dak pernah suara kait pmm kumer gilir batas usia gp malah suara gp dak semua guru;netral
kurikulum-merdeka_2.csv;1.76354e+18;Fri Mar 01 21:59:16 +0000 2024;1.0;@zanatul_91 Tanya dong pak. Memangnya kurikulum2 itu diujicoba di sekolah mana sebelum diterapkan ke seluruh Indonesia? Jd penasaran kalau memang ada ujicoba... Kok kadang ga masuk akal beban belajar siswanya spt Kurikulum 2013 yg versi awal (sebelum revisi 2016)...;1.76369e+18;;zanatul_91;in;;0.0;1.0;0.0;https://x.com/undefined/status/1763685461787369702;910650462.0;;tanya pak memang kurikulum diujicoba sekolah mana belum terap seluruh indonesia jd penasaran kalau memang ada ujicoba kadang masuk akal beban ajar siswa spt kurikulum versi awal belum revisi;netral
kurikulum-merdeka_20.csv;1.84761e+18;Sun Oct 20 00:34:45 +0000 2024;462.0;@CakKhum @nadiemmakarim Kurikulum yang dipersiapkan untuk menjadi driver ojol Investasi yang bagus pak @nadiemmakarim;1.8478e+18;;CakKhum;in;;4.0;33.0;61.0;https://x.com/undefined/status/1847798576937914659;47131704.0;;kurikulum siap jadi driver ojol investasi bagus pak;positif
kurikulum-merdeka_20.csv;1.84761e+18;Sat Oct 19 15:35:19 +0000 2024;76.0;@CakKhum @nadiemmakarim Kurikulum merdeka = kurikulum TERGOOBBLOOKK dalam sejarah pendidikan di Indonesia !!! Kurikulum merdeka bikin anak bangsa jadi Goblok Tolol Dungu dan Malas !!!;1.84766e+18;;CakKhum;in;;0.0;11.0;6.0;https://x.com/undefined/status/1847662823440277893;1.60546e+18;;kurikulum merdeka kurikulum tergoobblookk dalam sejarah didik indonesia kurikulum merdeka bikin anak bangsa goblok tolol dungu malas;negatif
kurikulum-merdeka_20.csv;1.84761e+18;Sun Oct 20 01:38:49 +0000 2024;45.0;@CakKhum @nadiemmakarim muataneee 900001 ;1.84781e+18;;CakKhum;in;;0.0;5.0;1.0;https://x.com/undefined/status/1847814698844246124;1.29651e+18;;muatane;netral
kurikulum-merdeka_20.csv;1.84761e+18;Sun Oct 20 04:24:24 +0000 2024;42.0;@CakKhum @nadiemmakarim SLB kah ini?;1.84786e+18;;CakKhum;in;;0.0;8.0;1.0;https://x.com/undefined/status/1847856368503705822;310029816.0;;slb kah;netral
kurikulum-merdeka_20.csv;1.84761e+18;Sat Oct 19 12:08:47 +0000 2024;35.0;"@CakKhum @nadiemmakarim Begini kualitas pendidikan di Konoha makanya S3 bisa Cumlaude dlm 3 semester walau S1 &amp; S2 nya kagak terdaftar di PDDikti. Bye bye pak @nadiemmakarim";1.84761e+18;;CakKhum;in;;0.0;3.0;0.0;https://x.com/undefined/status/1847610847998464175;2338404451.0;;begini kualitas didik konoha makanya s bisa cumlaude dlm semester walau s amp s kagak daftar pddikti bye bye pak;netral
kurikulum-merdeka_20.csv;1.84761e+18;Sun Oct 20 00:51:21 +0000 2024;25.0;@CakKhum @nadiemmakarim Nyalahin kurikulum elu yaa emak bapaknya pada kemana? Ajarin anak2 lu yg bener awasi jgn dia maen hapeee terooss lu diemin. Ya jgn bikiiinnn Mulu tp Asah asih asuh nya ga maooo..;1.8478e+18;;CakKhum;in;;2.0;38.0;1.0;https://x.com/undefined/status/1847802753617469494;893094524.0;;nyalahin kurikulum elu yaa emak bapak mana ajarin anak kamu bener awas jgn dia maen hape terooss kamu diemin jgn bikin mulu tapi asah asih asuh mao;netral
kurikulum-merdeka_20.csv;1.84761e+18;Sun Oct 20 02:56:33 +0000 2024;23.0;@CakKhum @nadiemmakarim Yang penting kan kenal syapa itu Zeuz! Dewa penjaga slot. ;1.84783e+18;;CakKhum;in;;0.0;4.0;0.0;https://x.com/undefined/status/1847834259228414056;242484646.0;;penting kenal syapa zeuz dewa jaga slot;netral
kurikulum-merdeka_20.csv;1.84761e+18;Sun Oct 20 01:47:29 +0000 2024;13.0;@CakKhum @nadiemmakarim Honestly this is exactly what the 'kurikulum-merdeka' is for. It lets teachers focus on each student's needs even beyond the usual curriculum. All it takes is a bit of creativity from the teacher.;1.84782e+18;;CakKhum;en;;0.0;6.0;1.0;https://x.com/undefined/status/1847816879878054070;132909615.0;;honestly this is exactly what the kurikulum merdeka is for it lets teachers focus on each student s needs even beyond the usual curriculum all it takes is a bit of creativity from the teacher;netral
kurikulum-merdeka_20.csv;1.84761e+18;Sun Oct 20 03:27:33 +0000 2024;15.0;@CakKhum @nadiemmakarim Pas belajar angka angka gitu gue rasa sebelum kurikulum merdeka deh . Wkwkwkwkw;1.84784e+18;;CakKhum;in;;0.0;2.0;0.0;https://x.com/undefined/status/1847842061145559510;1.78392e+18;;pas ajar angka angka begitu saya rasa belum kurikulum merdeka wkwkwkwkw;netral
kurikulum-merdeka_20.csv;1.84761e+18;Sun Oct 20 00:19:02 +0000 2024;11.0;@CakKhum @nadiemmakarim Apalagi suruh baca angka 12. 859.256.758.001 dijamin dia bakal nangis dia;1.84779e+18;;CakKhum;in;;0.0;3.0;1.0;https://x.com/undefined/status/1847794619398164653;9.75389e+17;;apalagi suruh baca angka jamin dia bakal nang dia;netral
kurikulum-merdeka_20.csv;1.84761e+18;Sun Oct 20 08:45:31 +0000 2024;9.0;@CakKhum @nadiemmakarim Udahlah kurikulum buat mumet ujian nggak ada dah lah jadi negara goblok ini indonesia;1.84792e+18;;CakKhum;in;;0.0;0.0;1.0;https://x.com/undefined/status/1847922082635763740;1.81065e+18;;udahlah kurikulum buat mumet uji nggak ada negara goblok indonesia;netral
kurikulum-merdeka_20.csv;1.84761e+18;Sun Oct 20 08:52:49 +0000 2024;1.0;@CakKhum @nadiemmakarim Adalagi yg suruh ngitung 15 x 10 https://t.co/STBnhRe236;1.84792e+18;https://pbs.twimg.com/ext_tw_video_thumb/1847923792062087168/pu/img/Eo9y9IQrp7eScjb4.jpg;CakKhum;in;;0.0;5.0;2.0;https://x.com/undefined/status/1847923919921299907;1.08034e+18;;adalagi suruh ngitung x;netral
kurikulum-merdeka_20.csv;1.84761e+18;Sun Oct 20 10:30:00 +0000 2024;4.0;@CakKhum @nadiemmakarim Kurikulum dagang kalo ini 9000-1 (sembilan ribu dapet 1 item);1.84795e+18;;CakKhum;in;;0.0;0.0;0.0;https://x.com/undefined/status/1847948376182231383;50868665.0;;kurikulum dagang kalo sembilan ribu dapet item;netral
kurikulum-merdeka_20.csv;1.84761e+18;Sun Oct 20 00:03:11 +0000 2024;3.0;@CakKhum @nadiemmakarim Ngak habis Fikri sama kurikulum sekarang Di ganti lagi mentrinya di ganti lagi kurikulum nya enakan jaman dulu;1.84779e+18;;CakKhum;in;;0.0;2.0;0.0;https://x.com/undefined/status/1847790632850616757;1.77101e+18;;ngak habis fikri sama kurikulum sekarang ganti tri ganti kurikulum enak jaman dulu;netral
kurikulum-merdeka_20.csv;1.84761e+18;Sun Oct 20 10:37:01 +0000 2024;3.0;"@CakKhum @nadiemmakarim Ga percaya ini paling ya mung konten kebanyakan anak muda pelajar &amp; mahasiswa skrg kan pandai2 &amp; cerdas2 IQnya juga tinggi2 semua";1.84795e+18;;CakKhum;in;;1.0;5.0;0.0;https://x.com/undefined/status/1847950141057274339;1.22143e+18;;percaya paling mung konten banyak anak muda ajar amp mahasiswa skrg pandai amp cerdas iqnya tinggi semua;positif
kurikulum-merdeka_20.csv;1.84761e+18;Sun Oct 20 07:33:30 +0000 2024;2.0;@CakKhum @nadiemmakarim Kenapa nyalahin kurikulum merdeka? Dia sekarang kelas 10. Kurikulum merdeka baru berjalan 3 tahun yg lalu. 3 tahun yg lalu dia masih kelas 7. Untuk menulis angka 9001 itu seharusnya sudah dari SD yg kurikulumnya masih pake K2013.;1.8479e+18;;CakKhum;in;;0.0;2.0;0.0;https://x.com/undefined/status/1847903957286302019;1.17428e+18;;kenapa nyalahin kurikulum merdeka dia sekarang kelas kurikulum merdeka baru jalan tahun lalu tahun lalu dia masih kelas tulis angka harus sd kurikulum masih pake k;netral
kurikulum-merdeka_20.csv;1.84761e+18;Mon Oct 21 08:40:06 +0000 2024;0.0;@CakKhum @nadiemmakarim katanya di Australi yang ga bisa jawab ya gapapa karena kemampuan murid gak sama punya kelebihan masing-masing. Tapi di sana lebih SANTUN ga kayak anak kepala Desa yang Viral.. udah goblok marah2 lagi.... aseem!;1.84828e+18;;CakKhum;in;;0.0;0.0;1.0;https://x.com/undefined/status/1848283106564096435;1.31687e+18;;kata australi bisa jawab gapapa mampu murid gak sama punya lebih masing masing tapi sana lebih santun kayak anak kepala desa viral goblok marah aseem;netral
kurikulum-merdeka_20.csv;1.84761e+18;Sun Oct 20 07:59:47 +0000 2024;1.0;@CakKhum @nadiemmakarim ane juga pernah salah 101.000=seratus seribu harusnya seratus satu ribu;1.84791e+18;;CakKhum;in;;0.0;2.0;0.0;https://x.com/undefined/status/1847910570785460394;1.82259e+18;;ane pernah salah ratus ribu harus ratus satu ribu;negatif
kurikulum-merdeka_20.csv;1.84761e+18;Sun Oct 20 09:05:14 +0000 2024;1.0;@CakKhum @nadiemmakarim Kok bisa orang masih se dungu ini duduk di bangku SMK.;1.84793e+18;;CakKhum;in;;0.0;0.0;0.0;https://x.com/undefined/status/1847927041334866108;1.51058e+18;;bisa orang masih se dungu duduk bangku smk;netral
kurikulum-merdeka_20.csv;1.84761e+18;Sun Oct 20 10:18:21 +0000 2024;1.0;@CakKhum @nadiemmakarim Andai pertanyaan nya di buat seperti game Pasti lebih mudah;1.84795e+18;;CakKhum;in;;0.0;1.0;0.0;https://x.com/undefined/status/1847945445118795796;1.83617e+18;;andai tanya buat seperti game pasti lebih mudah;positif
kurikulum-merdeka_20.csv;1.84761e+18;Sun Oct 20 11:06:44 +0000 2024;1.0;@CakKhum @nadiemmakarim Ngga memihak ke siapa2 sih ya karna hamba bukan anak usia sekolah. Cuma inj anak SMK kan ya kelas 10. Sedangkan tulis menulis itu di ajarkar waktu kelas 1 malahan di TK ada yg udah ngajarin. Nah apakah 10 thn yg lalu (2014) mentri pendidikan nya udah pak nadiem?;1.84796e+18;;CakKhum;in;;0.0;3.0;0.0;https://x.com/undefined/status/1847957618641482181;67542670.0;;ngga pihak siapa sih karna hamba bukan anak usia sekolah cuma inj anak smk kelas sedang tulis tulis ajarkar waktu kelas malah tk ada ngajarin apakah thn lalu tri didik pak nadiem;netral
kurikulum-merdeka_20.csv;1.84761e+18;Sun Oct 20 11:09:09 +0000 2024;1.0;@CakKhum @nadiemmakarim Adaptasi pendidikan korut aja lah semi militer. Yg penting biar belajar bener. Drpd dibebasin kaya Finland pada dongo semua. Kunci kemajuan pendidikan Finland tuh ortu yg juga berpendidikan disana standard cara didik anak udah terbentuk. Lah sini para ortu males ngajarin anak;1.84796e+18;;CakKhum;in;;0.0;0.0;0.0;https://x.com/undefined/status/1847958228115882127;7.32032e+17;;adaptasi didik korut semi militer penting biar ajar bener drpd dibebasin kaya finland dongo semua kunci maju didik finland tuh ortu didik sana standard cara didik anak bentuk sini para ortu males ngajarin anak;netral
kurikulum-merdeka_20.csv;1.84761e+18;Sun Oct 20 12:29:26 +0000 2024;1.0;@CakKhum @Android_AK_47 @nadiemmakarim Tenang bro yg jadi presiden 10 tahun aja sekolahnya gak jelas n ijazahnya gak jelas tapi bisa nipu rakyat se Indonesia;1.84798e+18;;CakKhum;in;;0.0;0.0;0.0;https://x.com/undefined/status/1847978433147818072;1.60695e+18;;tenang bro presiden tahun sekolah gak jelas n ijazah gak jelas tapi bisa nipu rakyat se indonesia;netral
kurikulum-merdeka_20.csv;1.84761e+18;Sun Oct 20 19:11:55 +0000 2024;1.0;@CakKhum @nadiemmakarim HASIL KURIKULUM MERDEKA;1.84808e+18;;CakKhum;in;;0.0;0.0;0.0;https://x.com/undefined/status/1848079719868280959;60640814.0;;hasil kurikulum merdeka;netral
kurikulum-merdeka_20.csv;1.84761e+18;Sun Oct 20 19:36:25 +0000 2024;1.0;@CakKhum @nadiemmakarim kalau guru gw udah diantukan kepala di papan tulis itu. ga ada yg berani ngadu emak karna takut dimarahin 2x dimarahin guru + emak juga dirumah pantas lah kau diantukan kepala kau dengan gurumu itu ;1.84809e+18;;CakKhum;in;;0.0;0.0;0.0;https://x.com/undefined/status/1848085886724182504;1.51411e+18;;kalau guru gw antuk kepala papan tulis ada berani ngadu emak karna takut dimarahin x dimarahin guru emak rumah pantas kau antuk kepala kau guru;netral
kurikulum-merdeka_20.csv;1.84761e+18;Mon Oct 21 03:24:27 +0000 2024;1.0;@CakKhum @nadiemmakarim Bukan salah genZ tapi kurikulum lah yg membuat genZ jadi b390 lemah pemalas.;1.8482e+18;;CakKhum;in;;0.0;0.0;0.0;https://x.com/undefined/status/1848203671412379863;1.84486e+18;;bukan salah genz tapi kurikulum buat genz b lemah malas;negatif
kurikulum-merdeka_20.csv;1.84761e+18;Mon Oct 21 07:31:00 +0000 2024;1.0;@CakKhum @panjianom102 @nadiemmakarim Rusak;1.84827e+18;;CakKhum;in;;0.0;0.0;0.0;https://x.com/undefined/status/1848265714073002036;1.12758e+18;;rusak;netral
kurikulum-merdeka_20.csv;1.84761e+18;Sat Feb 15 11:10:18 +0000 2025;1.0;@CakKhum @nadiemmakarim Inilah generasi cemas Indonesia yang di gadang gadang sebagai bonus demografi ditahun 2045 wkwk;1.89072e+18;;CakKhum;in;;0.0;0.0;0.0;https://x.com/undefined/status/1890720284153352647;1.88566e+18;;ini generasi cemas indonesia gadang gadang bagai bonus demografi tahun;netral
kurikulum-merdeka_20.csv;1.84761e+18;Sat Oct 19 22:33:59 +0000 2024;0.0;@CakKhum @nadiemmakarim Yang ditulis: Sembilan Ratus Ribu Satu.;1.84777e+18;;CakKhum;in;;0.0;1.0;0.0;https://x.com/undefined/status/1847768184012865778;1.63445e+18;;tulis sembilan ratus ribu satu;netral
kurikulum-merdeka_20.csv;1.84761e+18;Sun Oct 20 05:34:30 +0000 2024;0.0;@CakKhum @nadiemmakarim Sudah bagus system seperti dulu dah;1.84787e+18;;CakKhum;in;;0.0;0.0;0.0;https://x.com/undefined/status/1847874011902202249;7.5118e+17;;bagus system seperti dulu;positif
kurikulum-merdeka_20.csv;1.84761e+18;Sun Oct 20 05:35:24 +0000 2024;0.0;@CakKhum @nadiemmakarim Knp pendidikan skrg rusak bgt bahkan byk yg anak smp belum apal pancasila atau ada juga yg belum pintar membaca.. Seharus itu kah naik kelas tp otaknya belum baik;1.84787e+18;;CakKhum;in;;0.0;0.0;0.0;https://x.com/undefined/status/1847874237459251324;1.4928e+18;;knp didik skrg rusak bgt bahkan byk anak smp apal pancasila ada pintar baca harus kah naik kelas tapi otak baik;positif
kurikulum-merdeka_20.csv;1.84761e+18;Sun Oct 20 05:36:24 +0000 2024;0.0;@CakKhum @nadiemmakarim Cucoklah sama wakil yg baru ;1.84787e+18;;CakKhum;in;;0.0;0.0;0.0;https://x.com/undefined/status/1847874487196189156;1.74494e+18;;cucoklah sama wakil baru;netral
kurikulum-merdeka_20.csv;1.84761e+18;Sun Oct 20 05:38:07 +0000 2024;0.0;@CakKhum @nadiemmakarim kayak anak smk sekarang suruh hapalin perkalian sebulan baru bisa nyampe 3;1.84787e+18;;CakKhum;in;;0.0;0.0;0.0;https://x.com/undefined/status/1847874922221359144;1.51751e+18;;kayak anak smk sekarang suruh hapalin kali bulan baru bisa nyampe;netral
kurikulum-merdeka_20.csv;1.84761e+18;Sun Oct 20 05:40:08 +0000 2024;0.0;@CakKhum @nadiemmakarim Dongooooo;1.84788e+18;;CakKhum;eu;;0.0;0.0;0.0;https://x.com/undefined/status/1847875426070515842;1.74804e+18;;dongo;netral
kurikulum-merdeka_20.csv;1.84761e+18;Sun Oct 20 05:40:26 +0000 2024;0.0;@CakKhum @nadiemmakarim Hancur...;1.84788e+18;;CakKhum;in;;0.0;0.0;0.0;https://x.com/undefined/status/1847875501236638111;1.35933e+18;;hancur;netral
kurikulum-merdeka_20.csv;1.84761e+18;Sun Oct 20 05:44:28 +0000 2024;0.0;@CakKhum @nadiemmakarim Gw yakin dia sebenernya bisa cuman panik dan demam panggung jadi begitu;1.84788e+18;;CakKhum;in;;0.0;0.0;0.0;https://x.com/undefined/status/1847876517256450376;321277553.0;;gw yakin dia sebenernya bisa cuman panik demam panggung begitu;netral
kurikulum-merdeka_20.csv;1.84761e+18;Sun Oct 20 05:46:19 +0000 2024;0.0;@CakKhum @nadiemmakarim Kayak CEO kmrn yg bilang twenty thousand sixteen untuk 2016;1.84788e+18;;CakKhum;in;;0.0;0.0;0.0;https://x.com/undefined/status/1847876981918224901;1.60413e+18;;kayak ceo kmrn bilang twenty thousand sixteen;netral
kurikulum-merdeka_20.csv;1.84761e+18;Sun Oct 20 05:46:47 +0000 2024;0.0;@CakKhum @nadiemmakarim Padahal cuman disuruh nulis 9000. Coba disuruh nulis sembilan ribu seratus yaa pegel lah;1.84788e+18;;CakKhum;in;;0.0;0.0;0.0;https://x.com/undefined/status/1847877099400708409;78107609.0;;padahal cuman suruh nulis coba suruh nulis sembilan ribu ratus yaa gel;netral
kurikulum-merdeka_20.csv;1.84761e+18;Sun Oct 20 05:47:26 +0000 2024;0.0;@CakKhum @nadiemmakarim Naha nu kie bisa di taeken nepika ka SMK;1.84788e+18;;CakKhum;in;;0.0;1.0;0.0;https://x.com/undefined/status/1847877263716733079;1.5867e+18;;naha nu kie bisa taeken nepika ka smk;netral
kurikulum-merdeka_20.csv;1.84761e+18;Sun Oct 20 06:13:32 +0000 2024;0.0;@CakKhum @nadiemmakarim Koq bisa naik kelas sampai SMK ya;1.84788e+18;;CakKhum;in;;0.0;0.0;0.0;https://x.com/undefined/status/1847883832021962895;1.7664e+18;;koq bisa naik kelas sampai smk;netral
kurikulum-merdeka_20.csv;1.84761e+18;Sun Oct 20 06:13:34 +0000 2024;0.0;@CakKhum @nadiemmakarim Dia baru nulis angka 9 aja gw langsung emosi.. ️;1.84788e+18;;CakKhum;in;;0.0;0.0;0.0;https://x.com/undefined/status/1847883843476607132;9.39672e+17;;dia baru nulis angka gw langsung emosi;netral
kurikulum-merdeka_20.csv;1.84761e+18;Sun Oct 20 06:14:30 +0000 2024;0.0;@CakKhum @nadiemmakarim Menangis;1.84788e+18;;CakKhum;in;;0.0;0.0;0.0;https://x.com/undefined/status/1847884075589390414;1.29557e+18;;menang;netral
kurikulum-merdeka_20.csv;1.84761e+18;Sun Oct 20 06:15:09 +0000 2024;0.0;@CakKhum @nadiemmakarim Yang penting jago main hape ya pak @nadiemmakarim;1.84788e+18;;CakKhum;in;;0.0;0.0;0.0;https://x.com/undefined/status/1847884238827507716;1.32651e+18;;penting jago main hape pak;netral
kurikulum-merdeka_20.csv;1.84761e+18;Sun Oct 20 06:18:09 +0000 2024;0.0;@CakKhum @nadiemmakarim Cah goblok;1.84788e+18;;CakKhum;in;;0.0;0.0;0.0;https://x.com/undefined/status/1847884993353367694;1.6055e+18;;cah goblok;netral
kurikulum-merdeka_20.csv;1.84761e+18;Sun Oct 20 06:22:10 +0000 2024;0.0;@CakKhum @nadiemmakarim https://t.co/gXk3rcq8EM;1.84789e+18;https://pbs.twimg.com/media/GaUChZrbUAEzPql.jpg;CakKhum;qme;;0.0;0.0;0.0;https://x.com/undefined/status/1847886006659547568;1.4641e+18;;;netral
kurikulum-merdeka_20.csv;1.84761e+18;Sun Oct 20 06:22:57 +0000 2024;0.0;@CakKhum @nadiemmakarim Masa anak SD aja bisa;1.84789e+18;;CakKhum;in;;0.0;0.0;0.0;https://x.com/undefined/status/1847886202244059529;1.01487e+18;;masa anak sd bisa;netral
kurikulum-merdeka_20.csv;1.84761e+18;Sun Oct 20 06:26:24 +0000 2024;0.0;@CakKhum @nadiemmakarim Kebanyakan mabar;1.84789e+18;;CakKhum;in;;0.0;0.0;0.0;https://x.com/undefined/status/1847887070754451931;1.7338e+18;;banyak mabar;netral
kurikulum-merdeka_20.csv;1.84761e+18;Sun Oct 20 06:26:52 +0000 2024;0.0;@CakKhum @nadiemmakarim Menyedihkan kali wajah pendidikan skrg;1.84789e+18;;CakKhum;in;;0.0;0.0;0.0;https://x.com/undefined/status/1847887188832506342;1.29139e+18;;sedih kali wajah didik skrg;netral
kurikulum-merdeka_20.csv;1.84761e+18;Sun Oct 20 06:28:43 +0000 2024;0.0;@CakKhum @nadiemmakarim Sekarang mah masih ada kelas 7 yg belum bisa baca. Pendidikan sekarang rusak;1.84789e+18;;CakKhum;in;;0.0;0.0;0.0;https://x.com/undefined/status/1847887652932243882;1.81487e+18;;sekarang masih ada kelas bisa baca didik sekarang rusak;netral
kurikulum-merdeka_20.csv;1.84761e+18;Sun Oct 20 12:26:18 +0000 2024;0.0;@CakKhum @nadiemmakarim Kurikulum merdeka yg mengadopsi dr Finlandia jelas tdk cocok diterapkan di kita;1.84798e+18;;CakKhum;in;;0.0;0.0;0.0;https://x.com/undefined/status/1847977644740280646;1.82115e+18;;kurikulum merdeka adopsi finlandia jelas cocok terap kita;netral
kurikulum-merdeka_20.csv;1.84761e+18;Sun Oct 20 12:29:52 +0000 2024;0.0;@CakKhum @nadiemmakarim Buseng dongo bangt. Lo ngapz di sekolah oncom.;1.84798e+18;;CakKhum;in;;0.0;0.0;0.0;https://x.com/undefined/status/1847978541654143139;782318126.0;;buseng dongo bangt lo ngapz sekolah oncom;netral
kurikulum-merdeka_20.csv;1.84761e+18;Sun Oct 20 12:30:16 +0000 2024;0.0;@CakKhum @nadiemmakarim YG penting MERDEKA AJA dlu... Anggaran Triliunan hasil pelajar begini banyak SEkolah yg Rusak dan tidak layak dibilang sekolah. GAji Guru honorer apalagi di pedalaman ga Manusiawi... kerjaan Boss Ojek disuruh jadi Mentri pendidikan y gini..;1.84798e+18;;CakKhum;in;;0.0;0.0;0.0;https://x.com/undefined/status/1847978640190877766;1.84538e+18;;penting merdeka dlu anggar triliun hasil ajar begini banyak sekolah rusak layak bilang sekolah gaji guru honorer apalagi dalam manusiawi kerja boss ojek suruh tri didik y gin;netral
kurikulum-merdeka_20.csv;1.84761e+18;Sun Oct 20 12:32:11 +0000 2024;0.0;@CakKhum @nadiemmakarim generasi (c)emas;1.84798e+18;;CakKhum;in;;0.0;0.0;0.0;https://x.com/undefined/status/1847979123148222884;326524256.0;;generasi c emas;netral
kurikulum-merdeka_20.csv;1.84761e+18;Sun Oct 20 12:35:22 +0000 2024;0.0;@CakKhum @nadiemmakarim kok bisa SMK?;1.84798e+18;;CakKhum;in;;0.0;0.0;0.0;https://x.com/undefined/status/1847979925686669388;574220827.0;;bisa smk;netral
kurikulum-merdeka_20.csv;1.84761e+18;Sun Oct 20 12:39:11 +0000 2024;0.0;@CakKhum @nadiemmakarim Jebol dah keuangan perusahaan kalo lulusan akuntansi model2 kayak gini !;1.84798e+18;;CakKhum;in;;0.0;0.0;0.0;https://x.com/undefined/status/1847980884940763601;119337778.0;;jebol uang usaha kalo lulus akuntansi model kayak gin;netral
kurikulum-merdeka_20.csv;1.84761e+18;Sun Oct 20 12:42:39 +0000 2024;0.0;@CakKhum @nadiemmakarim Kelas 10 sih gokil;1.84798e+18;;CakKhum;in;;0.0;0.0;0.0;https://x.com/undefined/status/1847981756353487333;1.04001e+18;;kelas sih gokil;netral
kurikulum-merdeka_20.csv;1.84761e+18;Sun Oct 20 12:43:56 +0000 2024;0.0;@CakKhum @nadiemmakarim GOBLOK;1.84798e+18;;CakKhum;in;;0.0;0.0;0.0;https://x.com/undefined/status/1847982079419863445;1.11889e+18;;goblok;netral
kurikulum-merdeka_20.csv;1.84761e+18;Sun Oct 20 12:45:55 +0000 2024;0.0;@CakKhum @nadiemmakarim @setiadirizqii 2045 gold generation ntar kalah 5x turun ke silver wkwkw;1.84798e+18;;CakKhum;in;;0.0;0.0;0.0;https://x.com/undefined/status/1847982579594735749;1.61775e+18;;gold generation ntar kalah x turun silver wkwkw;netral
kurikulum-merdeka_20.csv;1.84761e+18;Sun Oct 20 12:50:01 +0000 2024;0.0;@CakKhum @nadiemmakarim Serius??? Bgtu doang bngung;1.84798e+18;;CakKhum;in;;0.0;0.0;0.0;https://x.com/undefined/status/1847983613054517507;1153800667.0;;serius bgtu doang bngung;netral
kurikulum-merdeka_21.csv;1.87575e+18;Sun Jan 05 03:59:26 +0000 2025;17.0;@zanatul_91 Alinea 2: pernah ngobrol dgn snior yg fasil. GP terucap kita jgn slhkn kurikulum Kurmer itu bagus menyempurnkn K13. Kl kurmer g jalan di sklh/kls itu gurunya yg slh g bs mnjalankn Alinea 5: pola yg sama dipakai di ltr blkang skripsi mhs;1.87575e+18;;zanatul_91;in;;2.0;1.0;3.0;https://x.com/undefined/status/1875753950609338778;1.06698e+18;;alinea pernah ngobrol snior fasil gp ucap kita jgn slhkn kurikulum kurmer bagus menyempurnkn k kl kurmer g jalan sklh kls guru slh g bs mnjalankn alinea pola sama pakai ltr blkang skripsi mhs;positif
kurikulum-merdeka_21.csv;1.87575e+18;Sun Jan 05 06:43:11 +0000 2025;10.0;@zanatul_91 Kemudian dana habis untuk penguatan yang ga tau kuatnya kapan ;1.8758e+18;;zanatul_91;in;;0.0;2.0;1.0;https://x.com/undefined/status/1875795159310594530;1.68805e+18;;kemudian dana habis kuat tau kuat kapan;netral
kurikulum-merdeka_21.csv;1.87575e+18;Sun Jan 05 13:47:59 +0000 2025;9.0;@zanatul_91 Biasanya narasi diikuti dengan kalimat akhir Ketik di komentar mau Jika ingin ikut pelatihan pembelajaran mendalam.;1.8759e+18;;zanatul_91;in;;0.0;1.0;0.0;https://x.com/undefined/status/1875902066503434534;170524120.0;;biasa narasi ikut kalimat akhir ketik komentar mau jika ingin ikut latih ajar dalam;netral
kurikulum-merdeka_21.csv;1.87575e+18;Sun Jan 05 03:59:20 +0000 2025;8.0;@zanatul_91 Pa kenapa ya klo disini yg diupdate/diubah tu kurikulum secara menyeluruh ya? Klo saya liat di luar negeri yg sering di update tu hanya common core atau CP/KD nya saja dan bagaimana caranya guru bisa mengajarkan common core nya. Atau diluar negeri juga sama kaya kita?;1.87575e+18;;zanatul_91;in;;0.0;3.0;0.0;https://x.com/undefined/status/1875753926261403820;116374572.0;;pa kenapa kalau sini diupdate ubah tu kurikulum cara seluruh kalau saya liat luar negeri sering update tu hanya common core cp kd bagaimana cara guru bisa ajar common core luar negeri sama kaya kita;netral
kurikulum-merdeka_21.csv;1.87575e+18;Sun Jan 05 15:32:40 +0000 2025;6.0;@zanatul_91 Mungkin oot ya mas. Itu di acara kompetisi ruang guru kebanyakan sekolah swasta aja udah menggambarkan kurikulum negeri ga bagus wkwkwk;1.87593e+18;;zanatul_91;in;;0.0;1.0;1.0;https://x.com/undefined/status/1875928410482254207;232390238.0;;mungkin oot mas acara kompetisi ruang guru banyak sekolah swasta gambar kurikulum negeri bagus wkwkwk;positif
kurikulum-merdeka_21.csv;1.87575e+18;Sun Jan 05 04:26:31 +0000 2025;6.0;@zanatul_91 lalu bagaimana cara merebut narasi terutama agak tidak disetir?;1.87576e+18;;zanatul_91;in;;0.0;1.0;0.0;https://x.com/undefined/status/1875760768362353106;1976991588.0;;lalu bagaimana cara rebut narasi utama agak setir;netral
kurikulum-merdeka_21.csv;1.87575e+18;Sun Jan 05 03:52:34 +0000 2025;1.0;@zanatul_91 Saya awal tahun liat SW rekan2 pada pasang twibon pelatihan macam ini. Pas liat narsumnya kok dari ESEMEM. hadeuh...;1.87575e+18;;zanatul_91;in;;0.0;4.0;0.0;https://x.com/undefined/status/1875752222631587936;201324703.0;;saya awal tahun liat sw rekan pasang twibon latih macam pas liat narsumnya esemem hadeuh;netral
kurikulum-merdeka_21.csv;1.87575e+18;Mon Jan 06 15:51:38 +0000 2025;1.0;@zanatul_91 Lantas dimana kah drama klasik ini semua bermuara? Hahaha ...;1.8763e+18;;zanatul_91;in;;0.0;1.0;0.0;https://x.com/undefined/status/1876295569473503691;1.49953e+18;;lantas mana kah drama klasik semua muara hahaha;netral
kurikulum-merdeka_21.csv;1.87575e+18;Sun Jan 05 04:22:46 +0000 2025;0.0;@zanatul_91 Nanti muncul miskonsepsi baru gitu kayak yang udah-udah ;1.87576e+18;;zanatul_91;in;;0.0;1.0;0.0;https://x.com/undefined/status/1875759822379085918;493914366.0;;nanti muncul miskonsepsi baru begitu kayak;netral
kurikulum-merdeka_21.csv;1.87575e+18;Sun Jan 05 15:20:02 +0000 2025;0.0;@zanatul_91 Mengawang bro ulasanmu. Dalam gerakan protes ini bakal gak laku. Coba lebih dimaterialkan lagi biar ada dialektika.;1.87593e+18;;zanatul_91;in;;0.0;1.0;0.0;https://x.com/undefined/status/1875925231635984638;97684970.0;;awang bro ulas dalam gera protes bakal gak laku coba lebih material biar ada dialektika;netral
kurikulum-merdeka_21.csv;1.87575e+18;Sun Jan 05 08:39:59 +0000 2025;0.0;@zanatul_91 Membaca latar belakang pun sudah tergambar tujuan dan arah nya kemana;1.87582e+18;;zanatul_91;in;;0.0;0.0;0.0;https://x.com/undefined/status/1875824552728740220;1.67242e+18;;baca latar belakang gambar tuju arah mana;netral
kurikulum-merdeka_21.csv;1.87575e+18;Sun Jan 05 09:36:59 +0000 2025;0.0;@zanatul_91 Setuju;1.87584e+18;;zanatul_91;in;;0.0;0.0;0.0;https://x.com/undefined/status/1875838897919574519;210252839.0;;tuju;netral
kurikulum-merdeka_21.csv;1.87575e+18;Sun Jan 05 13:44:08 +0000 2025;0.0;@zanatul_91 Emang kayanya jadi guru di era kurmer kaya ga ada benernya wkwk;1.8759e+18;;zanatul_91;in;;0.0;0.0;0.0;https://x.com/undefined/status/1875901094397870427;74053546.0;;emang kaya guru era kurmer kaya ada benernya;netral
kurikulum-merdeka_21.csv;1.87575e+18;Sun Jan 05 19:58:50 +0000 2025;0.0;@zanatul_91 dan ini sudah berlangsung puluhan tahun;1.876e+18;;zanatul_91;in;;0.0;0.0;0.0;https://x.com/undefined/status/1875995390937530414;1.53725e+18;;langsung puluh tahun;netral
kurikulum-merdeka_21.csv;1.87575e+18;Sun Jan 05 23:23:07 +0000 2025;0.0;"@zanatul_91 Alhamdulillah aku sudah mengajar 6 tahun di sekolah SPK dgn kurikulum cambridge dan punya beberapa siswa les dari mana² dan kurikulum macam² (singapore curriculum jg IB &amp; cambridge). Dari pengalaman ini aku belajar banyak bgt terutama di maths krn aku mengajar maths. Akhirnya...";1.87605e+18;;zanatul_91;in;;0.0;1.0;0.0;https://x.com/undefined/status/1876046801096319388;324866694.0;;alhamdulillah aku ajar tahun sekolah spk kurikulum cambridge punya beberapa siswa les mana kurikulum macam singapore curriculum ib amp cambridge alam aku ajar banyak bgt utama maths krn aku ajar maths akhir;netral
kurikulum-merdeka_22.csv;1.848e+18;Sun Oct 20 23:46:32 +0000 2024;150.0;@TirtoID Usul: 1. Kembalikan BSNP dan Ujian Nasional 2. Penilaian kembalikan seperti k13 yg dipisah agar guri tdk subjektif 3. Hapus kewajiban isi PMM beban 4. Jam kerja guru kurangi 18 jjam/minggu 5. Berikan seluruh guru Tunjangan Profesi dan Tambahkan Tukin berbasis kinerja;1.84815e+18;;TirtoID;in;;1.0;3.0;21.0;https://x.com/undefined/status/1848148829868327137;512737310.0;;usul kembali bsnp uji nasional nilai kembali seperti k pisah agar guri subjektif hapus wajib isi pmm beban jam kerja guru kurang jjam minggu ikan seluruh guru tunjang profesi tambah tukin bas kerja;negatif
kurikulum-merdeka_22.csv;1.848e+18;Sun Oct 20 15:58:32 +0000 2024;162.0;@TirtoID Saking gagalnya bahkan opsi dilanjutkan dengan perbaikan aja terasa sangat sulit diterima. Mending kembali ke kurikulum 2013 aja kalau belom ada solusi dan hapus tugas administrasi bejibun para guru yg gak ada imbas positif langsung bagi peserta didik.;1.84803e+18;;TirtoID;in;;0.0;6.0;9.0;https://x.com/undefined/status/1848031054529184152;1.49239e+18;;saking gagal bahkan opsi lanjut baik asa sangat sulit terima mending kembali kurikulum kalau bom ada solusi hapus tugas administrasi bejibun para guru gak ada imbas positif langsung bagi serta didik;positif
kurikulum-merdeka_22.csv;1.848e+18;Sun Oct 20 22:44:39 +0000 2024;149.0;@TirtoID Hapus sistem zonasi kembalikan nilai jadi acuan agar semangat belajar muncul kembali;1.84813e+18;;TirtoID;in;;1.0;5.0;14.0;https://x.com/undefined/status/1848133257763893415;8.37563e+17;;hapus sistem zonasi kembali nilai acu agar semangat ajar muncul kembali;netral
kurikulum-merdeka_22.csv;1.848e+18;Mon Oct 21 09:01:07 +0000 2024;76.0;"@TirtoID ganti. itu kurikulum Ojol basisnya. yg mau dicapai bkn kecerdasan tp EFTA &amp; GMV";1.84829e+18;;TirtoID;in;;0.0;3.0;3.0;https://x.com/undefined/status/1848288394377597138;2281694042.0;;ganti kurikulum ojol basis mau capai bkn cerdas tapi efta amp gmv;positif
kurikulum-merdeka_22.csv;1.848e+18;Mon Oct 21 12:38:35 +0000 2024;68.0;@TirtoID Gantilah kembalikan ke jalur yg benar;1.84834e+18;;TirtoID;in;;0.0;2.0;0.0;https://x.com/undefined/status/1848343122486477152;224431376.0;;ganti kembali jalur benar;netral
kurikulum-merdeka_22.csv;1.848e+18;Sun Oct 20 15:58:54 +0000 2024;62.0;@TirtoID Kesejahteraan guru aja perjelas balikin sistem gak naik kelas adakan UN. Udah itu aja dulu.;1.84803e+18;;TirtoID;in;;0.0;0.0;2.0;https://x.com/undefined/status/1848031146963284187;1.27359e+18;;sejahtera guru jelas balikin sistem gak naik kelas adakan un dulu;netral
kurikulum-merdeka_22.csv;1.848e+18;Sun Oct 20 23:03:11 +0000 2024;43.0;@TirtoID Ganti ya Pak.... Kembalikan pendidikan agama bahasa Indonesia bahasa daerah pendidikan moral (Pancasila);1.84814e+18;;TirtoID;in;;0.0;1.0;0.0;https://x.com/undefined/status/1848137920416563532;170609323.0;;ganti pak kembali didik agama bahasa indonesia bahasa daerah didik moral pancasila;netral
kurikulum-merdeka_22.csv;1.848e+18;Mon Oct 21 07:03:54 +0000 2024;32.0;@TirtoID @muhammadiyah tolong sampaikan ganti aja. Hasilnya begini kok ⤵️ Nadiem itu gagal. Gak cocok idenya diimplementasikan di Indonesia. Hasilnya malah buruk..data berbicara. https://t.co/ukQxQEnqXu;1.84826e+18;https://pbs.twimg.com/media/GaZVqzFaYAAbfH1.jpg;TirtoID;in;;0.0;3.0;3.0;https://x.com/undefined/status/1848258897699803628;1.51347e+18;;tolong sampai ganti hasil begini nadiem gagal gak cocok ide implementasi indonesia hasil malah buruk data bicara;negatif
kurikulum-merdeka_22.csv;1.848e+18;Sun Oct 20 22:19:42 +0000 2024;24.0;@TirtoID Nah sudah tradisi anak² sekolah hanya menjadi uji coba². Peraturan gonta-ganti gak pernah tuntas.. Peraturan pendidikan hanya jadi bahan kelinci percobaan. Suka-duka menterinya saja. Mau menjadi INDONESIA EMAS?;1.84813e+18;;TirtoID;in;;0.0;1.0;1.0;https://x.com/undefined/status/1848126976290427113;84004006.0;;tradisi anak sekolah hanya jadi uji coba atur gonta ganti gak pernah tuntas atur didik hanya bahan kelinci coba suka duka menteri mau jadi indonesia emas;netral
kurikulum-merdeka_22.csv;1.848e+18;Mon Oct 21 01:50:49 +0000 2024;14.0;@TirtoID Ini yg pada komen ganti2 pada ga ngerasain guru2 + murid adaptasinya gmn. LANJUTKAN dengan PERBAIKAN aja Pak. Jangan gonta-ganti mulu diperkuat saja dengan sistem untuk guru yg baik. Pointnya di guru soalnya.;1.84818e+18;;TirtoID;in;;0.0;2.0;3.0;https://x.com/undefined/status/1848180107334262995;1530652064.0;;komen ganti ngerasain guru murid adaptasi gmn lanjut baik pak jangan gonta ganti mulu kuat sistem guru baik point guru soal;positif
kurikulum-merdeka_22.csv;1.848e+18;Sun Oct 20 14:52:15 +0000 2024;0.0;@TirtoID Gak usah kaji lama² besok lgsg ganti aja Pak ;1.84801e+18;;TirtoID;in;;0.0;0.0;1.0;https://x.com/undefined/status/1848014372117098777;1.05401e+18;;gak usah kaji lama besok lgsg ganti pak;netral
kurikulum-merdeka_22.csv;1.848e+18;Sun Oct 20 15:28:38 +0000 2024;2.0;@TirtoID Ganti Pak Please anak SMA udah banyak yg nggak ngerti pelajaran sama guru juga dgn Program menteri kemarin banyak nggak jelasnya;1.84802e+18;;TirtoID;in;;0.0;1.0;0.0;https://x.com/undefined/status/1848023529108930755;705413311.0;;ganti pak please anak sma banyak nggak ngerti ajar sama guru program menteri kemarin banyak nggak jelas;netral
kurikulum-merdeka_22.csv;1.848e+18;Mon Oct 21 02:09:05 +0000 2024;2.0;@TirtoID Lebih setuju buat lanjut dan evaluasi sih. Kita udah sering gonta-ganti yg bilang ganti2 aja lu pada cuma liat konten negatif yg keliatan aja. Ga kebayang kalo harus ganti lagi.;1.84818e+18;;TirtoID;in;;0.0;0.0;0.0;https://x.com/undefined/status/1848184704916439099;97590839.0;;lebih tuju buat lanjut evaluasi sih kita sering gonta ganti bilang ganti kamu cuma liat konten negatif liat bayang kalo harus ganti;negatif
kurikulum-merdeka_22.csv;1.848e+18;Mon Oct 21 04:04:53 +0000 2024;2.0;@TirtoID kalau sampai lanjut ampun dah berarti memang kt rakyat disuruh goblok bodoh biar ga banyak nuntut sekolah rusak guru hidup miskin dll biar nanti pemilu tinggal keruk suaranya;1.84821e+18;;TirtoID;in;;0.0;0.0;0.0;https://x.com/undefined/status/1848213843253792960;409811914.0;;kalau sampai lanjut ampun arti memang kt rakyat suruh goblok bodoh biar banyak nuntut sekolah rusak guru hidup miskin dll biar nanti milu tinggal keruk suara;netral
kurikulum-merdeka_22.csv;1.848e+18;Mon Oct 21 09:32:24 +0000 2024;2.0;@TirtoID Bapak juga harus mengkaji gaji guru honorer..;1.8483e+18;;TirtoID;in;;0.0;0.0;0.0;https://x.com/undefined/status/1848296267316912520;3165306314.0;;bapak harus kaji gaji guru honorer;netral
kurikulum-merdeka_22.csv;1.848e+18;Mon Oct 21 12:32:13 +0000 2024;2.0;@TirtoID Punten ini yang pada bilang ganti profesinya guru apa bukan? Belajar dan adaptasinya itu lhoo bikin siswa dinomorsekiankan terus. Sebenernya tugas utama guru itu apa?;1.84834e+18;;TirtoID;in;;0.0;0.0;0.0;https://x.com/undefined/status/1848341518307954869;272820320.0;;punten bilang ganti profesi guru bukan ajar adaptasi lhoo bikin siswa dinomorsekiankan terus sebenernya tugas utama guru;netral
kurikulum-merdeka_22.csv;1.848e+18;Sun Oct 20 14:49:59 +0000 2024;1.0;@TirtoID Ganti pak..kurikulum gak jelas.....;1.84801e+18;;TirtoID;in;;0.0;0.0;0.0;https://x.com/undefined/status/1848013803583410632;1.09785e+18;;ganti pak kurikulum gak jelas;netral
kurikulum-merdeka_22.csv;1.848e+18;Sun Oct 20 16:03:19 +0000 2024;1.0;@TirtoID semoga UNAS ada lagi tolong selamatkan anak bangsa pak;1.84803e+18;;TirtoID;in;;0.0;0.0;0.0;https://x.com/undefined/status/1848032255765348611;631892891.0;;moga unas ada tolong selamat anak bangsa pak;netral
kurikulum-merdeka_22.csv;1.848e+18;Sun Oct 20 16:32:00 +0000 2024;1.0;@TirtoID Mending kurikulum merdeka dihapuskan saja.;1.84804e+18;;TirtoID;in;;0.0;0.0;0.0;https://x.com/undefined/status/1848039473499738610;1358596364.0;;mending kurikulum merdeka hapus;netral
kurikulum-merdeka_22.csv;1.848e+18;Sun Oct 20 16:50:51 +0000 2024;1.0;@TirtoID dim nadim rusak pendidikan dibuatnya;1.84804e+18;;TirtoID;in;;0.0;0.0;0.0;https://x.com/undefined/status/1848044217408565356;1.51887e+18;;dim nadim rusak didik buat;netral
kurikulum-merdeka_22.csv;1.848e+18;Sun Oct 20 18:19:55 +0000 2024;1.0;@TirtoID selamat bertugas Prof... semoga sukses;1.84807e+18;;TirtoID;in;;0.0;0.0;0.0;https://x.com/undefined/status/1848066632721338603;1.22039e+18;;selamat tugas prof moga sukses;positif
kurikulum-merdeka_22.csv;1.848e+18;Sun Oct 20 22:11:42 +0000 2024;1.0;@TirtoID Yg penting zonasi hilang dulu;1.84812e+18;;TirtoID;in;;0.0;0.0;0.0;https://x.com/undefined/status/1848124962198204668;1.07176e+18;;penting zonasi hilang dulu;netral
kurikulum-merdeka_22.csv;1.848e+18;Sun Oct 20 22:21:29 +0000 2024;1.0;@TirtoID Kembalikan ke sistem pengajaran Ki Hajar dewantoro prof;1.84813e+18;;TirtoID;in;;0.0;2.0;0.0;https://x.com/undefined/status/1848127426565652632;9.22854e+17;;kembali sistem ajar ki hajar dewantoro prof;netral
kurikulum-merdeka_22.csv;1.848e+18;Sun Oct 20 22:58:02 +0000 2024;1.0;@TirtoID Hapus kurikulum merdeka;1.84814e+18;;TirtoID;in;;0.0;0.0;0.0;https://x.com/undefined/status/1848136625504800872;1.52456e+18;;hapus kurikulum merdeka;netral
kurikulum-merdeka_22.csv;1.848e+18;Mon Oct 21 02:00:49 +0000 2024;1.0;@TirtoID Setuju buat dilanjutkan aja Pak! Evaluasi memang perlu untuk menyempurnakan. Zonasi kesejahteraan guru dan sistem2 lainnya. Tapi jangan diganti lagi ribet penyesuaiannya Pak.;1.84818e+18;;TirtoID;in;;0.0;0.0;0.0;https://x.com/undefined/status/1848182621622411658;1.47681e+18;;tuju buat lanjut pak evaluasi memang perlu sempurna zonasi sejahtera guru sistem lain tapi jangan ganti ribet sesuai pak;netral
kurikulum-merdeka_22.csv;1.848e+18;Mon Oct 21 02:04:58 +0000 2024;1.0;@TirtoID Kalo diganti butuh penyesuaian dan sosialisasi berapa lama lagi...;1.84818e+18;;TirtoID;in;;0.0;1.0;0.0;https://x.com/undefined/status/1848183665484087744;3228377210.0;;kalo ganti butuh sesuai sosialisasi berapa lama;netral
kurikulum-merdeka_22.csv;1.848e+18;Mon Oct 21 02:07:06 +0000 2024;1.0;@TirtoID Dilanjut aja plisss pusing kalo ganti lagi :') ini yg komen ganti2 aja ga ngerasain orang yg lagi skripsian ngajar dll. Diperbaiki aja sistem buat guru dan sarprasnya;1.84818e+18;;TirtoID;in;;0.0;1.0;0.0;https://x.com/undefined/status/1848184203529384392;1.08325e+18;;lanjut plis pusing kalo ganti komen ganti ngerasain orang skripsi ngajar dll baik sistem buat guru sarprasnya;positif
kurikulum-merdeka_22.csv;1.848e+18;Mon Oct 21 03:12:14 +0000 2024;1.0;@TirtoID Lanjut dengan penyesuaian saja Bapak. Penyakit negara kita ini salah satuny ganti pemimpin ganti kebijakan. Hal ini sering di cap sbg biang keladi negeri kita sering kalah dgn negara lain. Bolak balik dari nol lagi;1.8482e+18;;TirtoID;in;;0.0;0.0;0.0;https://x.com/undefined/status/1848200594600903056;7.10394e+17;;lanjut sesuai bapak sakit negara kita salah satuny ganti pimpin ganti bijak hal sering cap bagai biang keladi negeri kita sering kalah negara lain bolak balik nol;negatif
kurikulum-merdeka_22.csv;1.848e+18;Mon Oct 21 06:34:58 +0000 2024;1.0;@TirtoID Gak perlu diganti. Lanjutkan dengan perbaikan 1. Pertahankan CP terbaru 2024 2. Sistem zonasi dihapus 3. ANBK hapus 4. UN diadakan kembali 5. Kurangi beban administrasi guru di platform. Cukup bimtek bersama mgmp biar bisa menyelaraskan tujuan pembelajaran;1.84825e+18;;TirtoID;in;;0.0;0.0;0.0;https://x.com/undefined/status/1848251614655848815;9.96253e+17;;gak perlu ganti lanjut baik tahan cp baru sistem zonasi hapus anbk hapus un ada kembali kurang beban administrasi guru platform cukup bimtek sama mgmp biar bisa selaras tuju ajar;netral
kurikulum-merdeka_22.csv;1.848e+18;Mon Oct 21 09:07:29 +0000 2024;1.0;@TirtoID DIGANTILAH PAK! GARA GARA KURIKULUM MERDEKA BANYAK KUALITAS ANAK ANAK JAMAN SEKARANG PADA BEGO!;1.84829e+18;;TirtoID;in;;0.0;1.0;0.0;https://x.com/undefined/status/1848289997377696036;1.14971e+18;;ganti pak gara gara kurikulum merdeka banyak kualitas anak anak jaman sekarang bego;netral
kurikulum-merdeka_22.csv;1.848e+18;Sun Oct 20 15:05:13 +0000 2024;0.0;@TirtoID Mendikdasmen dan Wamennya perwakilan Islam modernis semua;1.84802e+18;;TirtoID;in;;0.0;0.0;0.0;https://x.com/undefined/status/1848017636229349830;1.62503e+18;;mendikdasmen wamennya wakil islam modern semua;netral
kurikulum-merdeka_22.csv;1.848e+18;Sun Oct 20 15:18:56 +0000 2024;0.0;@TirtoID Kalau sampai lanjut Yas Salam... ;1.84802e+18;;TirtoID;in;;0.0;0.0;0.0;https://x.com/undefined/status/1848021088636457391;7.37109e+17;;kalau sampai lanjut yas salam;netral
kurikulum-merdeka_22.csv;1.848e+18;Sun Oct 20 15:38:23 +0000 2024;0.0;@TirtoID ganti pak!;1.84803e+18;;TirtoID;in;;0.0;0.0;0.0;https://x.com/undefined/status/1848025982030016850;1251661214.0;;ganti pak;netral
kurikulum-merdeka_22.csv;1.848e+18;Sun Oct 20 15:53:21 +0000 2024;0.0;@TirtoID Harus reformasi bener2 prof;1.84803e+18;;TirtoID;in;;0.0;0.0;0.0;https://x.com/undefined/status/1848029747131097433;64125259.0;;harus reformasi bener prof;netral
kurikulum-merdeka_22.csv;1.848e+18;Sun Oct 20 16:21:37 +0000 2024;0.0;@TirtoID Set dah ganti mentri ganti kurikulum. Udh kya kelinci percobaan anak2 sklh. pendidikan itu jangka panjang kebijakan terkait pendidikan harus berdasar riset bukan berdasarkan selera atau ikut2an.;1.84804e+18;;TirtoID;in;;0.0;1.0;0.0;https://x.com/undefined/status/1848036863770231094;1.65444e+18;;set ganti tri ganti kurikulum udh kya kelinci coba anak sklh didik jangka panjang bijak kait didik harus dasar riset bukan dasar selera ikut an;netral
kurikulum-merdeka_22.csv;1.848e+18;Sun Oct 20 16:29:06 +0000 2024;0.0;@TirtoID Genah PMM ki hapus waee ;1.84804e+18;;TirtoID;in;;0.0;2.0;0.0;https://x.com/undefined/status/1848038743728628199;1268368987.0;;genah pmm ki hapus waee;netral
kurikulum-merdeka_22.csv;1.848e+18;Sun Oct 20 16:40:50 +0000 2024;0.0;@TirtoID Ganti dul;1.84804e+18;;TirtoID;in;;0.0;0.0;0.0;https://x.com/undefined/status/1848041699773448418;3307612429.0;;ganti dul;netral
kurikulum-merdeka_22.csv;1.848e+18;Sun Oct 20 17:20:56 +0000 2024;0.0;@TirtoID zonasi euy ubah mah:(;1.84805e+18;;TirtoID;in;;0.0;0.0;0.0;https://x.com/undefined/status/1848051788932579712;356091366.0;;zonasi euy ubah;netral
kurikulum-merdeka_22.csv;1.848e+18;Sun Oct 20 17:28:37 +0000 2024;0.0;@TirtoID Ganti!;1.84805e+18;;TirtoID;in;;0.0;0.0;0.0;https://x.com/undefined/status/1848053723916099901;59021200.0;;ganti;netral
kurikulum-merdeka_22.csv;1.848e+18;Sun Oct 20 17:59:35 +0000 2024;0.0;@TirtoID Kurikulum karya pembaruan;1.84806e+18;;TirtoID;in;;0.0;0.0;0.0;https://x.com/undefined/status/1848061515766673773;1.13899e+18;;kurikulum karya baru;netral
kurikulum-merdeka_22.csv;1.848e+18;Mon Oct 21 12:18:48 +0000 2024;0.0;@TirtoID Ganti saja pak...kurikulum merdeka =kurikulum ngaco;1.84834e+18;;TirtoID;in;;0.0;0.0;0.0;https://x.com/undefined/status/1848338142350418022;2849059748.0;;ganti pak kurikulum merdeka kurikulum ngaco;netral
kurikulum-merdeka_22.csv;1.848e+18;Mon Oct 21 12:19:50 +0000 2024;0.0;@TirtoID GANTI PAK. Undang para akademisi yg berkecimpung dlm dunia pendidikan utk dpt masukan dri para ahlinya pak;1.84834e+18;;TirtoID;in;;0.0;0.0;0.0;https://x.com/undefined/status/1848338401969508511;1.68517e+18;;ganti pak undang para akademisi kecimpung dlm dunia didik utk dpt masuk dri para ahli pak;netral
kurikulum-merdeka_22.csv;1.848e+18;Mon Oct 21 12:50:48 +0000 2024;0.0;@TirtoID ganti menteri ganti kurikulum. ngga beda jauh dg si mujaer;1.84835e+18;;TirtoID;in;;0.0;0.0;0.0;https://x.com/undefined/status/1848346198186565766;1.42059e+18;;ganti menteri ganti kurikulum ngga beda jauh mujaer;netral
kurikulum-merdeka_22.csv;1.848e+18;Mon Oct 21 12:55:24 +0000 2024;0.0;@TirtoID Ganti;1.84835e+18;;TirtoID;in;;0.0;0.0;0.0;https://x.com/undefined/status/1848347352614219957;1.75806e+18;;ganti;netral
kurikulum-merdeka_22.csv;1.848e+18;Mon Oct 21 12:56:26 +0000 2024;0.0;@TirtoID hapus zonasi marak pungli jual beli kursi kembaliin ke NEM yg goblok ya goblok aja tinggal kelas/ g masuk sekolah unggulan biar anak pny motovasi bersaing secara akademik.;1.84835e+18;;TirtoID;in;;0.0;0.0;0.0;https://x.com/undefined/status/1848347613550235854;2242754419.0;;hapus zonasi marak pungli jual beli kursi kembaliin nem goblok goblok tinggal kelas g masuk sekolah unggul biar anak pny motovasi saing cara akademik;netral
kurikulum-merdeka_22.csv;1.848e+18;Mon Oct 21 12:56:58 +0000 2024;0.0;"@TirtoID saya yakin beliau lebih waras dari si nadiem &amp; si mubajir";1.84835e+18;;TirtoID;in;;0.0;0.0;0.0;https://x.com/undefined/status/1848347748636217482;1.75927e+18;;saya yakin beliau lebih waras nadiem amp mubajir;netral
kurikulum-merdeka_22.csv;1.848e+18;Mon Oct 21 13:04:54 +0000 2024;0.0;@TirtoID Kenapa sng sekali ngadain gak naik kelas klo trnyta yang gak naik kls itu anakmu pasti kamu duluan protes.Gak semua ank bisa nguasai semua mapel;1.84835e+18;;TirtoID;in;;0.0;0.0;0.0;https://x.com/undefined/status/1848349742750941669;1.51815e+18;;kenapa sng sekali ngadain gak naik kelas kalau trnyta gak naik kls anak pasti kamu duluan protes gak semua ank bisa nguasai semua mapel;netral
kurikulum-merdeka_22.csv;1.848e+18;Mon Oct 21 13:05:35 +0000 2024;0.0;@TirtoID Kalau nggak diganti berarti indonesia menuju (C)emas;1.84835e+18;;TirtoID;in;;0.0;0.0;0.0;https://x.com/undefined/status/1848349916718104788;1.08145e+18;;kalau nggak ganti arti indonesia tuju c emas;netral
kurikulum-merdeka_22.csv;1.848e+18;Mon Oct 21 13:07:50 +0000 2024;0.0;@TirtoID Harus diganti kalau mau anak Indonesia cerdas beradab dan ber- etika;1.84835e+18;;TirtoID;in;;0.0;0.0;0.0;https://x.com/undefined/status/1848350481309163635;7.16301e+17;;harus ganti kalau mau anak indonesia cerdas adab ber etika;positif
kurikulum-merdeka_22.csv;1.848e+18;Mon Oct 21 13:09:10 +0000 2024;0.0;@TirtoID Kami para Guru sangat berharap semoga KUMER ini bisa di ganti secepat Mungkin Pak Mentri.;1.84835e+18;;TirtoID;in;;0.0;0.0;0.0;https://x.com/undefined/status/1848350819223306435;1.12817e+18;;kami para guru sangat harap moga kumer bisa ganti cepat mungkin pak tri;positif
kurikulum-merdeka_3.csv;1.76354e+18;Fri Mar 01 12:16:57 +0000 2024;6.0;@zanatul_91 Bang nih gue ada produk baru. Gue kasih tester nanti kalo cocok bs kita collabs buat ekspansi se nasional...;1.76354e+18;;zanatul_91;in;;0.0;1.0;0.0;https://x.com/undefined/status/1763538916496535576;714571951.0;;bang nih saya ada produk baru saya kasih tester nanti kalo cocok bs kita collabs buat ekspansi se nasional;netral
kurikulum-merdeka_3.csv;1.76354e+18;Fri Mar 01 12:55:11 +0000 2024;5.0;"@zanatul_91 bukankah kurikulum merdeka ini dulu awal mulanya dari kurikulum prototipe &gt; kurikulum merdeka bagi sekolah PK / CoE &gt; terus banyak yang menggunakan baru mau dipaksakan menjadi kurikulum nasional. Artinya bukan berasal dari guru kan? cmiiw";1.76355e+18;;zanatul_91;in;;0.0;1.0;0.0;https://x.com/undefined/status/1763548539576340946;281039802.0;;bukankah kurikulum merdeka dulu awal mula kurikulum prototipe gt kurikulum merdeka bagi sekolah pk coe gt terus banyak guna baru mau paksa jadi kurikulum nasional arti bukan asal guru cmiiw;netral
kurikulum-merdeka_3.csv;1.76354e+18;Fri Mar 01 12:22:56 +0000 2024;3.0;@zanatul_91 Fungsi PGRI buat permasalahan seperti ini gimana ya?;1.76354e+18;;zanatul_91;in;;0.0;2.0;0.0;https://x.com/undefined/status/1763540423908429871;1.47477e+18;;fungsi pgri buat masalah seperti gimana;negatif
kurikulum-merdeka_3.csv;1.76354e+18;Fri Mar 01 12:20:25 +0000 2024;1.0;@zanatul_91 Kemana PGRI ya Bang? Kok dak pernah bersuara terkait PMM dan Kumer. Giliran batas usia GP malah bersuara GP kan dak untuk semua guru.;1.76354e+18;;zanatul_91;in;;0.0;1.0;0.0;https://x.com/undefined/status/1763539791264784583;189028004.0;;mana pgri bang dak pernah suara kait pmm kumer gilir batas usia gp malah suara gp dak semua guru;netral
kurikulum-merdeka_3.csv;1.76354e+18;Fri Mar 01 21:59:16 +0000 2024;1.0;@zanatul_91 Tanya dong pak. Memangnya kurikulum2 itu diujicoba di sekolah mana sebelum diterapkan ke seluruh Indonesia? Jd penasaran kalau memang ada ujicoba... Kok kadang ga masuk akal beban belajar siswanya spt Kurikulum 2013 yg versi awal (sebelum revisi 2016)...;1.76369e+18;;zanatul_91;in;;0.0;1.0;0.0;https://x.com/undefined/status/1763685461787369702;910650462.0;;tanya pak memang kurikulum diujicoba sekolah mana belum terap seluruh indonesia jd penasaran kalau memang ada ujicoba kadang masuk akal beban ajar siswa spt kurikulum versi awal belum revisi;netral
kurikulum-merdeka_3.csv;1.76354e+18;Sat Mar 02 00:57:45 +0000 2024;1.0;@zanatul_91 Katakanlah memang dari guru untuk guru tapi namanya Merdeka Belajar yaaaa . Ada yang merancangnya juga ada akun di bionya ditulis #pemikirmerdekabelajar wkwkwkwkwkw;1.76373e+18;;zanatul_91;in;;0.0;1.0;0.0;https://x.com/undefined/status/1763730377850704061;1.5172e+18;;kata memang guru guru tapi nama merdeka ajar ada rancang ada akun bionya tulis pemikirmerdekabelajar wkwkwkwkwkw;netral
kurikulum-merdeka_3.csv;1.76354e+18;Sat Mar 02 11:29:13 +0000 2024;1.0;@zanatul_91 Sebenarnya di Kurikulum Merdeka ini yang merdeka siapa? Merdeka dari apa?;1.76389e+18;;zanatul_91;in;;0.0;1.0;0.0;https://x.com/undefined/status/1763889293821677780;1.46536e+18;;benar kurikulum merdeka merdeka siapa merdeka;netral
kurikulum-merdeka_3.csv;1.76354e+18;Fri Mar 01 12:25:44 +0000 2024;0.0;@zanatul_91 Pak izin bertanya berarti naskah akademik kumer itu ngga ada yah? atau saya yg kurang update :(;1.76354e+18;;zanatul_91;in;;0.0;1.0;0.0;https://x.com/undefined/status/1763541127763009624;1.15331e+18;;pak izin tanya arti naskah akademik kumer ngga ada yah saya kurang update;negatif
kurikulum-merdeka_3.csv;1.76354e+18;Sat Mar 02 13:34:52 +0000 2024;0.0;@zanatul_91 Halo Sahabat Kompas. Terima kasih sudah membagikan potongan artikel harian Kompas. Artikel tersebut juga dapat dibaca secara utuh melalui tautan berikut: https://t.co/Px5W94Dyva #Pendidikan #AdadiKompas;1.76392e+18;;zanatul_91;in;;0.0;0.0;0.0;https://x.com/undefined/status/1763920914159374512;255866913.0;;halo sahabat kompas terima kasih bagi potong artikel hari kompas artikel sebut dapat baca cara utuh lalu taut ikut didik adadikompas;netral
kurikulum-merdeka_3.csv;1.76354e+18;Fri Mar 01 13:16:02 +0000 2024;1.0;@zanatul_91 @Guru_PNS Senang apanya mas menteri? ;1.76355e+18;;zanatul_91;in;;0.0;0.0;0.0;https://x.com/undefined/status/1763553785908277610;1.34673e+18;;senang apa mas menteri;netral
kurikulum-merdeka_3.csv;1.76354e+18;Fri Mar 01 14:55:15 +0000 2024;1.0;@zanatul_91 Buat anak kok coba-coba;1.76358e+18;;zanatul_91;in;;0.0;0.0;0.0;https://x.com/undefined/status/1763578753341702153;1.50617e+18;;buat anak coba coba;netral
kurikulum-merdeka_3.csv;1.76354e+18;Fri Mar 01 23:22:28 +0000 2024;1.0;@zanatul_91 Emang modelannya kl bikin kebijakan ga pernah terbuka buat diskusi dg org2 yg beneran terlibat yg nanti pengemban teknis yg tau situasi bahkan sama yg nanti ngerasai dampaknya. Diskusi dialog apa itu???;1.76371e+18;;zanatul_91;in;;0.0;0.0;0.0;https://x.com/undefined/status/1763706398628851877;9.58945e+17;;emang model kl bikin bijak pernah buka buat diskusi org beneran libat nanti emban teknis tau situasi bahkan sama nanti ngerasai dampak diskusi dialog;netral
kurikulum-merdeka_3.csv;1.76354e+18;Fri Mar 01 12:25:30 +0000 2024;0.0;@zanatul_91 Timsus itu kepalanya yang punya Cikal ya;1.76354e+18;;zanatul_91;in;;0.0;1.0;0.0;https://x.com/undefined/status/1763541069151842597;223785448.0;;timsus kepala punya cikal;netral
kurikulum-merdeka_3.csv;1.76354e+18;Fri Mar 01 16:37:19 +0000 2024;0.0;@zanatul_91 Tim khusus yang seolah2 paling paham banget pendidikan kan ya? ;1.7636e+18;;zanatul_91;in;;0.0;0.0;0.0;https://x.com/undefined/status/1763604440635056474;1.60379e+18;;tim khusus olah paling paham sangat didik;netral
kurikulum-merdeka_3.csv;1.76354e+18;Fri Mar 01 18:16:52 +0000 2024;0.0;@zanatul_91 waaaah gitu ternyata yaaaa....;1.76363e+18;;zanatul_91;in;;0.0;0.0;0.0;https://x.com/undefined/status/1763629491396792803;47029694.0;;wah begitu nyata;netral
kurikulum-merdeka_3.csv;1.76354e+18;Sat Mar 02 00:33:55 +0000 2024;0.0;@zanatul_91 Supaya jelas tulis data guru yang berperan dan mengusulkan membuat kurikulum merdeka supaya mereka bisa menjelaskan secara rinci realisasi pelaksanaan nya di sekolah sekolah dari informasi yang saya dapat banyak guru yang kebingungan dengan kurikulum ini;1.76372e+18;;zanatul_91;in;;0.0;0.0;0.0;https://x.com/undefined/status/1763724381451407532;1.71864e+18;;supaya jelas tulis data guru peran usul buat kurikulum merdeka supaya mereka bisa jelas cara rinci realisasi laksana sekolah sekolah informasi saya dapat banyak guru bingung kurikulum;netral
kurikulum-merdeka_3.csv;1.76354e+18;Sat Mar 02 04:58:21 +0000 2024;0.0;@zanatul_91 Kumer lebih cocok untuk boarding school sekolah negeri pake yg klasikal aja biar damai ;1.76379e+18;;zanatul_91;in;;0.0;0.0;0.0;https://x.com/undefined/status/1763790926500299236;413052542.0;;kumer lebih cocok boarding school sekolah negeri pake klasikal biar damai;netral
kurikulum-merdeka_3.csv;1.76354e+18;Sat Mar 02 14:23:24 +0000 2024;0.0;@zanatul_91 Kalo jd pejabat yg bukan ahli di bidangnya mbok ya cari ahli yg kompeten bukan yg asal yesman. Bidang pendidikan beda dgn bidang usaha efeknya sangat memengaruhi manusianya dr siswa guru sm wali siswa. Namanya aja udah kurikulum Liberté. ;1.76393e+18;;zanatul_91;in;;0.0;0.0;0.0;https://x.com/undefined/status/1763933127414845717;172664886.0;;kalo jd jabat bukan ahli bidang mbok cari ahli kompeten bukan asal yesman bidang didik beda bidang usaha efek sangat pengaruh manusia siswa guru sm wali siswa nama kurikulum libert;netral
kurikulum-merdeka_3.csv;1.76354e+18;Fri Aug 30 16:29:29 +0000 2024;0.0;@zanatul_91 cek berita kurikulum merdeka lainnya: https://t.co/kRv3QQGhCb;1.82956e+18;;zanatul_91;in;;0.0;0.0;0.0;https://x.com/undefined/status/1829557062180991001;1.82954e+18;;cek berita kurikulum merdeka lain;netral
kurikulum-merdeka_4.csv;1.84642e+18;Wed Oct 16 08:43:07 +0000 2024;18.0;@zanatul_91 wah mana isi video pelatihan di pmm opening di cgp narasi guru konten kreator tuh pasti mengatasnamakan pemikiran ki hajar dewantara yaa. emang ini tuh terlalu terburu buru penerapannya;1.84647e+18;;zanatul_91;in;;0.0;1.0;0.0;https://x.com/undefined/status/1846471926019137648;290368518.0;;wah mana isi video latih pmm opening cgp narasi guru konten kreator tuh pasti mengatasnamakan pikir ki hajar dewantara yaa emang tuh terlalu buru buru terap;netral
kurikulum-merdeka_4.csv;1.84642e+18;Wed Oct 16 07:27:42 +0000 2024;12.0;"@zanatul_91 You-Know-Who itu nama lainnya Voldemort ya pak? Yg udah ngebunuh guru-guru &amp; suka gangguin anak-anak akademi yg pengen nuntut ilmu dengan tenang iya kan? ";1.84645e+18;;zanatul_91;in;;0.0;2.0;0.0;https://x.com/undefined/status/1846452945082372560;1.50062e+18;;you know who nama lain voldemort pak ngebunuh guru guru amp suka gangguin anak anak akademi ken nuntut ilmu tenang;netral
kurikulum-merdeka_4.csv;1.84642e+18;Wed Oct 16 09:04:42 +0000 2024;10.0;@zanatul_91 pernah suatu kali masuk ke sekolah yang katanya punya cucu KHD. lalu sambil istighfar berucap KHD akan nangis lihat konsep pendidikan kayak gini sih ;1.84648e+18;;zanatul_91;in;;0.0;1.0;0.0;https://x.com/undefined/status/1846477356099158445;9.09449e+17;;pernah suatu kali masuk sekolah kata punya cucu khd lalu sambil istighfar ucap khd nang lihat konsep didik kayak gin sih;netral
kurikulum-merdeka_4.csv;1.84642e+18;Wed Oct 16 07:58:34 +0000 2024;0.0;@zanatul_91 Spil judul bukunya dong kang iman ;1.84646e+18;;zanatul_91;in;;0.0;1.0;0.0;https://x.com/undefined/status/1846460713151418739;129431559.0;;spil judul buku kang iman;netral
kurikulum-merdeka_4.csv;1.84642e+18;Wed Oct 16 05:57:34 +0000 2024;28.0;@zanatul_91 ga bakal nyambung KHD masih memahami kalau belajar itu penderitaan perlu proses menerima untuk dapat menikmati proses belajar. Merdeka belajar tentu saja filosofis dangkal kalau orang bisa jadi apa pun yang mereka inginkan malah lebih dekat ke liberalisme.;1.84643e+18;;zanatul_91;in;;1.0;0.0;2.0;https://x.com/undefined/status/1846430262630273379;1.24711e+18;;bakal nyambung khd masih paham kalau ajar derita perlu proses terima dapat nikmat proses ajar merdeka ajar tentu filosofis dangkal kalau orang bisa mereka ingin malah lebih dekat liberalisme;netral
kurikulum-merdeka_4.csv;1.84642e+18;Wed Oct 16 05:39:15 +0000 2024;17.0;"@zanatul_91 Jelas berbeda atr merdeka dengan bebas... merdeka yg dmksd adl merdeka melakukan sesuatu berdasarkan ilmu &amp; kepakaran. Bukan berdasarkan kebebasan melakukan apapun asal tujuan tercapai (tanpa dasar ilmu yg mumpuni)";1.84643e+18;;zanatul_91;in;;0.0;2.0;5.0;https://x.com/undefined/status/1846425655476670775;1.76461e+18;;jelas beda atr merdeka bebas merdeka dmksd adl merdeka laku sesuatu dasar ilmu amp pakar bukan dasar bebas laku apa asal tuju capai tanpa dasar ilmu mumpuni;netral
kurikulum-merdeka_4.csv;1.84642e+18;Wed Oct 16 23:44:39 +0000 2024;1.0;@zanatul_91 Benar pak.. waktu kuliah profesi dlu ada matkul ttg mengupas pemikiran KHD ini.. tugasnya implementasi kumer KHD .. jdi aku ngarang dan ngebagus2in si kumer dgn serempetin klo ada kata2 yg sama dgn modul yg diberiin ttg KHD.. padahal dalam hati memang ga nyambung samsek..;1.8467e+18;;zanatul_91;in;;0.0;2.0;0.0;https://x.com/undefined/status/1846698805506593178;1.26913e+18;;benar pak waktu kuliah profesi dlu ada matkul ttg kupas pikir khd tugas implementasi kumer khd jdi aku ngarang ngebagus in kumer serempetin kalau ada kata sama modul diberiin ttg khd padahal dalam hati memang nyambung samsek;netral
kurikulum-merdeka_4.csv;1.84642e+18;Wed Oct 16 06:14:39 +0000 2024;0.0;@zanatul_91 Gaji aja belum merdeka. Apalagi pemikiran guru harus merdeka sesuai kurikulum. Ya gak ada titik temunya.;1.84643e+18;;zanatul_91;in;;0.0;0.0;0.0;https://x.com/undefined/status/1846434562190323730;563795565.0;;gaji merdeka apalagi pikir guru harus merdeka sesuai kurikulum gak ada titik temu;netral
kurikulum-merdeka_4.csv;1.84642e+18;Wed Oct 16 06:18:31 +0000 2024;0.0;@zanatul_91 Ini dr buku apa ya Mas?;1.84644e+18;;zanatul_91;in;;0.0;1.0;0.0;https://x.com/undefined/status/1846435536879407471;1.2419e+18;;buku mas;netral
kurikulum-merdeka_4.csv;1.84642e+18;Wed Oct 16 06:23:02 +0000 2024;0.0;@zanatul_91 Ini miskonsepsi. ;1.84644e+18;;zanatul_91;in;;0.0;0.0;0.0;https://x.com/undefined/status/1846436672357188069;320824620.0;;miskonsepsi;netral
kurikulum-merdeka_4.csv;1.84642e+18;Wed Oct 16 06:32:23 +0000 2024;0.0;@zanatul_91 kamouflaagh... biasana ge kitu;1.84644e+18;;zanatul_91;fi;;0.0;0.0;0.0;https://x.com/undefined/status/1846439023986053427;1.28212e+18;;kamouflaagh biasana ge kitu;netral
kurikulum-merdeka_4.csv;1.84642e+18;Wed Oct 16 06:50:12 +0000 2024;0.0;@zanatul_91 you know who Voldemort;1.84644e+18;;zanatul_91;en;;0.0;0.0;0.0;https://x.com/undefined/status/1846443508447768945;1.50072e+18;;you know who voldemort;netral
kurikulum-merdeka_4.csv;1.84642e+18;Wed Oct 16 07:40:39 +0000 2024;0.0;@zanatul_91 @Guru_PNS Selamat dan Bahagia mas;1.84646e+18;;zanatul_91;in;;0.0;0.0;0.0;https://x.com/undefined/status/1846456206854181143;1.83888e+18;;selamat bahagia mas;netral
kurikulum-merdeka_4.csv;1.84642e+18;Wed Oct 16 11:21:39 +0000 2024;0.0;@zanatul_91 Cc mba @ftsykrh;1.84651e+18;;zanatul_91;in;;0.0;1.0;0.0;https://x.com/undefined/status/1846511822981173378;981807050.0;;cc mba;netral
kurikulum-merdeka_5.csv;;;;;;;;;;;;;;;;;netral
kurikulum-merdeka_5.csv;;;;;;;;;;;;;;;;;netral
kurikulum-merdeka_5.csv;;;;;;;;;;;;;;;;;netral
kurikulum-merdeka_5.csv;;;;;;;;;;;;;;;;;netral
kurikulum-merdeka_6.csv;1.80473e+18;Sun Jun 23 03:59:54 +0000 2024;20.0;@zanatul_91 Guru disuruh dongkrak nilai sampe surga;1.80473e+18;;zanatul_91;in;;2.0;2.0;5.0;https://x.com/undefined/status/1804726047176626644;1.04658e+18;;guru suruh dongkrak nilai sampe surga;netral
kurikulum-merdeka_6.csv;1.80473e+18;Sun Jun 23 04:33:46 +0000 2024;4.0;@zanatul_91 Mudah kalau mau naik kelas semua katrol aja nilainya seperti yang biasa dilakukan ;1.80473e+18;;zanatul_91;in;;0.0;1.0;1.0;https://x.com/undefined/status/1804734568903373142;201163667.0;;mudah kalau mau naik kelas semua katrol nilai seperti biasa laku;positif
kurikulum-merdeka_6.csv;1.80473e+18;Mon Jun 24 01:00:01 +0000 2024;5.0;@zanatul_91 Kang Iman pernah tidak menaikkan siswa? Saya pernah. 3 kali. Dan berhasil dg sukses. Sukses dalam arti si anak sadar memang belum saatnya naik. Ortu mendukung. Sekolah juga tidak bermasalah. Saat itu belum ada kemendikbud namanya masih kemdiknas.;1.80504e+18;;zanatul_91;in;;0.0;2.0;0.0;https://x.com/undefined/status/1805043164602081595;375877270.0;;kang iman pernah naik siswa saya pernah kali hasil sukses sukses dalam arti anak sadar memang saat naik ortu dukung sekolah masalah saat ada kemendikbud nama masih kemdiknas;positif
kurikulum-merdeka_6.csv;1.80473e+18;Mon Jun 24 01:58:32 +0000 2024;3.0;@zanatul_91 Saat ini sedang trend personalisasi pendidikan memanfaatkan AI. Agar tiap siswa mendapatkan materi yg berbeda menyesuaikan style dan kemampuan awal siswa.;1.80506e+18;;zanatul_91;in;;0.0;2.0;0.0;https://x.com/undefined/status/1805057893626270051;197771656.0;;saat sedang trend personal didik manfaat ai agar tiap siswa dapat materi beda sesuai style mampu awal siswa;netral
kurikulum-merdeka_6.csv;1.80473e+18;Sun Jun 23 04:42:09 +0000 2024;2.0;@zanatul_91 guru belajar seni mendongrak nilai...;1.80474e+18;;zanatul_91;in;;0.0;1.0;0.0;https://x.com/undefined/status/1804736678302761282;117933011.0;;guru ajar seni mendongrak nilai;netral
kurikulum-merdeka_6.csv;1.80473e+18;Sun Jun 23 12:15:51 +0000 2024;2.0;@zanatul_91 Guru harus manut permintaan pasar agar anak didiknya bisa masuk jalur prestasi ;1.80485e+18;;zanatul_91;in;;0.0;1.0;0.0;https://x.com/undefined/status/1804850857831481523;309571465.0;;guru harus manut minta pasar agar anak didik bisa masuk jalur prestasi;netral
kurikulum-merdeka_6.csv;1.80473e+18;Sun Jun 23 05:18:51 +0000 2024;10.0;@zanatul_91 jika mau mengikuti standar ideal PISA dan standar pendidikan seharusnya dalam konteks ini kebijakan tidak tinggal kelas. ini bisa dilakukan JIKA rasio antar guru dan murid sesuai 1 : 15 mentok mentok 1 : 20.;1.80475e+18;;zanatul_91;in;;0.0;3.0;3.0;https://x.com/undefined/status/1804745916928438723;116374572.0;;jika mau ikut standar ideal pisa standar didik harus dalam konteks bijak tinggal kelas bisa laku jika rasio antar guru murid sesuai mentok mentok;netral
kurikulum-merdeka_6.csv;1.80473e+18;Sun Jun 23 04:05:41 +0000 2024;9.0;@zanatul_91 Kurikulum Merdeka niatnya baik. Tapi implementasi nya itu berantakan;1.80473e+18;;zanatul_91;in;;0.0;0.0;1.0;https://x.com/undefined/status/1804727502952132669;2862109627.0;;kurikulum merdeka niat baik tapi implementasi beranta;positif
kurikulum-merdeka_6.csv;1.80473e+18;Sun Jun 23 06:00:05 +0000 2024;9.0;@zanatul_91 Pembelajaran terdeferensiasi itu khan kalau fasilitas kelas terpenuhi jumlah siswa ga banyak siswa relatif mandiri gaji guru memadai sehingga guru semangat mempraktikkan. Jumlah siswa 40 org fasilitas tdk memadai ya lulusan aja semua ABS semuanya bahagia ;1.80476e+18;;zanatul_91;in;;0.0;0.0;1.0;https://x.com/undefined/status/1804756291409400074;9.0097e+17;;ajar terdeferensiasi khan kalau fasilitas kelas penuh jumlah siswa banyak siswa relatif mandiri gaji guru pada sehingga guru semangat praktik jumlah siswa org fasilitas pada lulus semua abs semua bahagia;netral
kurikulum-merdeka_6.csv;1.80473e+18;Sun Jun 23 04:06:45 +0000 2024;9.0;@zanatul_91 Bayangkan strategi terdiferensiasi apa yg bisa mengakomodasi siswa yg Fase A gagal Fase B gagal lalu mengerjakan tugas kelas yg sedang membahas Fase C. Kadang ideal itu gapnya jauh sama kenyataan.;1.80473e+18;;zanatul_91;in;;0.0;1.0;0.0;https://x.com/undefined/status/1804727772301975648;210842691.0;;bayang strategi diferensiasi bisa akomodasi siswa fase a gagal fase b gagal lalu kerja tugas kelas sedang bahas fase c kadang ideal gap jauh sama nyata;negatif
kurikulum-merdeka_6.csv;1.80473e+18;Sun Jun 23 05:57:07 +0000 2024;5.0;@zanatul_91 Sbnarnya yg paling umum terjadi dilema guru berat untuk menaikkan kelas seorang siswa adalah karena dua hal: anaknya sering bolos sekolah dan kenakalan yg kelewat batas (sperti mabuk). Kalau gini gmn coba?;1.80476e+18;;zanatul_91;in;;1.0;1.0;0.0;https://x.com/undefined/status/1804755547046224070;99848090.0;;sbnarnya paling umum jadi dilema guru berat naik kelas orang siswa dua hal anak sering bolos sekolah nakal lewat batas sperti mabuk kalau gin gmn coba;netral
kurikulum-merdeka_6.csv;1.80473e+18;Sun Jun 23 04:03:23 +0000 2024;4.0;@zanatul_91 Berharap agar tidak ada lagi praktik tinggal kelas. Tapi menghambat anak anak memperoleh pendidikan dengan batasan batasan yang tak masuk akal. Sungguh bodoh;1.80473e+18;;zanatul_91;in;;0.0;1.0;0.0;https://x.com/undefined/status/1804726925400953245;1299772022.0;;harap agar ada praktik tinggal kelas tapi hambat anak anak oleh didik batas batas tak masuk akal sungguh bodoh;netral
kurikulum-merdeka_6.csv;1.80473e+18;Sun Jun 23 05:02:45 +0000 2024;3.0;@zanatul_91 Kemarin kepsek saya bilang di jepang anak transisi dari paud ke sd tidak perlu caslitung Klo dimarii wasalam ortunya gak mau ngajaran lewat dah ;1.80474e+18;;zanatul_91;in;;0.0;1.0;0.0;https://x.com/undefined/status/1804741864677093673;1.24954e+18;;kemarin kepsek saya bilang jepang anak transisi paud sd perlu caslitung kalau mari wasalam ortunya gak mau ngajaran lewat;netral
kurikulum-merdeka_6.csv;1.80473e+18;Sun Jun 23 12:25:00 +0000 2024;3.0;@zanatul_91 Pada praktiknya muncul masalah baru yaitu siswa makin tak punya tanggung jawab belajar disuruh nyatet ga mau ujian asal2an akhlak asal2an karena mereka tahu kalo mereka bakalan naik kelas. Capaian kompetensi siswa yg diharapkan jadi makin jauh.;1.80485e+18;;zanatul_91;in;;0.0;0.0;0.0;https://x.com/undefined/status/1804853158705090664;61117243.0;;praktik muncul masalah baru yaitu siswa makin tak punya tanggung jawab ajar suruh nyatet mau uji asal an akhlak asal an mereka tahu kalo mereka bakal naik kelas capai kompetensi siswa harap makin jauh;negatif
kurikulum-merdeka_6.csv;1.80473e+18;Sun Jun 23 14:16:37 +0000 2024;2.0;@zanatul_91 Dan siswa-siswa pun dah tau kalau ga ada tinggal kelas jadi ga ada niat belajar tugas pun tak dibuat.. bahkan anak-anak nakal pun dapat angin segar karena pasti naik kelas dan pasti lulus sekolah.. kenaikan dan kelulusan pasti dapat 100% tapi kualitas 0 besar...;1.80488e+18;;zanatul_91;in;;0.0;0.0;0.0;https://x.com/undefined/status/1804881249359766010;68701955.0;;siswa siswa tau kalau ada tinggal kelas ada niat ajar tugas tak buat bahkan anak anak nakal dapat angin segar pasti naik kelas pasti lulus sekolah naik kelulus pasti dapat tapi kualitas besar;netral
kurikulum-merdeka_6.csv;1.80473e+18;Sun Jun 23 04:12:43 +0000 2024;1.0;@zanatul_91 Teramat sangat mulia tapi akan lebih mulia lagi beban mengajar misalnya bisa disesuaikan. Malah ada pemda yg mengharuskan mengajar 30jp bisa dibayangkan berapa jam waktu istirahat yg dimiliki oleh guru agar bisa menjalankan tugas mulianya itu?;1.80473e+18;;zanatul_91;in;;0.0;0.0;0.0;https://x.com/undefined/status/1804729274055966779;92545833.0;;amat sangat mulia tapi lebih mulia beban ajar misal bisa sesuai malah ada pemda harus ajar jp bisa bayang berapa jam waktu istirahat milik oleh guru agar bisa jalan tugas mulia;netral
kurikulum-merdeka_6.csv;1.80473e+18;Sun Jun 23 05:02:01 +0000 2024;1.0;@zanatul_91 Kita lihat kwajiban guru semakin meningkat dan murit akan lebih banyak jam 0 / mengisi tugas sendiri karna guru sibuk mengisi dafatr;1.80474e+18;;zanatul_91;in;;0.0;0.0;0.0;https://x.com/undefined/status/1804741679997501531;1.69144e+18;;kita lihat kwajiban guru makin tingkat murit lebih banyak jam isi tugas sendiri karna guru sibuk isi dafatr;netral
kurikulum-merdeka_6.csv;1.80473e+18;Mon Jun 24 01:32:26 +0000 2024;1.0;@zanatul_91 Guru harus ditambahi staff pak :);1.80505e+18;;zanatul_91;in;;0.0;0.0;0.0;https://x.com/undefined/status/1805051325279014931;1610663785.0;;guru harus tambah staff pak;netral
kurikulum-merdeka_6.csv;1.80473e+18;Mon Jun 24 02:09:08 +0000 2024;1.0;@zanatul_91 Pengalaman hmpr 20 thn berkecimpung d dunia pendidikan ada jg kok anak yg tinggal kelas abis itu malah jd lbh baik akademik dan perilakunya. Perlu kerjasama dgn berbagai pihak utk tumbuhkan kesadaran anak utk belajar dan berperilaku proper;1.80506e+18;;zanatul_91;in;;0.0;0.0;0.0;https://x.com/undefined/status/1805060559408374149;1.38086e+18;;alam hmpr thn kecimpung d dunia didik ada anak tinggal kelas abis malah jd lbh baik akademik perilaku perlu kerjasama bagai pihak utk tumbuh sadar anak utk ajar perilaku proper;positif
kurikulum-merdeka_6.csv;1.80473e+18;Sun Jun 23 05:18:15 +0000 2024;0.0;@zanatul_91 Mereka yg tinggal kelas bukan berarti anak yg bodoh namun kurikulum yg ada belum bsa menggambarkan kemampuan anak tsb yg sbnernya;1.80475e+18;;zanatul_91;in;;0.0;1.0;0.0;https://x.com/undefined/status/1804745763400167543;1025925932.0;;mereka tinggal kelas bukan arti anak bodoh namun kurikulum ada bsa gambar mampu anak tsb sbnernya;netral
kurikulum-merdeka_6.csv;1.80473e+18;Sun Jun 23 10:50:22 +0000 2024;0.0;@zanatul_91 Rapat kenaikan kelas tidak diperlukan lagi?;1.80483e+18;;zanatul_91;in;;0.0;0.0;0.0;https://x.com/undefined/status/1804829346143838604;2858068638.0;;rapat naik kelas perlu;netral
kurikulum-merdeka_6.csv;1.80473e+18;Sun Jun 23 11:37:07 +0000 2024;0.0;@zanatul_91 Selalu mengukur dari kuantitas kualitas dilupakan. Masa bodo gak bisa apa2 yg penting naik kelas. Naik semua = kualitas bagus baik2 saja dan tidak ada masalah.;1.80484e+18;;zanatul_91;in;;0.0;0.0;0.0;https://x.com/undefined/status/1804841110768128196;1.04605e+18;;selalu ukur kuantitas kualitas lupa masa bodo gak bisa penting naik kelas naik semua kualitas bagus baik ada masalah;positif
kurikulum-merdeka_6.csv;1.80473e+18;Sun Jun 23 11:55:32 +0000 2024;0.0;@zanatul_91 Seringnya pembelajaran berdiferensiasi didasarkan pada teoribtentang gaya belajar (yang sesungguhnya lemah evidence-nya). Pada sisi ekstrim pembelajaran berdiferensiasi mengarah pada kustomisasi metode pembelajaran secara individual. Jadi guru mengajar klasikal atau individual?;1.80485e+18;;zanatul_91;in;;0.0;0.0;0.0;https://x.com/undefined/status/1804845746266771777;9571192.0;;sering ajar diferensiasi dasar teoribtentang gaya ajar sungguh lemah evidence sisi ekstrim ajar diferensiasi arah kustomisasi metode ajar cara individual guru ajar klasikal individual;negatif
kurikulum-merdeka_6.csv;1.80473e+18;Sun Jun 23 12:07:01 +0000 2024;0.0;@zanatul_91 Tinggal kelas dapat ditinggalkan harus dibarengi dengan tidak mengkatrol nilai.;1.80485e+18;;zanatul_91;in;;0.0;0.0;0.0;https://x.com/undefined/status/1804848632585404833;1.35575e+18;;tinggal kelas dapat tinggal harus bareng katrol nilai;netral
kurikulum-merdeka_6.csv;1.80473e+18;Sun Jun 23 14:33:58 +0000 2024;0.0;@zanatul_91 Ini yg kami rasakan.;1.80489e+18;;zanatul_91;in;;0.0;0.0;0.0;https://x.com/undefined/status/1804885616171368596;453929798.0;;kami rasa;netral
kurikulum-merdeka_6.csv;1.80473e+18;Sun Jun 23 15:54:25 +0000 2024;0.0;@zanatul_91 Biasanya sekolah swasta yang biasa mengatrol nilai siswanya.;1.80491e+18;;zanatul_91;in;;0.0;0.0;0.0;https://x.com/undefined/status/1804905860160000152;7.98691e+17;;biasa sekolah swasta biasa katrol nilai siswa;netral
kurikulum-merdeka_6.csv;1.80473e+18;Sun Jun 23 16:44:39 +0000 2024;0.0;@zanatul_91 prakteknya gimana? bentuk modulnya gimana?;1.80492e+18;;zanatul_91;in;;0.0;0.0;0.0;https://x.com/undefined/status/1804918503377711287;1968617191.0;;praktek gimana bentuk modul gimana;netral
kurikulum-merdeka_6.csv;1.80473e+18;Mon Jun 24 00:40:46 +0000 2024;0.0;@zanatul_91 5M: man money method material machine. Timpang money morat-marit!!;1.80504e+18;;zanatul_91;en;;0.0;0.0;0.0;https://x.com/undefined/status/1805038320319439239;1.17395e+18;;m man money method material machine timpang money morat marit;netral
kurikulum-merdeka_6.csv;1.80473e+18;Mon Jun 24 07:22:07 +0000 2024;0.0;@zanatul_91 Menurut saya sebenarnya gpp kalau mau dibuat tidak ada yg tidak naik kelas. Trus kelulusan ditentukan oleh sekolah. TAPI tetep diadakan Ebtanas bukan sebagai penentu kelulusan tapi NEM nya sebagai alat seleksi Masuk SMP dan SMA (jika emang ndak sanggup menyelenggarakan-c-;1.80514e+18;;zanatul_91;in;;0.0;1.0;0.0;https://x.com/undefined/status/1805139325614772380;1.70033e+18;;turut saya benar gpp kalau mau buat ada naik kelas trus kelulus tentu oleh sekolah tapi tetep ada ebtanas bukan bagai tentu kelulus tapi nem bagai alat seleksi masuk smp sma jika emang ndak sanggup selenggara c;netral
kurikulum-merdeka_6.csv;1.80473e+18;Mon Sep 30 12:22:52 +0000 2024;0.0;@zanatul_91 Disisi lain guru sudah berusaha penuh. Tetapi si anak tidak mempunyai semangat ingin tau dan usaha lebih. Anak santai² dalam benaknya sudah terpatri TIDAK BELAJAR TIDAK MASALAH PASTI NAIK KELAS.;1.84073e+18;;zanatul_91;in;;0.0;1.0;0.0;https://x.com/undefined/status/1840729021547680249;857321462.0;;sisi lain guru usaha penuh tetapi anak punya semangat ingin tau usaha lebih anak santai dalam benak patri ajar masalah pasti naik kelas;negatif
kurikulum-merdeka_7.csv;1.80699e+18;Sat Jun 29 10:44:20 +0000 2024;6.0;@zanatul_91 Tampilkankanlah kurikulum yg nambah puyeng itu biar lengkap.;1.807e+18;;zanatul_91;in;;0.0;1.0;0.0;https://x.com/undefined/status/1807002152424091979;375877270.0;;tampilkankanlah kurikulum nambah puyeng biar lengkap;netral
kurikulum-merdeka_7.csv;1.80699e+18;Sun Jun 30 03:03:18 +0000 2024;0.0;@zanatul_91 Model hibrid gak sih akhirnya? Kayak fusion dragon ball gitu mungkin yaaa?;1.80725e+18;;zanatul_91;in;;0.0;1.0;0.0;https://x.com/undefined/status/1807248517116879202;1.5172e+18;;model hibrid gak sih akhir kayak fusion dragon ball begitu mungkin;netral
kurikulum-merdeka_7.csv;1.80699e+18;Sat Jun 29 11:59:08 +0000 2024;20.0;@zanatul_91 Keknya juga ga ada RnD nya.. ga ada percobaan terbatas dan luas nya.. jadi tiba-tiba ujug-ujug lempar ke lapangan.. kitanya yang jadi kelinci percobaan. Barang belum sempurna belum final makanya sampe sekarang isinya revisi mulu...;1.80702e+18;;zanatul_91;in;;0.0;5.0;0.0;https://x.com/undefined/status/1807020976300765376;68701955.0;;kek ada rnd ada coba batas luas tiba tiba ujug ujug lempar lapang kita kelinci coba barang sempurna final makanya sampe sekarang isi revisi mulu;positif
kurikulum-merdeka_7.csv;1.80699e+18;Sun Jun 30 00:36:20 +0000 2024;14.0;@zanatul_91 Tingkat Sekolahan aja pada bingung sama KM mas. Makanya dibilang Kurikulum Modar. Kalo dulu Kurikulum 2013 itu dicemooh ama Siswa jadi Kurtilas Kurikulum Tidak Jelas. Kalo KM dicemooh ama guru2 bahkan 1 sekolahan yaitu Kurikulum Modar. Karna bikin repot asli n keliatan banget;1.80721e+18;;zanatul_91;in;;0.0;1.0;3.0;https://x.com/undefined/status/1807211531698127135;2862109627.0;;tingkat sekolah bingung sama km mas makanya bilang kurikulum modar kalo dulu kurikulum cemooh ama siswa kurtilas kurikulum jelas kalo km cemooh ama guru bahkan sekolah yaitu kurikulum modar karna bikin repot asli n liat sangat;netral
kurikulum-merdeka_7.csv;1.80699e+18;Sat Jun 29 11:22:26 +0000 2024;7.0;@zanatul_91 Inti dari semuanya itu adalah raport siswa harus tinggi kalau nggak bakalan sulit dapet sekolah negeri meski lewat jalur prestasi.;1.80701e+18;;zanatul_91;in;;0.0;3.0;1.0;https://x.com/undefined/status/1807011740011700500;8.99135e+17;;inti semua raport siswa harus tinggi kalau nggak bakal sulit dapet sekolah negeri meski lewat jalur prestasi;netral
kurikulum-merdeka_7.csv;1.80699e+18;Sat Jun 29 10:08:41 +0000 2024;5.0;@zanatul_91 Itulah hasil kementerian Ora Mikir asal saja buat kurikulum.;1.80699e+18;;zanatul_91;in;;0.0;1.0;0.0;https://x.com/undefined/status/1806993180895965531;1.60618e+18;;itu hasil menteri ora mikir asal buat kurikulum;netral
kurikulum-merdeka_7.csv;1.80699e+18;Sat Jun 29 21:29:32 +0000 2024;4.0;@zanatul_91 KM ini kurikulum gak jelas bikin guru2 bingung. Materi pelajaran yg disampaikan beda2 antar sekolah bahkan ada sekolah yg beda guru beda materi yg diajarkan.;1.80716e+18;;zanatul_91;in;;0.0;2.0;0.0;https://x.com/undefined/status/1807164521938899096;1.42784e+18;;km kurikulum gak jelas bikin guru bingung materi ajar sampai beda antar sekolah bahkan ada sekolah beda guru beda materi ajar;netral
kurikulum-merdeka_7.csv;1.80699e+18;Sat Jun 29 10:48:27 +0000 2024;3.0;@zanatul_91 Yang sebutan kurikulum nasional yang mana? Katanya terbaru?;1.807e+18;;zanatul_91;in;;0.0;2.0;0.0;https://x.com/undefined/status/1807003188522000452;1.50617e+18;;sebut kurikulum nasional mana kata baru;netral
kurikulum-merdeka_7.csv;1.80699e+18;Sun Jun 30 01:45:03 +0000 2024;0.0;@zanatul_91 KOSP itu adalah kurikulum operasional satuan pendidikan sama dgn dokumen 1 dlm K13;1.80723e+18;;zanatul_91;in;;0.0;0.0;0.0;https://x.com/undefined/status/1807228824956149865;1472168220.0;;kosp kurikulum operasional satu didik sama dokumen dlm k;netral
kurikulum-merdeka_7.csv;1.80699e+18;Tue Jul 02 04:16:02 +0000 2024;0.0;@zanatul_91 Ada yang punya file CP terbaru?;1.80799e+18;;zanatul_91;in;;0.0;0.0;0.0;https://x.com/undefined/status/1807991598585913655;1.71484e+18;;ada punya file cp baru;netral
kurikulum-merdeka_7.csv;1.80699e+18;Wed Jan 15 07:12:17 +0000 2025;1.0;@zanatul_91 https://t.co/F8IXQPijI5 jawaban pendidikan pancasila kelas 4 halaman 83 kurikulum merdeka terbaru;1.87943e+18;;zanatul_91;in;;0.0;0.0;0.0;https://x.com/undefined/status/1879426361804328961;1.87942e+18;;jawab didik pancasila kelas halaman kurikulum merdeka baru;netral
kurikulum-merdeka_7.csv;1.80699e+18;Fri Jul 05 01:46:39 +0000 2024;0.0;@zanatul_91 @dariguruhonorer https://t.co/erjR2SCLxt: berikut;1.80904e+18;;zanatul_91;in;;0.0;0.0;0.0;https://x.com/undefined/status/1809041168761827726;1.80904e+18;;ikut;netral
kurikulum-merdeka_7.csv;1.80699e+18;Tue Oct 15 07:39:46 +0000 2024;0.0;@zanatul_91 cek kurikulum merdeka lainnya https://t.co/WaXBFK5KK8;1.84609e+18;;zanatul_91;in;;0.0;0.0;0.0;https://x.com/undefined/status/1846093594031210929;1.84213e+18;;cek kurikulum merdeka lain;netral
kurikulum-merdeka_7.csv;1.80699e+18;Wed Mar 12 08:01:19 +0000 2025;0.0;@zanatul_91 PENGGANTI KURIKULUM MERDEKA?? simak video di link berikut ini : https://t.co/mh18l6firb;1.89973e+18;;zanatul_91;in;;0.0;0.0;0.0;https://x.com/undefined/status/1899732424252432699;1.89945e+18;;ganti kurikulum merdeka simak video link ikut;netral
kurikulum-merdeka_8.csv;1.76024e+18;Wed Feb 21 10:33:03 +0000 2024;19.0;@zanatul_91 pas aku magang di dpr aku nanya kenapa setiap pembuatan uu ngga ada masa public hearing kayak di US Congress. dan memang katanya di indo ngga ada kenal kata uji publik secara formal di parlemen. Karena dengan membahas kebijakan bersama dpr aja udah itungannya uji publik.;1.76025e+18;;zanatul_91;in;;0.0;1.0;2.0;https://x.com/undefined/status/1760251280184971562;1.18909e+18;;pas aku magang dpr aku nanya kenapa tiap buat uu ngga ada masa public hearing kayak us congress memang kata indo ngga ada kenal kata uji publik cara formal parlemen bahas bijak sama dpr itungannya uji publik;netral
kurikulum-merdeka_8.csv;1.76024e+18;Wed Feb 21 10:39:47 +0000 2024;12.0;@zanatul_91 Yg repot yg di lapangan. Yg di dalem gedung gk ngerasain susahnya nerapin di kelas wkwk;1.76025e+18;;zanatul_91;in;;0.0;0.0;4.0;https://x.com/undefined/status/1760252972699971586;4682956135.0;;repot lapang dalem gedung ngerasain susah nerapin kelas;netral
kurikulum-merdeka_8.csv;1.76024e+18;Wed Feb 21 10:01:41 +0000 2024;4.0;@zanatul_91 Yg punya kebijakan mereka guru cuma target/sasaran;1.76024e+18;;zanatul_91;in;;0.0;1.0;1.0;https://x.com/undefined/status/1760243384881659964;112076861.0;;punya bijak mereka guru cuma target sasar;netral
kurikulum-merdeka_8.csv;1.76024e+18;Wed Feb 21 10:50:50 +0000 2024;1.0;@zanatul_91 @edukotor Sejauh ini berjalan berdasar Kepmendikbud 262/2022 dan beberapa KepKaBSKAP;1.76026e+18;;zanatul_91;in;;0.0;0.0;1.0;https://x.com/undefined/status/1760255753024422169;2237377454.0;;jauh jalan dasar kepmendikbud beberapa kepkabskap;netral
kurikulum-merdeka_8.csv;1.76024e+18;Wed Feb 21 09:53:21 +0000 2024;2.0;@zanatul_91 Maaf taunya masa depan bukan masa lalu - seloroh beliau ;1.76024e+18;;zanatul_91;in;;0.0;0.0;0.0;https://x.com/undefined/status/1760241287842902183;92545833.0;;maaf tau masa depan bukan masa lalu seloroh beliau;netral
kurikulum-merdeka_8.csv;1.76024e+18;Wed Feb 21 11:16:53 +0000 2024;0.0;@zanatul_91 Kalo guru/ortu siswa yg merasa dirugikan kurmer ini menPTUN-kan permendikbud dan keputusan BSKAP terkait murmer mulai edisi 2022 atau raport k13 yg dibuat dgn versi kurmer trus menang. Seru kali yah.;1.76026e+18;;zanatul_91;in;;0.0;0.0;1.0;https://x.com/undefined/status/1760262310650937609;211759522.0;;kalo guru ortu siswa rasa rugi kurmer menptun permendikbud putus bskap kait murmer mulai edisi raport k buat versi kurmer trus menang seru kali yah;netral
kurikulum-merdeka_8.csv;1.76024e+18;Wed Feb 21 09:51:18 +0000 2024;1.0;@zanatul_91 Makhluk jadi-jadian;1.76024e+18;;zanatul_91;in;;0.0;0.0;0.0;https://x.com/undefined/status/1760240771138228358;2858068638.0;;makhluk jadi;netral
kurikulum-merdeka_8.csv;1.76024e+18;Wed Feb 21 11:20:23 +0000 2024;1.0;@zanatul_91 Sejarah menurut mereka biar mnjdi masalahLo sprtinyahh ;1.76026e+18;;zanatul_91;in;;0.0;0.0;0.0;https://x.com/undefined/status/1760263192964682068;1.36126e+18;;sejarah turut mereka biar mnjdi masalahlo sprtinyahh;netral
kurikulum-merdeka_8.csv;1.76024e+18;Thu Feb 22 07:53:24 +0000 2024;1.0;@zanatul_91 Panjang sekali itu singkatan;1.76057e+18;;zanatul_91;in;;0.0;0.0;0.0;https://x.com/undefined/status/1760573489797587206;1.24998e+18;;panjang sekali singkat;netral
kurikulum-merdeka_8.csv;1.76024e+18;Thu Feb 22 10:54:56 +0000 2024;1.0;@zanatul_91 Proyek akhir tahun politk;1.76062e+18;;zanatul_91;in;;0.0;0.0;0.0;https://x.com/undefined/status/1760619175465410622;1.50617e+18;;proyek akhir tahun politk;netral
kurikulum-merdeka_8.csv;1.76024e+18;Wed Feb 21 15:03:35 +0000 2024;0.0;@zanatul_91 @Guru_PNS Jgn menghina kerja keras dikbud ya;1.76032e+18;;zanatul_91;in;;0.0;0.0;0.0;https://x.com/undefined/status/1760319359032123745;583392136.0;;jgn hina kerja keras dikbud;netral
kurikulum-merdeka_8.csv;1.76024e+18;Thu Feb 22 04:16:02 +0000 2024;0.0;@zanatul_91 Anggaran utk sektor pendidikan udah sejak 15 tahun lalu diketok wajib 20%. Tetapi kalo melihat HASIL dibawah kok menggelikan ya? Pdhl Australia hanya 5.5% Singapore 7% bahkan USA 12.5% ke-3 nya jauh dibawah standar rekomendasi UnEsco ..haha.. https://t.co/p7DgPsQtTY;1.76052e+18;https://pbs.twimg.com/media/GG6efBfaoAEEuX0.jpg;zanatul_91;in;;0.0;0.0;0.0;https://x.com/undefined/status/1760518786040647961;138631288.0;;anggar utk sektor didik sejak tahun lalu ketok wajib tetapi kalo lihat hasil bawah geli pdhl australia hanya singapore bahkan usa jauh bawah standar rekomendasi unesco haha;netral
kurikulum-merdeka_9.csv;1.83292e+18;Mon Sep 09 00:08:35 +0000 2024;8.0;@tvOneNews Dulu yg mengusulkan nadiem jadi menteri pendidikan bener2 gak lihat latar belakangnya semoga di pemerintahan yg baru dapat menteri pendidikan yg mengerti dan paham memajukan murid dan tenaga pengajar lebih baik mencapai keilmuwan yg unggul;1.83293e+18;;tvOneNews;in;;0.0;0.0;0.0;https://x.com/undefined/status/1832934088891904501;95581423.0;;dulu usul nadiem menteri didik bener gak lihat latar belakang moga perintah baru dapat menteri didik erti paham maju murid tenaga ajar lebih baik capai keilmuwan unggul;positif
kurikulum-merdeka_9.csv;1.83292e+18;Sun Sep 08 23:04:13 +0000 2024;7.0;@tvOneNews Nadiem telah merusak sistem pendidikan Indonesia.;1.83292e+18;;tvOneNews;in;;1.0;1.0;0.0;https://x.com/undefined/status/1832917888929513859;121425273.0;;nadiem telah rusak sistem didik indonesia;netral
kurikulum-merdeka_9.csv;1.83292e+18;Sun Sep 08 23:04:34 +0000 2024;4.0;@tvOneNews Niat nya ingin merusak bangsa dan negara ini... Siapa sih nadim ini??? Apa dia benar org Indonesia.. Yg punya rasa terhadap bangsa dan negara ini....;1.83292e+18;;tvOneNews;in;;0.0;0.0;0.0;https://x.com/undefined/status/1832917975747400060;1.62255e+18;;niat ingin rusak bangsa negara siapa sih nadim dia benar org indonesia punya rasa hadap bangsa negara;netral
kurikulum-merdeka_9.csv;1.83292e+18;Sun Sep 08 23:42:16 +0000 2024;4.0;@tvOneNews Ucapan seorang negarawan sejati yg sllu tulus mengabdi pada bangsa dan negeri ini perlu dipahami dan diteladani ;1.83293e+18;;tvOneNews;in;;0.0;0.0;0.0;https://x.com/undefined/status/1832927466148761996;1.75196e+18;;ucap orang negarawan sejati sllu tulus abdi bangsa negeri perlu paham teladan;netral
kurikulum-merdeka_9.csv;1.83292e+18;Mon Sep 09 00:10:58 +0000 2024;3.0;@tvOneNews Kalau menterinya membuat program seperti itu dan dijalankan artinya atasan menteri sdh setuju....;1.83293e+18;;tvOneNews;in;;0.0;0.0;0.0;https://x.com/undefined/status/1832934689608478800;69804623.0;;kalau menteri buat program seperti jalan arti atas menteri tuju;netral
kurikulum-merdeka_9.csv;1.83292e+18;Mon Sep 09 01:39:56 +0000 2024;3.0;@tvOneNews Inilah akibat buruknya bila suatu urusan diberikan kepada orang yang bukan ahlinya tunggu kehancurannya...;1.83296e+18;;tvOneNews;in;;0.0;0.0;0.0;https://x.com/undefined/status/1832957078543167855;305025889.0;;ini akibat buruk bila suatu urus beri kepada orang bukan ahli tunggu hancur;negatif
kurikulum-merdeka_9.csv;1.83292e+18;Mon Sep 09 11:44:30 +0000 2024;3.0;@tvOneNews Emang bangke si nadiem spp sekolah sekarang mahal banget. Sekolah SMA saja spp nya setara bayar kuliah jaman SBY trus biaya kuliah sekarang lebih gila lagi. Pendidikan sekarang dijadikan ajang komersil;1.83311e+18;;tvOneNews;in;;0.0;1.0;0.0;https://x.com/undefined/status/1833109221749198990;2518915579.0;;emang bangke nadiem spp sekolah sekarang mahal sangat sekolah sma spp tara bayar kuliah jaman sby trus biaya kuliah sekarang lebih gila didik sekarang jadi ajang komersil;netral
kurikulum-merdeka_9.csv;1.83292e+18;Mon Sep 09 00:47:47 +0000 2024;2.0;@tvOneNews Anaknya yg merdeka belajar ortunya yg mumet jadi ikutan sekolah lagi .;1.83294e+18;;tvOneNews;in;;0.0;1.0;0.0;https://x.com/undefined/status/1832943951898456377;193416229.0;;anak merdeka ajar ortunya mumet ikut sekolah;netral
kurikulum-merdeka_9.csv;1.83292e+18;Sun Sep 08 23:25:45 +0000 2024;1.0;@tvOneNews Mungkin anak2 Indonesia di suruh jdi tukang ojol aza;1.83292e+18;;tvOneNews;in;;0.0;0.0;0.0;https://x.com/undefined/status/1832923308825923922;1.07395e+18;;mungkin anak indonesia suruh jdi tukang ojol aza;netral
kurikulum-merdeka_9.csv;1.83292e+18;Mon Sep 09 04:05:24 +0000 2024;1.0;@tvOneNews Betul kata Pak JK. Bukan sistem nya yg salah .. tp penerapan sistem nya belum cocok utk di Indonesia dg kondisi sosial ekonomi yg berbeda dg negara maju;1.83299e+18;;tvOneNews;in;;0.0;0.0;0.0;https://x.com/undefined/status/1832993682913706391;81565069.0;;betul kata pak jk bukan sistem salah tapi terap sistem cocok utk indonesia kondisi sosial ekonomi beda negara maju;negatif
kurikulum-merdeka_9.csv;1.83292e+18;Mon Sep 09 10:50:34 +0000 2024;1.0;@tvOneNews Mereka sekarang punya misi membodohi generasi bangsa;1.8331e+18;;tvOneNews;in;;0.0;0.0;0.0;https://x.com/undefined/status/1833095648822071598;1.65761e+18;;mereka sekarang punya misi bodoh generasi bangsa;netral
kurikulum-merdeka_9.csv;1.83292e+18;Mon Sep 09 11:37:22 +0000 2024;1.0;@tvOneNews Kayaknya memang tugasnya menteri skrg memperbodoh rakyta...;1.83311e+18;;tvOneNews;in;;0.0;0.0;0.0;https://x.com/undefined/status/1833107424179548458;1.59746e+18;;kayak memang tugas menteri skrg bodoh rakyta;netral
kurikulum-merdeka_9.csv;1.83292e+18;Mon Sep 09 02:06:59 +0000 2024;0.0;@tvOneNews Emang benar. Pendidikan kita skrg ini sdh rusak dimulai dari aturan dan kebijakan2 dari pusat. Generasi skrg yg msh sekolah menjadi korban atas rusaknya sistem pendidikan kita.;1.83296e+18;;tvOneNews;in;;0.0;0.0;0.0;https://x.com/undefined/status/1832963882333491540;98551340.0;;emang benar didik kita skrg rusak mulai atur bijak pusat generasi skrg msh sekolah jadi korban atas rusak sistem didik kita;netral
kurikulum-merdeka_9.csv;1.83292e+18;Mon Sep 09 02:21:49 +0000 2024;0.0;@tvOneNews Nadiem kan manusia langka dia lahir dari lobang pantat @nadiemmakarim;1.83297e+18;;tvOneNews;in;;0.0;0.0;0.0;https://x.com/undefined/status/1832967618975957203;116969718.0;;nadiem manusia langka dia lahir lobang pantat;netral
kurikulum-merdeka_9.csv;1.83292e+18;Mon Sep 09 03:01:09 +0000 2024;0.0;@tvOneNews ;1.83298e+18;;tvOneNews;qme;;0.0;0.0;0.0;https://x.com/undefined/status/1832977515750494356;1.74576e+18;;;netral
kurikulum-merdeka_9.csv;1.83292e+18;Mon Sep 09 06:27:19 +0000 2024;0.0;@tvOneNews Sabar pak bukan depan udah gak jadi menteri;1.83303e+18;;tvOneNews;in;;0.0;0.0;0.0;https://x.com/undefined/status/1833029400058900981;8.84709e+17;;sabar pak bukan depan gak menteri;netral
kurikulum-merdeka_9.csv;1.83292e+18;Mon Sep 09 11:43:34 +0000 2024;0.0;@tvOneNews Menyala p Yusuf kala Terima kasih sudah membela rakyat;1.83311e+18;;tvOneNews;in;;0.0;0.0;0.0;https://x.com/undefined/status/1833108987648364916;1.53859e+18;;nyala p yusuf kala terima kasih bela rakyat;netral
kurikulum-merdeka_9.csv;1.83292e+18;Mon Sep 09 13:12:07 +0000 2024;0.0;@tvOneNews Emg bener gak ada UN anak2 pd males belajar;1.83313e+18;;tvOneNews;in;;0.0;0.0;0.0;https://x.com/undefined/status/1833131272497246716;7.88018e+17;;emg bener gak ada un anak pd males ajar;netral
kurikulum-merdeka_9.csv;1.83292e+18;Mon Sep 09 14:35:38 +0000 2024;0.0;@tvOneNews Ancuuuuur?;1.83315e+18;;tvOneNews;in;;0.0;0.0;0.0;https://x.com/undefined/status/1833152288732684788;1.31918e+18;;ancur;netral
kurikulum-merdeka_9.csv;1.83292e+18;Mon Sep 09 15:20:56 +0000 2024;0.0;@tvOneNews Pdhl kurikulum merdeka klo dibaca tuh mirip kurikulum cikal cuma lagi2 sebenernya sistemnya belum siap jd mungkin ga jelas eksekusinya pengajar belum siap ortu ga dikasih pengetahuan yg jelas jd marah2 korbannya ke anak jd ga jelas mau kmn arahnya;1.83316e+18;;tvOneNews;in;;0.0;0.0;0.0;https://x.com/undefined/status/1833163689601749487;1.5729e+18;;pdhl kurikulum merdeka kalau baca tuh mirip kurikulum cikal cuma sebenernya sistem siap jd mungkin jelas eksekusi ajar siap ortu kasih tahu jelas jd marah korban anak jd jelas mau kmn arah;netral
kurikulum-merdeka_9.csv;1.83292e+18;Mon Sep 09 19:25:56 +0000 2024;0.0;"@tvOneNews Mas Menteri &amp; Pabrik Sarjana https://t.co/VBDs7biGmN";1.83323e+18;https://pbs.twimg.com/media/GXDsup3bEAEC4ks.jpg;tvOneNews;in;;0.0;0.0;0.0;https://x.com/undefined/status/1833225345719476557;1.57044e+18;;mas menteri amp pabrik sarjana;netral
kurikulum-merdeka_9.csv;1.83292e+18;Mon Sep 09 21:26:29 +0000 2024;0.0;@tvOneNews Merdeka belajar itu kalau dimaknai bisa sak karepmu bejar Kono Ra belajar Yo Kono. Ditambah dengan maraknya konten negatif di sosmed maka lengkaplah.;1.83326e+18;;tvOneNews;in;;0.0;0.0;0.0;https://x.com/undefined/status/1833255682726105224;1.65318e+18;;merdeka ajar kalau makna bisa sak karepmu bejar kono ra ajar yo kono tambah marak konten negatif sosmed maka lengkap;negatif
kurikulum-merdeka_9.csv;1.83292e+18;Mon Sep 09 22:41:31 +0000 2024;0.0;@tvOneNews Bagus2 aja kurikulum merdeka ;1.83327e+18;;tvOneNews;in;;0.0;0.0;0.0;https://x.com/undefined/status/1833274563393949937;4442456714.0;;bagus kurikulum merdeka;positif
