Source.Name;conversation_id_str;created_at;favorite_count;full_text;id_str;image_url;in_reply_to_screen_name;lang;location;quote_count;reply_count;retweet_count;tweet_url;user_id_str;username;clean_text
respon_orang_tua_terhadap_kurikulum_baru_1.csv;1.83723e+18;Fri Sep 20 21:16:38 +0000 2024;22;@ikhwanuddin Kebanyakan org tua menyekolahkan anak itu alasannya krn sibuk kerja ga punya waktu utk mendidik anak. Jdnya ortu tau beres aja sama guru dan sekolah.;1.83724e+18;;ikhwanuddin;in;;0;3;0;https://x.com/undefined/status/1837239469076087109;456016525.0;;banyak org tua sekolah anak alas krn sibuk kerja punya waktu utk didik anak jdnya ortu tau beres sama guru sekolah
respon_orang_tua_terhadap_kurikulum_baru_1.csv;1.83723e+18;Sat Sep 21 01:44:10 +0000 2024;17;@ikhwanuddin Kami dulu diinterview diinterview oleh kepala sekolah saat anak test masuk SD. Ditanya jam berangkat/pulang kerja sering lembur gak? Komitmen nemenin anak saat ngerjain homework komitmen untuk membatasi screen time anak.;1.83731e+18;;ikhwanuddin;in;;0;0;2;https://x.com/undefined/status/1837306797306302765;1.81662e+18;;kami dulu diinterview diinterview oleh kepala sekolah saat anak test masuk sd tanya jam berangkat pulang kerja sering lembur gak komitmen nemenin anak saat ngerjain homework komitmen batas screen time anak
respon_orang_tua_terhadap_kurikulum_baru_1.csv;1.83723e+18;Fri Sep 20 23:15:35 +0000 2024;8;@ikhwanuddin setuju. faktor sleep well kadang suka terlewat oleh orang tua padahal tidur yg cukup itu berpengaruh ke performa anak saat di sekolah atau saat belajar.;1.83727e+18;;ikhwanuddin;in;;0;0;2;https://x.com/undefined/status/1837269402523406577;285922061.0;;tuju faktor sleep well kadang suka lewat oleh orang tua padahal tidur cukup pengaruh performa anak saat sekolah saat ajar
respon_orang_tua_terhadap_kurikulum_baru_1.csv;1.83723e+18;Sat Sep 21 00:59:43 +0000 2024;3;@ikhwanuddin Pesan yg bagus untuk ortu yg masukin anaknya ke pesantren atau boarding school dgn alasan yg sama;1.8373e+18;;ikhwanuddin;in;;0;0;1;https://x.com/undefined/status/1837295610288034280;181822588.0;;pesan bagus ortu masukin anak pesantren boarding school alas sama
respon_orang_tua_terhadap_kurikulum_baru_1.csv;1.83723e+18;Sat Sep 21 01:00:30 +0000 2024;5;@ikhwanuddin Lingkungan : Guru Murid Ortu sejalan dlm proses pendidikan. Sekolah Nyaman untuk belajar bagi siswa tdk ada bullying antar siswa. Kontrol Guru terhadap Siswa di sekolah berjalan. Tanggung jawab pendidikan Anak pada Orang bukan Guru sekolah hanya membantu;1.8373e+18;;ikhwanuddin;in;;0;0;0;https://x.com/undefined/status/1837295808456315272;1.61975e+18;;lingkung guru murid ortu jalan dlm proses didik sekolah nyaman ajar bagi siswa ada bullying antar siswa kontrol guru hadap siswa sekolah jalan tanggung jawab didik anak orang bukan guru sekolah hanya bantu
respon_orang_tua_terhadap_kurikulum_baru_1.csv;1.83723e+18;Sat Sep 21 14:01:43 +0000 2024;3;"@ikhwanuddin Dosen ku sekaligus psikolog keluarga &amp; pasangan pernah blg salah satu standar dia milih sekolah buat anaknya adalah sekolah aware dengan parenting ngadain seminar parenting dll Sulit nuntut anak biar pinter tp ga melibatkan orang tua";1.83749e+18;;ikhwanuddin;in;;0;0;0;https://x.com/undefined/status/1837492407455166470;3162151574.0;;dosen ku sekaligus psikolog keluarga amp pasang pernah blg salah satu standar dia milih sekolah buat anak sekolah aware parenting ngadain seminar parenting dll sulit nuntut anak biar pinter tapi libat orang tua
respon_orang_tua_terhadap_kurikulum_baru_1.csv;1.83723e+18;Fri Sep 20 22:06:17 +0000 2024;1;@ikhwanuddin Setuju;1.83725e+18;;ikhwanuddin;in;;0;0;0;https://x.com/undefined/status/1837251962938826932;1.32542e+18;;tuju
respon_orang_tua_terhadap_kurikulum_baru_1.csv;1.83723e+18;Sat Sep 21 00:36:43 +0000 2024;0;"@ikhwanuddin Sekolah Internasional cuma menang marketting mahal &amp; pelayanan aja isinya tipu2. Budaya na tetap kekerasan. https://t.co/XEEW7YOpMW";1.83729e+18;;ikhwanuddin;in;;0;1;0;https://x.com/undefined/status/1837289821896855831;1.74241e+18;;sekolah internasional cuma menang marketting mahal amp layan isi tipu budaya na tetap keras
respon_orang_tua_terhadap_kurikulum_baru_10.csv;1.73296e+18;Mon Dec 11 00:22:13 +0000 2023;11;@karinyoo setuju bgt ngajarin anak di era digital ini semakin sulit tantangannya udh beda dgn jaman wkt gw belajar tnp akses Internet disrh ngerjain tugas sekolah andalannya tanya google atau tiktok semua serba dianggap remeh wassalam;1.73401e+18;;karinyoo;in;;0;1;0;https://x.com/undefined/status/1734005632775397377;74373080.0;;tuju bgt ngajarin anak era digital makin sulit tantang udh beda jaman wkt gw ajar tnp akses internet disrh ngerjain tugas sekolah andal tanya google tiktok semua serba anggap remeh wassalam
respon_orang_tua_terhadap_kurikulum_baru_10.csv;1.73296e+18;Fri Dec 08 03:23:06 +0000 2023;9;@karinyoo realitanya kl d daerah kecil tantangannya bermacam2 kak;1.73296e+18;;karinyoo;in;;0;1;0;https://x.com/undefined/status/1732963990052143477;1.18839e+18;;realitanya kl d daerah kecil tantang macam kak
respon_orang_tua_terhadap_kurikulum_baru_10.csv;1.73296e+18;Fri Dec 08 03:45:55 +0000 2023;28;@karinyoo @mediocrickey Imo indonesia harus mulai ngerubah jam mata pelajaran yg notabene hafalan dikurangi dan mapel etika ditambahin. Karena zaman skrg untuk apa hafal menghafal karena kalau lupa tinggal googling. Paling diajarin cara googling yg benar;1.73297e+18;;karinyoo;in;;0;2;1;https://x.com/undefined/status/1732969730569621709;83032125.0;;imo indonesia harus mulai ngerubah jam mata ajar notabene hafal rang mapel etika ditambahin zaman skrg hafal hafal kalau lupa tinggal googling paling diajarin cara googling benar
respon_orang_tua_terhadap_kurikulum_baru_10.csv;1.73296e+18;Fri Dec 08 05:50:01 +0000 2023;16;@karinyoo sekolah minta 100% lulus nilai turun di naekin akriditas harus A terus klo gak A bantua kurang yg minat dikit ekonomi gak muter salah kaprah;1.733e+18;;karinyoo;in;;0;0;0;https://x.com/undefined/status/1733000960912576905;479766947.0;;sekolah minta lulus nilai turun naekin akriditas harus a terus kalau gak a bantua kurang minat dikit ekonomi gak muter salah kaprah
respon_orang_tua_terhadap_kurikulum_baru_10.csv;1.73296e+18;Mon Dec 11 00:33:55 +0000 2023;8;@karinyoo Ini bener ujian nasional nilainya bagus2 alhasil banyak yg daftar tes sekolah favorit tapi ya endingnya nggak keterima. Ketawa bgt liat fenomena ini ini anak bego gak pernah belajar tiba2 nilai rata2 8-9. Akhirnya tetep K.O gara2 tes ujian masuk yg nggak liat nilai nem;1.73401e+18;;karinyoo;in;;0;0;1;https://x.com/undefined/status/1734008575268434016;392638433.0;;bener uji nasional nilai bagus alhasil banyak daftar tes sekolah favorit tapi endingnya nggak terima ketawa bgt liat fenomena anak bego gak pernah ajar tiba nilai rata akhir tetep k o gara tes uji masuk nggak liat nilai nem
respon_orang_tua_terhadap_kurikulum_baru_10.csv;1.73296e+18;Fri Dec 08 03:48:31 +0000 2023;6;"@karinyoo Info model begini pernah berseliweran &amp; sedihnya gw pun terpapar sampai insecure. Gw beneran parno kalau walas &amp; kepsek di sekolah anak gw sebenarnya nge-katrol nilai anak gw &amp; gak jujur ke gw. Untungnya sih ga kejadian karena sekolahnya punya integritas. Tapi gw masih insecure.";1.73297e+18;;karinyoo;in;;0;2;0;https://x.com/undefined/status/1732970385917038632;59389875.0;;info model begini pernah seliwer amp sedih gw papar sampai insecure gw beneran parno kalau walas amp kepsek sekolah anak gw benar nge katrol nilai anak gw amp gak jujur gw untung sih jadi sekolah punya integritas tapi gw masih insecure
respon_orang_tua_terhadap_kurikulum_baru_10.csv;1.73296e+18;Sun Dec 10 06:58:21 +0000 2023;1;@karinyoo Aku sebagai ponakan guru SMA sering disuruh bantuin input nilai siswa di excel. Beberapa tahun terakhir ini heran kok nilai anak2 tinggi2 banget di atas 80an 90an juga rame. Padahal materinya makin susah dibanding zamanku belasan tahun lalu.;1.73374e+18;;karinyoo;in;;0;1;0;https://x.com/undefined/status/1733742934632354080;49539615.0;;aku bagai ponakan guru sma sering suruh bantuin input nilai siswa excel beberapa tahun akhir heran nilai anak tinggi sangat atas an an rame padahal materi makin susah banding zaman bas tahun lalu
respon_orang_tua_terhadap_kurikulum_baru_10.csv;1.73296e+18;Sun Dec 10 23:20:48 +0000 2023;1;@karinyoo Apa lg dengan sistem ppdb kaya sekarang. 30% biasanya dari prestasi. Sekolah2 ya katrol abis nilai pinter anak jd subjektif. Rata2 nilai dibawah 93 jgn harap masuk negeri jalur prestasi deh kalo sekarang. Maka nya banyak tuh yg rela pindah kk buat masuk zonasi.;1.73399e+18;;karinyoo;in;;0;0;0;https://x.com/undefined/status/1733990175745945650;2602730659.0;;lg sistem ppdb kaya sekarang biasa prestasi sekolah katrol abis nilai pinter anak jd subjektif rata nilai bawah jgn harap masuk negeri jalur prestasi kalo sekarang maka banyak tuh rela pindah kk buat masuk zonasi
respon_orang_tua_terhadap_kurikulum_baru_11.csv;1.84908e+18;Thu Oct 24 01:18:31 +0000 2024;57;@SeokjinRie @sakaparaning @Boediantar4 Betull banget ini.. Realita sekarang itu seperti ninii.. Kalo merujuk pd UN terakhir nilai UN itu 40% nilai rapot 60% Tp nilai rapot dulu tuh apa adanya bawah kkm ya ada banyak. Apalagi skrg pakenya erapot susah guru mau rubah2 nilai kalo udah kirim kepusat;1.84926e+18;;SeokjinRie;in;;0;1;1;https://x.com/undefined/status/1849259143066222672;387583896.0;;betull sangat realita sekarang seperti nini kalo rujuk pd un akhir nilai un nilai rapot tapi nilai rapot dulu tuh ada bawah kkm ada banyak apalagi skrg pakenya erapot susah guru mau rubah nilai kalo kirim pusat
respon_orang_tua_terhadap_kurikulum_baru_11.csv;1.84908e+18;Thu Oct 24 04:34:44 +0000 2024;9;@SeokjinRie @sakaparaning @Boediantar4 Kalo gitu brarti menurut saya bukan salah sistem nya. SDM nya aja yang kureng.;1.84931e+18;;SeokjinRie;in;;0;1;0;https://x.com/undefined/status/1849308519281160562;42328108.0;;kalo begitu brarti turut saya bukan salah sistem sdm reng
respon_orang_tua_terhadap_kurikulum_baru_11.csv;1.84908e+18;Thu Oct 24 04:49:20 +0000 2024;3;@SeokjinRie @sakaparaning @Boediantar4 Perlu standard secara nasional bisa diterapkan bertahap UN tdk hrs membuat murid jadi stress tentu ada metodanya dgn tugas tugas mulai dari dasar sampai yg hrs berpikir keras;1.84931e+18;;SeokjinRie;in;;0;1;0;https://x.com/undefined/status/1849312195324313827;1.72113e+18;;perlu standard cara nasional bisa terap tahap un hrs buat murid stress tentu ada metodanya tugas tugas mulai dasar sampai hrs pikir keras
respon_orang_tua_terhadap_kurikulum_baru_11.csv;1.84908e+18;Fri Oct 25 00:14:24 +0000 2024;2;@SeokjinRie @sakaparaning @Boediantar4 Kemarin ada anak tetangga bapaknya bilang gini ga usah belajar juga bakalan lulus sekolah ko padahal dulu mau lulus aja mati2an buat belajar;1.84961e+18;;SeokjinRie;in;;0;0;0;https://x.com/undefined/status/1849605392554393741;1.46282e+18;;kemarin ada anak tetangga bapak bilang gin usah ajar bakal lulus sekolah ko padahal dulu mau lulus mati an buat ajar
respon_orang_tua_terhadap_kurikulum_baru_11.csv;1.84908e+18;Thu Oct 24 12:20:59 +0000 2024;1;@SeokjinRie @sakaparaning @Boediantar4 kakak ini keren banget jelasin dengan sabar. kok bs ga belibet gitu aku setuju dengan opini ini;1.84943e+18;;SeokjinRie;in;;0;0;0;https://x.com/undefined/status/1849425856592224460;2757324503.0;;kakak keren sangat jelasin sabar bs belibet begitu aku tuju opini
respon_orang_tua_terhadap_kurikulum_baru_11.csv;1.84908e+18;Thu Oct 24 14:39:32 +0000 2024;1;@SeokjinRie @sakaparaning @Boediantar4 Aku setuju merdeka belajar tapi ga setuju kalo gaboleh ada nilai jelek/ga naik kelas. Lagian emangnya sekolah di LN sistemnya juga harus lulus semua gitu kah?;1.84946e+18;;SeokjinRie;in;;0;0;0;https://x.com/undefined/status/1849460722146897940;97483886.0;;aku tuju merdeka ajar tapi tuju kalo gaboleh ada nilai jelek naik kelas lagi emang sekolah ln sistem harus lulus semua begitu kah
respon_orang_tua_terhadap_kurikulum_baru_11.csv;1.84908e+18;Thu Oct 24 12:42:18 +0000 2024;0;@SeokjinRie @sakaparaning @Boediantar4 Nice ;1.84943e+18;;SeokjinRie;en;;0;0;0;https://x.com/undefined/status/1849431219337073035;1.48432e+18;;nice
respon_orang_tua_terhadap_kurikulum_baru_12.csv;1.5025e+18;Sat Mar 12 08:00:14 +0000 2022;425;@adekumala Lagi cek buku MTK kelas 10. So far suka dengan bagaimana bab dibuka di mana siswa bisa langsung lihat aplikasi real dari bab yang dicover. Semoga bisa cepat rilis untuk kelas-kelas lainnya. https://t.co/OwHSCkhscQ;1.50256e+18;https://pbs.twimg.com/media/FNolRk6agAE8vI3.png;adekumala;in;;75;12;44;https://x.com/undefined/status/1502555048974626818;1.2881e+18;;cek buku mtk kelas so far suka bagaimana bab buka mana siswa bisa langsung lihat aplikasi real bab dicover moga bisa cepat rilis kelas kelas lain
respon_orang_tua_terhadap_kurikulum_baru_12.csv;1.5025e+18;Sat Mar 12 09:36:51 +0000 2022;397;@adekumala Waaww penulisnya aja Bu Sofie! Beliau ketua Yayasan Litara penggerak pembaruan literasi anak indonesia https://t.co/lp7I3TZxr5;1.50258e+18;https://pbs.twimg.com/media/FNo79x8VEAQCheO.jpg;adekumala;in;;2;6;22;https://x.com/undefined/status/1502579363362979843;43650109.0;;waaww tulis bu sofie beliau ketua yayasan litara gerak baru literasi anak indonesia
respon_orang_tua_terhadap_kurikulum_baru_12.csv;1.5025e+18;Sat Mar 12 04:43:00 +0000 2022;268;@adekumala Semoga entah dalam dua tahun lagi ganti Menteri semoga arah kebijakan dilanjutkan mbak. kalau kali ini saya optimis namun semoga gak dipatahkan olah 'pergantian' 5 tahunan.;1.50251e+18;;adekumala;in;;1;2;10;https://x.com/undefined/status/1502505412293464109;804003925.0;;moga entah dalam dua tahun ganti menteri moga arah bijak lanjut mbak kalau kali saya optimis namun moga gak patah olah ganti tahun
respon_orang_tua_terhadap_kurikulum_baru_12.csv;1.5025e+18;Sat Mar 12 08:12:30 +0000 2022;11;@adekumala Nangis liat sampulnya. Semoga ga ada lg anak SD ngrasain dibully karna perbedaan fisik apalagi SARA;1.50256e+18;;adekumala;in;;0;1;0;https://x.com/undefined/status/1502558138049859587;1.25028e+18;;nang liat sampul moga ada lg anak sd ngrasain dibully karna beda fisik apalagi sara
respon_orang_tua_terhadap_kurikulum_baru_12.csv;1.5025e+18;Sat Mar 12 14:45:32 +0000 2022;11;@adekumala Salah satu pengalaman paling berharga buat saya adalah berkontribusi untuk dunia pendidikan. Terima kasih bu telah mengangkat tentang hal ini. Salam hangat dari tim penulis #MerdekaBelajar https://t.co/tqnWJTYbmu;1.50266e+18;https://pbs.twimg.com/media/FNqCnGnUYAkVQjt.jpg;adekumala;in;;0;1;0;https://x.com/undefined/status/1502657046935601154;52043768.0;;salah satu alam paling harga buat saya kontribusi dunia didik terima kasih bu telah angkat tentang hal salam hangat tim tulis merdekabelajar
respon_orang_tua_terhadap_kurikulum_baru_12.csv;1.5025e+18;Sat Mar 12 06:54:22 +0000 2022;6;@adekumala konsep buku ini kyk buku tematik jg gk ya? aku bingung bgt sama buku tematik soalnya gk ada teks apa2 untuk dipelajari kesian sma adek aku :'(;1.50254e+18;;adekumala;in;;0;1;0;https://x.com/undefined/status/1502538474083082240;1.46439e+18;;konsep buku kyk buku tematik aku bingung bgt sama buku tematik soal ada teks ajar kesi sma adek aku
respon_orang_tua_terhadap_kurikulum_baru_12.csv;1.5025e+18;Sat Mar 12 07:54:54 +0000 2022;3;@adekumala Kurikulum merdeka berarti dipecah lagi ya per mata pelajaran kak?;1.50255e+18;;adekumala;in;;0;1;1;https://x.com/undefined/status/1502553705719410689;1.07684e+18;;kurikulum merdeka arti pecah per mata ajar kak
respon_orang_tua_terhadap_kurikulum_baru_12.csv;1.5025e+18;Sun Mar 13 02:51:11 +0000 2022;5;@adekumala Ini buku paket anak kelas 1. Bye-bye kurikulum yang materinya banyak banget agak deg-degan sih tahun ajaran depan baru mulai nerapin kurikulum merdeka. https://t.co/ehreYHDUqE;1.50284e+18;https://pbs.twimg.com/media/FNsos_RVkAEfgCF.jpg;adekumala;in;;1;1;0;https://x.com/undefined/status/1502839661395210240;288605774.0;;buku paket anak kelas bye bye kurikulum materi banyak sangat agak deg degan sih tahun ajar depan baru mulai nerapin kurikulum merdeka
respon_orang_tua_terhadap_kurikulum_baru_12.csv;1.5025e+18;Sat Mar 12 08:20:21 +0000 2022;2;@adekumala Walaupun sdh tdk mengajar secara formal sy masih dan selalu berharap pendidikan di Indonesia semakin membaik semakin membuat anak2 senang belajar..;1.50256e+18;;adekumala;in;;0;1;1;https://x.com/undefined/status/1502560111491153924;41772903.0;;walaupun ajar cara formal sy masih selalu harap didik indonesia makin baik makin buat anak senang ajar
respon_orang_tua_terhadap_kurikulum_baru_12.csv;1.5025e+18;Sat Mar 12 07:47:59 +0000 2022;3;@adekumala Wah udah semakin bagus ya sampulnya. Dulu pas masih berkutat di bidang perbukuan suka gmn gitu liat buku kemdikbud. Kaku banget rasanya liat sampulnya dibanding sampul? dari penerbit lain. Good job;1.50255e+18;;adekumala;in;;0;1;0;https://x.com/undefined/status/1502551964852228099;120325776.0;;wah makin bagus sampul dulu pas masih kutat bidang buku suka gmn begitu liat buku kemdikbud kaku sangat rasa liat sampul banding sampul terbit lain good job
respon_orang_tua_terhadap_kurikulum_baru_12.csv;1.5025e+18;Sat Mar 12 08:03:41 +0000 2022;2;@adekumala barusan sengaja ngunduh.. dari halaman pertama aja udah sangat cute? desain ilustrasinya colorful.. tata letak prakata daftar isi dan petunjuk membacanya bikin siswa tertarik buat membaca fontnya gemas dan kalimatnya tentu saja mudah dipahami untuk siswa di jenjang tersebut;1.50256e+18;;adekumala;in;;0;1;0;https://x.com/undefined/status/1502555917195259908;9.88607e+17;;barusan sengaja ngunduh halaman pertama sangat cute desain ilustrasi colorful tata letak prakata daftar isi tunjuk baca bikin siswa tarik buat baca fontnya gemas kalimat tentu mudah paham siswa jenjang sebut
respon_orang_tua_terhadap_kurikulum_baru_12.csv;1.5025e+18;Sat Mar 12 09:09:48 +0000 2022;2;@adekumala Buku matematika kelas X enak dibaca dan juga enak diliat. Ga block of text yg bikin males baca warnanya cantik pula. Aku suka.;1.50257e+18;;adekumala;in;;0;1;0;https://x.com/undefined/status/1502572556242472962;314342890.0;;buku matematika kelas x enak baca enak liat block of text bikin males baca warna cantik pula aku suka
respon_orang_tua_terhadap_kurikulum_baru_12.csv;1.5025e+18;Sat Mar 12 13:21:51 +0000 2022;2;"@adekumala Sangat menjanjikan. Terus terang saya berharap banyak dari langkah ini. Akan tetapi saya juga berharap perubahan ini tidak dilakukan serentak dalam skala nasional. Berkaca dari kebijakan kementerian yg lalu kebijakan yg dilakukan secara masif &amp; mendadak justru tidak efektif.";1.50264e+18;;adekumala;in;;0;1;0;https://x.com/undefined/status/1502635984827035648;1208199846.0;;sangat janji terus terang saya harap banyak langkah tetapi saya harap ubah laku serentak dalam skala nasional kaca bijak menteri lalu bijak laku cara masif amp dadak justru efektif
respon_orang_tua_terhadap_kurikulum_baru_12.csv;1.5025e+18;Sat Mar 12 05:30:22 +0000 2022;1;@adekumala Sudah tidak tematik lagi kah? Karena anakku masih memakai K13 yang tematik;1.50252e+18;;adekumala;in;;0;1;0;https://x.com/undefined/status/1502517332685385731;65344647.0;;tematik kah anak masih pakai k tematik
respon_orang_tua_terhadap_kurikulum_baru_12.csv;1.5025e+18;Sat Mar 12 08:00:59 +0000 2022;1;@adekumala Isinya gimana bund? Isinya mirip sama tematik ga? Cover doang menarik mah percuma kalo isinya ga jelas. Suka kesel aja selama bertahun? ngajarin adek pake tematik soal?nya rancu dan muatan materinya jg kurang. Semoga kedepannya semakin bnyk perubahan kualitas yaa?;1.50256e+18;;adekumala;in;;0;1;0;https://x.com/undefined/status/1502555236191326210;1.12245e+18;;isi gimana bund isi mirip sama tematik cover doang tarik percuma kalo isi jelas suka kesel lama tahun ngajarin adek pake tematik soal rancu muat materi kurang moga depan makin bnyk ubah kualitas yaa
respon_orang_tua_terhadap_kurikulum_baru_12.csv;1.5025e+18;Sat Mar 12 08:24:47 +0000 2022;1;@adekumala Jadi penasaran sama kurikulum merdeka. Harus kuat kuat ngadepin banyak perubahan ya ibuk bapak guru.;1.50256e+18;;adekumala;in;;0;1;0;https://x.com/undefined/status/1502561226534006785;403320727.0;;penasaran sama kurikulum merdeka harus kuat kuat ngadepin banyak ubah ibuk bapak guru
respon_orang_tua_terhadap_kurikulum_baru_12.csv;1.5025e+18;Sat Mar 12 16:10:16 +0000 2022;1;@adekumala Ini berarti udah ga masuk ke mata pelajaran Tema ya??? Sekolah tempat muridku belajar itu masih pakai yabg covernya berjudul Tema gitu .. ga pake per subjek materi kyk indo ipa ips.. numpang nanya soalnya aku bantu ngajar tp bukan anak pendidikan :(;1.50268e+18;;adekumala;in;;0;1;0;https://x.com/undefined/status/1502678371322691588;189025940.0;;arti masuk mata ajar tema sekolah tempat murid ajar masih pakai yabg covernya judul tema begitu pake per subjek materi kyk indo ipa ips numpang nanya soal aku bantu ngajar tapi bukan anak didik
respon_orang_tua_terhadap_kurikulum_baru_12.csv;1.5025e+18;Sat Mar 12 18:04:13 +0000 2022;1;@adekumala Covernya bagus banget. Ada buku2 utk playgroup gak ya? Kalau bs dibeli lumayan untuk anak aku yg homeschooling;1.50271e+18;;adekumala;in;;0;1;0;https://x.com/undefined/status/1502707048286359556;45854796.0;;covernya bagus sangat ada buku utk playgroup gak kalau bs beli lumayan anak aku homeschooling
respon_orang_tua_terhadap_kurikulum_baru_12.csv;1.5025e+18;Sun Mar 13 01:51:21 +0000 2022;1;@adekumala Anakku yg kecil udah pake kurikulum penggerak. Gambar2nya baguuus bgt ceritanya jg relate sm kehidupan sehari2. Ada jg barcode yg linked sm buku cerita digital anak2 jdi lebih tertarik baca. Saking senengnya materi 1 semester dikerjain dalam waktu sebulan aja ;1.50282e+18;;adekumala;in;;0;1;0;https://x.com/undefined/status/1502824603995242507;304276715.0;;anak kecil pake kurikulum gerak gambar bagus bgt cerita relate sm hidup hari ada barcode linked sm buku cerita digital anak jdi lebih tarik baca saking neng materi semester dikerjain dalam waktu bulan
respon_orang_tua_terhadap_kurikulum_baru_12.csv;1.5025e+18;Sun Mar 13 09:39:02 +0000 2022;1;@adekumala Thank you? dalam pembuatanya buku ini juga byk peran dan kerjsama dengan ilustrator penulis dan editor juga tentunya;1.50294e+18;;adekumala;in;;0;1;0;https://x.com/undefined/status/1502942299986153473;1.35698e+18;;thank you dalam pembuatanya buku byk peran kerjsama ilustrator tulis editor tentu
respon_orang_tua_terhadap_kurikulum_baru_12.csv;1.5025e+18;Sat Mar 12 07:15:52 +0000 2022;0;@adekumala @beachdizcoo Ini beneran balik Bahasa Indonesia ??? Adekku SD pelajarannya TEMA soalnya Jadi agak ribet. Enakan Bhs.Indo IPA IPS PKN dipisah daripada jadi 1 TEMA gitu;1.50254e+18;;adekumala;in;;0;1;0;https://x.com/undefined/status/1502543884014219264;7.00976e+17;;beneran balik bahasa indonesia adekku sd ajar tema soal agak ribet enak bhs indo ipa ips pkn pisah daripada tema begitu
respon_orang_tua_terhadap_kurikulum_baru_12.csv;1.5025e+18;Sat Mar 12 07:48:08 +0000 2022;0;@adekumala kurikulum baru udh gapake tema ya ??;1.50255e+18;;adekumala;in;;0;1;0;https://x.com/undefined/status/1502552003733467137;1.11022e+18;;kurikulum baru udh gapake tema
respon_orang_tua_terhadap_kurikulum_baru_12.csv;1.5025e+18;Sat Mar 12 08:58:57 +0000 2022;0;@adekumala Bagaimana dengan buku dari Depag mbak?!;1.50257e+18;;adekumala;in;;0;1;0;https://x.com/undefined/status/1502569824257720323;478245731.0;;bagaimana buku depag mbak
respon_orang_tua_terhadap_kurikulum_baru_12.csv;1.5025e+18;Sat Mar 12 09:17:58 +0000 2022;0;@adekumala Mohon maaf mba.. Saya masih awam. Apakah sistem kurikulum Merdeka ini akan dijalankan oleh tiap sekolah? Baik negeri maupun swasta?;1.50257e+18;;adekumala;in;;0;1;0;https://x.com/undefined/status/1502574609841156099;54788618.0;;mohon maaf mba saya masih awam apakah sistem kurikulum merdeka jalan oleh tiap sekolah baik negeri maupun swasta
respon_orang_tua_terhadap_kurikulum_baru_12.csv;1.5025e+18;Sat Mar 12 10:53:44 +0000 2022;0;@adekumala Untuk jenjang smp ada kak?;1.5026e+18;;adekumala;in;;0;1;0;https://x.com/undefined/status/1502598713616654347;46350030.0;;jenjang smp ada kak
respon_orang_tua_terhadap_kurikulum_baru_12.csv;1.5025e+18;Sat Mar 12 23:43:04 +0000 2022;0;@adekumala sekolah penggerak itu gimana ka;1.50279e+18;;adekumala;in;;0;1;0;https://x.com/undefined/status/1502792321599180801;1.00689e+18;;sekolah gerak gimana ka
respon_orang_tua_terhadap_kurikulum_baru_12.csv;1.5025e+18;Sun Mar 13 00:20:17 +0000 2022;0;@adekumala Kalau AKM bagaimana Bu? Krn beberapa sekolah sdh menggunakan AKM di kelas 4. Anak sy mau daftar pesantren pun ada yg testnya dgn AKM;1.5028e+18;;adekumala;in;;0;1;0;https://x.com/undefined/status/1502801688327233536;2328280020.0;;kalau akm bagaimana bu krn beberapa sekolah guna akm kelas anak sy mau daftar pesantren ada testnya akm
respon_orang_tua_terhadap_kurikulum_baru_12.csv;1.5025e+18;Sun Mar 13 01:17:20 +0000 2022;0;@adekumala Bu mohon maaf izin tanya sebenarnya kurikulum pendidikan Indonesia itu di ambil atau di buat atas dasar aspek yang bisa memunculkan potensi anak atau kah ada yang lain?;1.50282e+18;;adekumala;in;;0;1;0;https://x.com/undefined/status/1502816042212495364;1.42833e+18;;bu mohon maaf izin tanya benar kurikulum didik indonesia ambil buat atas dasar aspek bisa muncul potensi anak kah ada lain
respon_orang_tua_terhadap_kurikulum_baru_12.csv;1.5025e+18;Sun Mar 13 03:22:17 +0000 2022;0;@adekumala Kak izin bertanya mengenai SMA yang tidak ada jurusan IPA IPS dan Bahasa apakah itu akan terlaksana pada tahun ini?;1.50285e+18;;adekumala;in;;0;1;0;https://x.com/undefined/status/1502847490587910145;1.4421e+18;;kak izin tanya kena sma ada jurus ipa ips bahasa apakah laksana tahun
respon_orang_tua_terhadap_kurikulum_baru_12.csv;1.5025e+18;Sun Mar 13 04:44:17 +0000 2022;0;@adekumala Berarti kurikulum terbaru ini bukan tematik lg ya bu? Sudah permapel??;1.50287e+18;;adekumala;in;;0;1;0;https://x.com/undefined/status/1502868125854814208;216972199.0;;arti kurikulum baru bukan tematik lg bu permapel
respon_orang_tua_terhadap_kurikulum_baru_12.csv;1.5025e+18;Sat Mar 12 09:12:05 +0000 2022;5;"@adekumala Transnformasinya sih bagus literasi mantap. Hanya yg jd permasalahan adalah; 1. Oknum ASN yg tidak focus sibuk d luar. Pembelajaran di kelas mah dilemparin k honorer pendamping. 2. Focus belajar siswa tidak berimbang sekolah rumah lingkungan. 3. Pembelajaran daring sema..";1.50257e+18;;adekumala;in;;0;1;0;https://x.com/undefined/status/1502573129729601539;89644400.0;;transnformasinya sih bagus literasi mantap hanya jd masalah oknum asn focus sibuk d luar ajar kelas dilemparin k honorer damping focus ajar siswa imbang sekolah rumah lingkung ajar daring sema
respon_orang_tua_terhadap_kurikulum_baru_12.csv;1.5025e+18;Sat Mar 12 06:42:33 +0000 2022;4;@adekumala Saya ada melihat buku kepercayaan terhadap Tuhan yang maha esa dan Budi pengerti. Apa ini di pakai buat yang bukan beragama Islam Khonghucu Kristen Hindu dan budha ya buk?;1.50254e+18;;adekumala;in;;0;2;0;https://x.com/undefined/status/1502535498530967553;2899357021.0;;saya ada lihat buku percaya hadap tuhan maha esa budi erti pakai buat bukan agama islam khonghucu kristen hindu budha buk
respon_orang_tua_terhadap_kurikulum_baru_12.csv;1.5025e+18;Sat Mar 12 07:19:10 +0000 2022;4;@adekumala barusan aja selesai overview di sekolah kami oleh dinas setempat. https://t.co/f4APZEDlSF;1.50254e+18;https://pbs.twimg.com/media/FNocc64aUAMBYzz.jpg;adekumala;in;;0;3;0;https://x.com/undefined/status/1502544715467849733;2297190607.0;;barusan selesai overview sekolah kami oleh dinas tempat
respon_orang_tua_terhadap_kurikulum_baru_12.csv;1.5025e+18;Sat Mar 12 07:38:36 +0000 2022;4;@adekumala Uwah bener banget baru kemarin aku pelatihan maasyaaAllah suka banget sama konsep merdeka belajar pemberian pembelajaran yang ga cuma mementingkat standarisasi tanpa perhatiin kemampuan tiap anaknya beda-beda. Soal waktu pasti butuh waktu untuk penyesuaian lagi;1.50255e+18;;adekumala;in;;0;0;0;https://x.com/undefined/status/1502549605614964737;512730064.0;;uwah bener sangat baru kemarin aku latih maasyallah suka sangat sama konsep merdeka ajar beri ajar cuma mementingkat standar tanpa perhatiin mampu tiap anak beda beda soal waktu pasti butuh waktu sesuai
respon_orang_tua_terhadap_kurikulum_baru_12.csv;1.5025e+18;Sat Mar 12 08:47:10 +0000 2022;2;@adekumala Tp sayang...masa pak jokowi kurang 2 th lagi belom tentu Mas Nadiem lagi yg jg mendiknas nanti kena menteri gen boomer lagi bisa berabe;1.50257e+18;;adekumala;in;;0;1;1;https://x.com/undefined/status/1502566862399602690;64438929.0;;tapi sayang masa pak jokowi kurang th bom tentu mas nadiem mendiknas nanti kena menteri gen boomer bisa berabe
respon_orang_tua_terhadap_kurikulum_baru_12.csv;1.5025e+18;Sat Mar 12 09:48:53 +0000 2022;4;@adekumala Lihat penulisnya salah satunya Bu Eva Nukman itu penerjemah Jerman Indonesia yang cukup terkenal namanya.;1.50258e+18;;adekumala;in;;0;0;0;https://x.com/undefined/status/1502582392166707201;259594890.0;;lihat tulis salah satu bu eva nukman terjemah jerman indonesia cukup kenal nama
respon_orang_tua_terhadap_kurikulum_baru_12.csv;1.5025e+18;Sat Mar 12 12:58:30 +0000 2022;3;@adekumala Udah lihat juga buku-buku ini dari bbrp guru penggerak... Memang bagus dan ada perubahan dr BSE th2 sebelumnya. Penambahan: mengajak siswa lbh peka + terlibat dgn objek belajar peran guru sbg fasilitator jg lbh dijelaskan dgn detail. Smg terus berdampak positif;1.50263e+18;;adekumala;in;;0;0;0;https://x.com/undefined/status/1502630110125780994;1.18502e+18;;lihat buku buku bbrp guru gerak memang bagus ada ubah bse th belum tambah ajak siswa lbh peka libat objek ajar peran guru bagai fasilitator lbh jelas detail smg terus dampak positif
respon_orang_tua_terhadap_kurikulum_baru_12.csv;1.5025e+18;Sat Mar 12 08:36:16 +0000 2022;2;@adekumala Apapun perubahannya semoga bisa dirasakan diseluruh indonesia jangan sampai di pelosok belum merasakan udah berubah lagi ;1.50256e+18;;adekumala;in;;0;0;0;https://x.com/undefined/status/1502564118183964675;65342308.0;;apa ubah moga bisa rasa seluruh indonesia jangan sampai pelosok rasa ubah
respon_orang_tua_terhadap_kurikulum_baru_12.csv;1.5025e+18;Sat Mar 12 09:04:44 +0000 2022;2;@adekumala Enak yaaa 2022 Guru Guru bnyak yg mudaa dan Cara Mendidiknyaa menyesuaikan tingkatan..;1.50257e+18;;adekumala;in;;0;1;0;https://x.com/undefined/status/1502571281715060736;287057562.0;;enak guru guru bnyak mudaa cara mendidiknyaa sesuai tingkat
respon_orang_tua_terhadap_kurikulum_baru_12.csv;1.5025e+18;Sat Mar 12 12:47:09 +0000 2022;2;@adekumala serasa pengen koleksi;1.50263e+18;;adekumala;in;;0;0;0;https://x.com/undefined/status/1502627255578918915;324396798.0;;serasa ken koleksi
respon_orang_tua_terhadap_kurikulum_baru_12.csv;1.5025e+18;Sat Mar 12 12:50:37 +0000 2022;2;@adekumala tolong kecilin ukuran bukunya atau jangan lagi bawa cetak seukuran gaban dan berat. kasian anak2 kelas 1 2 3 tersiksa buat punggung anak. selain bawa beberapa buku ukuran besar dan berat itu mereka biasa bawa air dan kotak makan siang.;1.50263e+18;;adekumala;in;;0;0;0;https://x.com/undefined/status/1502628125594697729;62281652.0;;tolong kecilin ukur buku jangan bawa cetak ukur gaban berat kasi anak kelas siksa buat punggung anak selain bawa beberapa buku ukur besar berat mereka biasa bawa air kotak makan siang
respon_orang_tua_terhadap_kurikulum_baru_12.csv;1.5025e+18;Sat Mar 12 12:51:18 +0000 2022;2;@adekumala Nah banyakin gambar? kayak gini dong di buku soalnya aku SD suka banget buka buku bahasa Karna banyak gambar nya tapi lama kelamaan buku? isinya tulisan semua jadi kurang semangat kalo buka;1.50263e+18;;adekumala;in;;0;0;0;https://x.com/undefined/status/1502628298454548482;1.23481e+18;;banyakin gambar kayak gin buku soal aku sd suka sangat buka buku bahasa karna banyak gambar tapi lama lama buku isi tulis semua kurang semangat kalo buka
respon_orang_tua_terhadap_kurikulum_baru_12.csv;1.5025e+18;Sat Mar 12 14:50:27 +0000 2022;2;@adekumala Barusan liat twitt ini langsung meluncur ke websitenya terus nyari buku kelas IV ternyata ada dan isinya bagus banget. Cuma problemnya hp siswa kadang speknya masih yg rendah memori cepet penuh dan susah untuk install aplikasi pembuka file pdf;1.50266e+18;;adekumala;in;;0;1;0;https://x.com/undefined/status/1502658283160891394;273339086.0;;barusan liat twitt langsung luncur websitenya terus nyari buku kelas iv nyata ada isi bagus sangat cuma problem hp siswa kadang speknya masih rendah memori cepet penuh susah install aplikasi buka file pdf
respon_orang_tua_terhadap_kurikulum_baru_12.csv;1.5025e+18;Sat Mar 12 15:00:37 +0000 2022;2;@adekumala Ini bukan buku paket huaaa lucu banget kek buku dongeng ;1.50266e+18;;adekumala;in;;0;0;0;https://x.com/undefined/status/1502660840280915973;1.40489e+18;;bukan buku paket hua lucu sangat kek buku dongeng
respon_orang_tua_terhadap_kurikulum_baru_12.csv;1.5025e+18;Sun Mar 13 03:06:35 +0000 2022;2;@adekumala And again.. sekolah jadi lebih baik ketika kita lulus ;1.50284e+18;;adekumala;in;;0;0;0;https://x.com/undefined/status/1502843537716826113;1.23613e+18;;and again sekolah lebih baik ketika kita lulus
respon_orang_tua_terhadap_kurikulum_baru_12.csv;1.5025e+18;Sun Mar 13 14:37:17 +0000 2022;2;@adekumala Anak u nanti buku sekolahnya udah bagus gambarnya. Gak kaya lidi lagi gambaR orangnya @effieherdi ;1.50302e+18;;adekumala;in;;0;0;0;https://x.com/undefined/status/1503017359258243072;86458744.0;;anak u nanti buku sekolah bagus gambar gak kaya lidi gambar orang
respon_orang_tua_terhadap_kurikulum_baru_12.csv;1.5025e+18;Sat Mar 12 07:39:52 +0000 2022;1;@adekumala Semoga utk mapel B.Inggris juga ada perubahan. Bukan lagi base on knowledge tp base on skill.;1.50255e+18;;adekumala;in;;0;0;0;https://x.com/undefined/status/1502549922494570496;1.28765e+18;;moga utk mapel b inggris ada ubah bukan base on knowledge tapi base on skill
respon_orang_tua_terhadap_kurikulum_baru_12.csv;1.5025e+18;Sat Mar 12 07:41:10 +0000 2022;1;@adekumala @adhitamafaiz jaman kita buku tematik covernya jauh yak wkwk;1.50255e+18;;adekumala;in;;0;1;0;https://x.com/undefined/status/1502550249356742659;1.14003e+18;;jaman kita buku tematik covernya jauh yak
respon_orang_tua_terhadap_kurikulum_baru_12.csv;1.5025e+18;Sat Mar 12 08:14:04 +0000 2022;1;@adekumala Lihat sampulnya ada disabilitas sudah menunjukkan kemajuan yang sangat luar biasa dalam menghargai mahkluk hidup;1.50256e+18;;adekumala;in;;0;0;0;https://x.com/undefined/status/1502558529772687360;422163965.0;;lihat sampul ada disabilitas tunjuk maju sangat luar biasa dalam harga mahkluk hidup
respon_orang_tua_terhadap_kurikulum_baru_12.csv;1.5025e+18;Sat Mar 12 08:15:41 +0000 2022;1;@adekumala The diversity ??;1.50256e+18;;adekumala;en;;0;0;0;https://x.com/undefined/status/1502558937429655555;9.64846e+17;;the diversity
respon_orang_tua_terhadap_kurikulum_baru_13.csv;1.81282e+18;Mon Jul 15 19:57:09 +0000 2024;1;@themomlearner Takut bgt jd org tua permisif soalnya suka ga tegaan sm anak kecil :(;1.81294e+18;;themomlearner;in;;0;1;0;https://x.com/undefined/status/1812939478400729317;184364211.0;;takut bgt jd org tua permisif soal suka tega sm anak kecil
respon_orang_tua_terhadap_kurikulum_baru_13.csv;1.81282e+18;Mon Jul 15 13:32:31 +0000 2024;0;@themomlearner semoga nanti bisa jadi orang tua yang baik deh aku;1.81284e+18;;themomlearner;in;;0;1;0;https://x.com/undefined/status/1812842683712610396;1.15148e+18;;moga nanti bisa orang tua baik aku
respon_orang_tua_terhadap_kurikulum_baru_13.csv;1.81282e+18;Mon Jul 15 13:48:58 +0000 2024;0;@themomlearner Terimakasih untuk ilmu nya kak;1.81285e+18;;themomlearner;in;;0;1;0;https://x.com/undefined/status/1812846822723145947;2757790193.0;;terimakasih ilmu kak
respon_orang_tua_terhadap_kurikulum_baru_13.csv;1.81282e+18;Mon Jul 15 14:48:08 +0000 2024;0;@themomlearner Nice thread ka thank u ilmunya yaa;1.81286e+18;;themomlearner;in;;0;1;0;https://x.com/undefined/status/1812861714431709415;8.37481e+17;;nice thread ka thank u ilmu yaa
respon_orang_tua_terhadap_kurikulum_baru_13.csv;1.81282e+18;Mon Jul 15 14:14:31 +0000 2024;1;@themomlearner Sebisa mungkin otoritatif;1.81285e+18;;themomlearner;in;;0;0;0;https://x.com/undefined/status/1812853255652999545;978646566.0;;bisa mungkin otoritatif
respon_orang_tua_terhadap_kurikulum_baru_13.csv;1.81282e+18;Mon Jul 15 12:22:52 +0000 2024;0;@themomlearner Jgn jd pesimis ya;1.81283e+18;;themomlearner;in;;0;0;0;https://x.com/undefined/status/1812825156303348160;8.52818e+17;;jgn jd pesimis
respon_orang_tua_terhadap_kurikulum_baru_13.csv;1.81282e+18;Mon Jul 15 12:33:37 +0000 2024;0;@themomlearner Makasih infonya ya kak;1.81283e+18;;themomlearner;in;;0;0;0;https://x.com/undefined/status/1812827860627071484;3922664052.0;;makasih info kak
respon_orang_tua_terhadap_kurikulum_baru_13.csv;1.81282e+18;Mon Jul 15 12:53:33 +0000 2024;0;@themomlearner pembahasan bagus untuk orang tua;1.81283e+18;;themomlearner;in;;0;0;0;https://x.com/undefined/status/1812832876096041449;1.15626e+18;;bahas bagus orang tua
respon_orang_tua_terhadap_kurikulum_baru_13.csv;1.81282e+18;Mon Jul 15 12:55:27 +0000 2024;0;@themomlearner Bikin dilema ya kak;1.81283e+18;;themomlearner;in;;0;0;0;https://x.com/undefined/status/1812833357572796707;862771914.0;;bikin dilema kak
respon_orang_tua_terhadap_kurikulum_baru_13.csv;1.81282e+18;Mon Jul 15 13:18:46 +0000 2024;0;@themomlearner nah bener ni kak;1.81284e+18;;themomlearner;in;;0;0;0;https://x.com/undefined/status/1812839223269208276;1956089569.0;;bener ni kak
respon_orang_tua_terhadap_kurikulum_baru_13.csv;1.81282e+18;Mon Jul 15 13:32:07 +0000 2024;0;@themomlearner Baru tau gw rasanya jdi org tua gini;1.81284e+18;;themomlearner;in;;0;0;0;https://x.com/undefined/status/1812842584664051799;1.13935e+18;;baru tau gw rasa jdi org tua gin
respon_orang_tua_terhadap_kurikulum_baru_13.csv;1.81282e+18;Mon Jul 15 14:10:23 +0000 2024;0;@themomlearner Makasih bnyak yah udh sharing;1.81285e+18;;themomlearner;in;;0;0;0;https://x.com/undefined/status/1812852212558885205;294528028.0;;makasih bnyak yah udh sharing
respon_orang_tua_terhadap_kurikulum_baru_13.csv;1.81282e+18;Mon Jul 15 15:10:57 +0000 2024;0;@themomlearner harus belajar parenting sejak sekarang nih;1.81287e+18;;themomlearner;in;;0;0;0;https://x.com/undefined/status/1812867456077345179;1376555310.0;;harus ajar parenting sejak sekarang nih
respon_orang_tua_terhadap_kurikulum_baru_13.csv;1.81282e+18;Mon Jul 15 16:26:34 +0000 2024;0;@themomlearner Jadi ortu itu susah;1.81289e+18;;themomlearner;in;;0;0;0;https://x.com/undefined/status/1812886485806559309;8.75793e+17;;ortu susah
respon_orang_tua_terhadap_kurikulum_baru_13.csv;1.81282e+18;Mon Jul 15 12:38:02 +0000 2024;1;@themomlearner Maaciw yaa kaak ilmunyaaa semoga bisa diamalin;1.81283e+18;;themomlearner;in;;0;0;0;https://x.com/undefined/status/1812828971308040235;1.52894e+18;;maaciw yaa kaak ilmu moga bisa diamalin
respon_orang_tua_terhadap_kurikulum_baru_13.csv;1.81282e+18;Mon Jul 15 12:11:35 +0000 2024;0;@themomlearner Ini yg buat agak dilema;1.81282e+18;;themomlearner;in;;0;0;0;https://x.com/undefined/status/1812822316013035708;1.13845e+18;;buat agak dilema
respon_orang_tua_terhadap_kurikulum_baru_13.csv;1.81282e+18;Mon Jul 15 15:47:51 +0000 2024;0;@themomlearner Tp Ada anak yg dibebasin malah salah pergaulan;1.81288e+18;;themomlearner;in;;0;0;0;https://x.com/undefined/status/1812876743717618058;1.58795e+18;;tapi ada anak dibebasin malah salah gaul
respon_orang_tua_terhadap_kurikulum_baru_13.csv;1.81282e+18;Mon Jul 15 12:13:17 +0000 2024;0;@themomlearner yg kaya gini buat agak dilema;1.81282e+18;;themomlearner;in;;0;0;0;https://x.com/undefined/status/1812822744775680404;1.53883e+18;;kaya gin buat agak dilema
respon_orang_tua_terhadap_kurikulum_baru_13.csv;1.81282e+18;Mon Jul 15 12:16:33 +0000 2024;0;@themomlearner suka dimarahin nyimak dah;1.81282e+18;;themomlearner;in;;0;0;0;https://x.com/undefined/status/1812823566741557512;170172882.0;;suka dimarahin nyimak
respon_orang_tua_terhadap_kurikulum_baru_13.csv;1.81282e+18;Mon Jul 15 12:24:34 +0000 2024;0;@themomlearner thanks for sharing;1.81283e+18;;themomlearner;en;;0;0;0;https://x.com/undefined/status/1812825584755671483;1.32385e+18;;thanks for sharing
respon_orang_tua_terhadap_kurikulum_baru_13.csv;1.81282e+18;Mon Jul 15 12:25:30 +0000 2024;0;@themomlearner ortuku mikir gini ga ya;1.81283e+18;;themomlearner;in;;0;0;0;https://x.com/undefined/status/1812825819536126422;1.75342e+18;;ortuku mikir gin
respon_orang_tua_terhadap_kurikulum_baru_13.csv;1.81282e+18;Mon Jul 15 12:26:48 +0000 2024;0;@themomlearner bener harusnya seimban gt;1.81283e+18;;themomlearner;in;;0;0;0;https://x.com/undefined/status/1812826143923556463;98409293.0;;bener harus seimban gt
respon_orang_tua_terhadap_kurikulum_baru_13.csv;1.81282e+18;Mon Jul 15 12:28:07 +0000 2024;0;@themomlearner semua orang tau sayang sama anaknya.;1.81283e+18;;themomlearner;in;;0;0;0;https://x.com/undefined/status/1812826477668557244;1.28121e+18;;semua orang tau sayang sama anak
respon_orang_tua_terhadap_kurikulum_baru_13.csv;1.81282e+18;Mon Jul 15 12:34:29 +0000 2024;0;@themomlearner ogtu ya trnyata;1.81283e+18;;themomlearner;in;;0;0;0;https://x.com/undefined/status/1812828079989100927;1.33954e+18;;ogtu trnyata
respon_orang_tua_terhadap_kurikulum_baru_13.csv;1.81282e+18;Mon Jul 15 12:35:47 +0000 2024;0;@themomlearner Izin nyimak aku ka;1.81283e+18;;themomlearner;in;;0;0;0;https://x.com/undefined/status/1812828408059252850;9.19727e+17;;izin nyimak aku ka
respon_orang_tua_terhadap_kurikulum_baru_13.csv;1.81282e+18;Mon Jul 15 13:26:52 +0000 2024;0;@themomlearner baru tau ak soal ini;1.81284e+18;;themomlearner;in;;0;0;0;https://x.com/undefined/status/1812841263735230709;1.75478e+18;;baru tau ak soal
respon_orang_tua_terhadap_kurikulum_baru_13.csv;1.81282e+18;Mon Jul 15 13:28:02 +0000 2024;0;@themomlearner aku kalo jadi org tua gk bakal gitu;1.81284e+18;;themomlearner;in;;0;0;0;https://x.com/undefined/status/1812841556971569579;1.26388e+18;;aku kalo org tua bakal begitu
respon_orang_tua_terhadap_kurikulum_baru_13.csv;1.81282e+18;Mon Jul 15 13:34:24 +0000 2024;0;@themomlearner Keren mantap terus dalam ilmu;1.81284e+18;;themomlearner;in;;0;0;0;https://x.com/undefined/status/1812843156335157294;51815301.0;;keren mantap terus dalam ilmu
respon_orang_tua_terhadap_kurikulum_baru_13.csv;1.81282e+18;Mon Jul 15 13:34:46 +0000 2024;0;@themomlearner terimakasih udah sharing kak;1.81284e+18;;themomlearner;in;;0;0;0;https://x.com/undefined/status/1812843251516502140;1.25023e+18;;terimakasih sharing kak
respon_orang_tua_terhadap_kurikulum_baru_13.csv;1.81282e+18;Mon Jul 15 13:47:01 +0000 2024;0;@themomlearner Makasih kk jadi tau tentang ginian;1.81285e+18;;themomlearner;in;;0;0;0;https://x.com/undefined/status/1812846333923115061;1.11354e+18;;makasih kk tau tentang ginian
respon_orang_tua_terhadap_kurikulum_baru_13.csv;1.81282e+18;Mon Jul 15 13:50:47 +0000 2024;0;@themomlearner bikin dilema ya kak;1.81285e+18;;themomlearner;in;;0;0;0;https://x.com/undefined/status/1812847282758570196;1.50227e+18;;bikin dilema kak
respon_orang_tua_terhadap_kurikulum_baru_13.csv;1.81282e+18;Mon Jul 15 13:54:54 +0000 2024;0;@themomlearner Valid sih ini kak;1.81285e+18;;themomlearner;in;;0;0;0;https://x.com/undefined/status/1812848316172132704;1.20973e+18;;valid sih kak
respon_orang_tua_terhadap_kurikulum_baru_13.csv;1.81282e+18;Mon Jul 15 13:54:58 +0000 2024;0;@themomlearner wah parenting lgi suka ni ak;1.81285e+18;;themomlearner;in;;0;0;0;https://x.com/undefined/status/1812848335742730654;1.53988e+18;;wah parenting lgi suka ni ak
respon_orang_tua_terhadap_kurikulum_baru_13.csv;1.81282e+18;Mon Jul 15 13:56:48 +0000 2024;0;@themomlearner moga gue jd org tua yg baik;1.81285e+18;;themomlearner;in;;0;0;0;https://x.com/undefined/status/1812848793131352269;1.33576e+18;;moga saya jd org tua baik
respon_orang_tua_terhadap_kurikulum_baru_13.csv;1.81282e+18;Mon Jul 15 13:57:12 +0000 2024;0;@themomlearner Semoga kita semua kelak menjadi org tua bijak;1.81285e+18;;themomlearner;in;;0;0;0;https://x.com/undefined/status/1812848894541529260;2435019079.0;;moga kita semua kelak jadi org tua bijak
respon_orang_tua_terhadap_kurikulum_baru_13.csv;1.81282e+18;Mon Jul 15 15:41:50 +0000 2024;0;@themomlearner makasih kak ilmunya bermanfaat banget;1.81288e+18;;themomlearner;in;;0;0;0;https://x.com/undefined/status/1812875225870332153;1.35663e+18;;makasih kak ilmu manfaat sangat
respon_orang_tua_terhadap_kurikulum_baru_13.csv;1.81282e+18;Mon Jul 15 16:15:06 +0000 2024;0;@themomlearner susah juga nentuinnya;1.81288e+18;;themomlearner;in;;0;0;0;https://x.com/undefined/status/1812883600947454145;1.17145e+18;;susah nentuinnya
respon_orang_tua_terhadap_kurikulum_baru_13.csv;1.81282e+18;Mon Jul 15 18:09:22 +0000 2024;0;@themomlearner valid sih kak;1.81291e+18;;themomlearner;in;;0;0;0;https://x.com/undefined/status/1812912354306498817;994593674.0;;valid sih kak
respon_orang_tua_terhadap_kurikulum_baru_13.csv;1.81282e+18;Thu Nov 07 13:13:07 +0000 2024;0;@themomlearner Cek anak susah diatur dilaporin emaknya : https://t.co/PZOWhMpwUC;1.85451e+18;;themomlearner;in;;0;0;0;https://x.com/undefined/status/1854512406325768687;1.8545e+18;;cek anak susah atur dilaporin emaknya
respon_orang_tua_terhadap_kurikulum_baru_13.csv;1.81282e+18;Mon Jul 15 12:58:46 +0000 2024;0;@themomlearner bikin dilema ga si;1.81283e+18;;themomlearner;in;;0;0;0;https://x.com/undefined/status/1812834188808331726;2475168817.0;;bikin dilema
respon_orang_tua_terhadap_kurikulum_baru_14.csv;1.70428e+18;Wed Sep 20 00:04:50 +0000 2023;0;@valiisaa makasih iimunya nanti aku praktekin kalo dah punya;1.70429e+18;;valiisaa;in;;0;1;0;https://x.com/undefined/status/1704285451656507890;1376555310.0;;makasih iimunya nanti aku praktekin kalo punya
respon_orang_tua_terhadap_kurikulum_baru_14.csv;1.70428e+18;Wed Sep 20 00:32:05 +0000 2023;1;@valiisaa Tanya ya kak Kan katanya jangan menggunakan kata negatif ke anak yg bermaksud larangan kayak jangan lari nanti jatuh gitu kalimat penggantinya gimana yg enak Paham maksutnya aku gak?;1.70429e+18;;valiisaa;in;;0;2;0;https://x.com/undefined/status/1704292309788189090;1.29997e+18;;tanya kak kata jangan guna kata negatif anak maksud larang kayak jangan lari nanti jatuh begitu kalimat ganti gimana enak paham maksutnya aku gak
respon_orang_tua_terhadap_kurikulum_baru_14.csv;1.70428e+18;Tue Sep 19 23:46:39 +0000 2023;0;@valiisaa alhamdulillah udah tau kesalahannya tinggal buat anaknya ama nemuin ibunya yang belum;1.70428e+18;;valiisaa;in;;0;1;0;https://x.com/undefined/status/1704280877943967929;1.17201e+18;;alhamdulillah tau salah tinggal buat anak ama nemuin ibu
respon_orang_tua_terhadap_kurikulum_baru_14.csv;1.70428e+18;Tue Sep 19 23:50:37 +0000 2023;0;@valiisaa thanks inponya;1.70428e+18;;valiisaa;en;;0;1;0;https://x.com/undefined/status/1704281872564707824;535901680.0;;thanks inponya
respon_orang_tua_terhadap_kurikulum_baru_14.csv;1.70428e+18;Wed Sep 20 00:10:05 +0000 2023;0;@valiisaa Sepertinya mendidiknya sama...kok jadinya tidak sama...ada yang okey dan ada yang perlu perhatian....;1.70429e+18;;valiisaa;in;;0;1;0;https://x.com/undefined/status/1704286774309380515;1.48582e+18;;seperti didik sama jadi sama ada okey ada perlu perhati
respon_orang_tua_terhadap_kurikulum_baru_14.csv;1.70428e+18;Wed Sep 20 01:00:20 +0000 2023;0;@valiisaa Ilmu lagi nih;1.7043e+18;;valiisaa;in;;0;0;0;https://x.com/undefined/status/1704299419108262337;1.05445e+18;;ilmu nih
respon_orang_tua_terhadap_kurikulum_baru_14.csv;1.70428e+18;Wed Sep 20 01:01:39 +0000 2023;0;@valiisaa nice info;1.7043e+18;;valiisaa;es;;0;0;0;https://x.com/undefined/status/1704299749934084116;1.25067e+18;;nice info
respon_orang_tua_terhadap_kurikulum_baru_14.csv;1.70428e+18;Wed Sep 20 01:27:56 +0000 2023;0;@valiisaa Thanks for info bun;1.70431e+18;;valiisaa;en;;0;0;0;https://x.com/undefined/status/1704306366272410043;1.62037e+18;;thanks for info bun
respon_orang_tua_terhadap_kurikulum_baru_14.csv;1.70428e+18;Wed Sep 20 01:33:27 +0000 2023;0;@valiisaa Pagi bund;1.70431e+18;;valiisaa;in;;0;0;0;https://x.com/undefined/status/1704307751172931748;1.44646e+18;;pagi bund
respon_orang_tua_terhadap_kurikulum_baru_14.csv;1.70428e+18;Wed Sep 20 03:11:55 +0000 2023;0;@valiisaa makasii ka valisaaa ;1.70433e+18;;valiisaa;et;;0;0;0;https://x.com/undefined/status/1704332533859844237;1.25401e+18;;makasii ka valisa
respon_orang_tua_terhadap_kurikulum_baru_14.csv;1.70428e+18;Wed Sep 20 03:14:27 +0000 2023;0;@valiisaa Noted;1.70433e+18;;valiisaa;en;;0;0;0;https://x.com/undefined/status/1704333168969715833;323937760.0;;noted
respon_orang_tua_terhadap_kurikulum_baru_14.csv;1.70428e+18;Wed Sep 20 03:29:20 +0000 2023;0;@valiisaa Yuk orang tua mulai belajar parenting;1.70434e+18;;valiisaa;in;;0;0;0;https://x.com/undefined/status/1704336914055348711;1.61405e+18;;yuk orang tua mulai ajar parenting
respon_orang_tua_terhadap_kurikulum_baru_14.csv;1.70428e+18;Wed Sep 20 04:10:31 +0000 2023;0;@valiisaa semoga dapet val;1.70435e+18;;valiisaa;in;;0;0;0;https://x.com/undefined/status/1704347280596476164;2192120497.0;;moga dapet val
respon_orang_tua_terhadap_kurikulum_baru_14.csv;1.70428e+18;Wed Sep 20 05:13:20 +0000 2023;0;@valiisaa Oke tinggal bikin anaknya yg belum;1.70436e+18;;valiisaa;in;;0;0;0;https://x.com/undefined/status/1704363090413015429;1.12472e+18;;oke tinggal bikin anak
respon_orang_tua_terhadap_kurikulum_baru_14.csv;1.70428e+18;Wed Sep 20 07:31:43 +0000 2023;0;@valiisaa @_chaoticmaw terimakasih edukasinya tapi nikah aja belum apalagi praktikin asuh anak kyk gini ;1.7044e+18;;valiisaa;in;;0;0;0;https://x.com/undefined/status/1704397915819765922;1472301548.0;;terimakasih edukasi tapi nikah apalagi praktikin asuh anak kyk gin
respon_orang_tua_terhadap_kurikulum_baru_14.csv;1.70428e+18;Wed Sep 20 08:35:53 +0000 2023;0;@valiisaa Mantap bun ilmu ilmu nya;1.70441e+18;;valiisaa;in;;0;0;0;https://x.com/undefined/status/1704414063038730486;630011738.0;;mantap bun ilmu ilmu
respon_orang_tua_terhadap_kurikulum_baru_14.csv;1.70428e+18;Wed Sep 20 08:56:51 +0000 2023;0;@valiisaa Thanks infonya;1.70442e+18;;valiisaa;in;;0;0;0;https://x.com/undefined/status/1704419336717488631;1.32205e+18;;thanks info
respon_orang_tua_terhadap_kurikulum_baru_14.csv;1.70428e+18;Wed Sep 20 09:07:14 +0000 2023;0;@valiisaa Noted kak;1.70442e+18;;valiisaa;en;;0;0;0;https://x.com/undefined/status/1704421951798968648;9.1389e+17;;noted kak
respon_orang_tua_terhadap_kurikulum_baru_14.csv;1.70428e+18;Wed Sep 20 09:28:38 +0000 2023;0;@valiisaa Yg bener gimana?;1.70443e+18;;valiisaa;in;;0;0;0;https://x.com/undefined/status/1704427338971455629;210987055.0;;bener gimana
respon_orang_tua_terhadap_kurikulum_baru_14.csv;1.70428e+18;Wed Sep 20 11:24:21 +0000 2023;0;@valiisaa @gitochin;1.70446e+18;;valiisaa;qam;;0;1;0;https://x.com/undefined/status/1704456456823869758;1.25579e+18;;
respon_orang_tua_terhadap_kurikulum_baru_14.csv;1.70428e+18;Wed Sep 20 17:37:57 +0000 2023;0;@valiisaa Yg sudah berhasil anaknya nanti bakal seperti siapa? Ada contoh?;1.70455e+18;;valiisaa;in;;0;0;0;https://x.com/undefined/status/1704550477923500481;53004992.0;;hasil anak nanti bakal seperti siapa ada contoh
respon_orang_tua_terhadap_kurikulum_baru_14.csv;1.70428e+18;Wed Sep 20 19:22:37 +0000 2023;0;@valiisaa My Mother the Goddess of this world has been doing the anti-thesis of all the above mentioned. She makes My Father sits in relaxation playing black jack with his children. God bless them both.;1.70458e+18;;valiisaa;en;;0;0;0;https://x.com/undefined/status/1704576816508453210;486531836.0;;my mother the goddess of this world has been doing the anti thesis of all the above mentioned she makes my father sits in relaxation playing black jack with his children god bless them both
respon_orang_tua_terhadap_kurikulum_baru_14.csv;1.70428e+18;Mon Sep 25 12:22:34 +0000 2023;0;@valiisaa pengen banget punya anak... tapi apalah daya....;1.70628e+18;;valiisaa;in;;0;0;0;https://x.com/undefined/status/1706283048390869330;9.84253e+17;;ken sangat punya anak tapi apa daya
respon_orang_tua_terhadap_kurikulum_baru_14.csv;1.70428e+18;Tue Dec 10 00:39:20 +0000 2024;0;@valiisaa @_screenshoter screenshot;1.86628e+18;;valiisaa;en;;0;1;0;https://x.com/undefined/status/1866281509654819210;2889370938.0;;screenshot
respon_orang_tua_terhadap_kurikulum_baru_15.csv;1.78849e+18;Thu May 09 11:44:08 +0000 2024;4;@mcitraningrum Kok aku berharap banget berbagai kenangan bersama Bapak bisa dibukukan ya mbak ;1.78854e+18;;mcitraningrum;in;;0;1;0;https://x.com/undefined/status/1788535421112295724;192091574.0;;aku harap sangat bagai kenang sama bapak bisa buku mbak
respon_orang_tua_terhadap_kurikulum_baru_15.csv;1.78849e+18;Fri May 10 08:38:17 +0000 2024;0;@mcitraningrum kok kayak pernah baca tulisaan ini sebelumnya tp dmn ya;1.78885e+18;;mcitraningrum;in;;0;1;0;https://x.com/undefined/status/1788851038990315777;1.5657e+18;;kayak pernah baca tulisaan belum tapi dmn
respon_orang_tua_terhadap_kurikulum_baru_15.csv;1.78849e+18;Thu May 09 09:18:46 +0000 2024;20;@mcitraningrum Banyak orang hanya melihat privilege orang lain tanpa menyadari privilege diri sendiri;1.7885e+18;;mcitraningrum;in;;0;0;2;https://x.com/undefined/status/1788498837117821084;58405028.0;;banyak orang hanya lihat privilege orang lain tanpa sadar privilege diri sendiri
respon_orang_tua_terhadap_kurikulum_baru_15.csv;1.78849e+18;Thu May 09 11:21:32 +0000 2024;15;@mcitraningrum Privilege yg saya punya karena ada ayah yg kerjanya supir selalu kelimpahan majalah buku2 dan koran2 bekas yg bagus2 eks bacaan penumpang. Referensi saya terhadap pelajaran situasi ekonomi nasional dan tren bisnis pun luas untuk anak yg masih kecil. Privilese itu bisa dimana2;1.78853e+18;;mcitraningrum;in;;0;0;1;https://x.com/undefined/status/1788529732738584718;405444458.0;;privilege saya punya ada ayah kerja supir selalu limpah majalah buku koran bekas bagus eks baca tumpang referensi saya hadap ajar situasi ekonomi nasional tren bisnis luas anak masih kecil privilese bisa mana
respon_orang_tua_terhadap_kurikulum_baru_15.csv;1.78849e+18;Thu May 09 11:12:08 +0000 2024;8;@mcitraningrum betul Mbak. hal serupa saya alami pun pesan serupa dari almarhum Bapak. pramila Bapak justru mbirak (menyuruh) anaknya untuk ngglidhig dolan srawung dg siapa saja agar belarasa empati dg kawan-kawan lain yg boleh jadi tak seberuntung kita.;1.78853e+18;;mcitraningrum;in;;0;0;1;https://x.com/undefined/status/1788527369634103764;239198179.0;;betul mbak hal rupa saya alami pesan rupa almarhum bapak pramila bapak justru mbirak suruh anak ngglidhig dolan srawung siapa agar belarasa empati kawan kawan lain boleh tak untung kita
respon_orang_tua_terhadap_kurikulum_baru_15.csv;1.78849e+18;Thu May 09 15:11:23 +0000 2024;6;@mcitraningrum Previlege sy dulu pas kecil bapak selalu menemani sy belajar selalu mendoakan meskipun beliau buta huruf.tapi beliau yg selalu menemani membuat sy semangat;1.78859e+18;;mcitraningrum;in;;0;0;1;https://x.com/undefined/status/1788587578461135166;74693259.0;;previlege sy dulu pas kecil bapak selalu tani sy ajar selalu doa meski beliau buta huruf tapi beliau selalu tani buat sy semangat
respon_orang_tua_terhadap_kurikulum_baru_15.csv;1.78849e+18;Thu May 09 21:29:37 +0000 2024;5;@mcitraningrum Privilege memiliki orang tua yg berpandangan seperti Bapak nya ini adalah privilege diatas privilege.;1.78868e+18;;mcitraningrum;in;;0;0;0;https://x.com/undefined/status/1788682763870035982;1722378254.0;;privilege milik orang tua pandang seperti bapak privilege atas privilege
respon_orang_tua_terhadap_kurikulum_baru_15.csv;1.78849e+18;Fri May 10 03:17:06 +0000 2024;1;@mcitraningrum Boleh aku memaknai (yg mgkin) berbeda terkait pendidikan di balik pesan pengalaman anda? Begini: selayaknya semua anak mendapatkan pendidikan dan faktor2 pendukung atau akses yg setara. Sebelumnya terimakasih untuk refleksi ini.;1.78877e+18;;mcitraningrum;in;;0;0;0;https://x.com/undefined/status/1788770211916845366;1.25107e+18;;boleh aku makna mgkin beda kait didik balik pesan alam anda begini layak semua anak dapat didik faktor dukung akses tara belum terimakasih refleksi
respon_orang_tua_terhadap_kurikulum_baru_2.csv;1.81282e+18;Mon Jul 15 19:57:09 +0000 2024;1;@themomlearner Takut bgt jd org tua permisif soalnya suka ga tegaan sm anak kecil :(;1.81294e+18;;themomlearner;in;;0;1;0;https://x.com/undefined/status/1812939478400729317;184364211.0;;takut bgt jd org tua permisif soal suka tega sm anak kecil
respon_orang_tua_terhadap_kurikulum_baru_2.csv;1.81282e+18;Mon Jul 15 13:32:31 +0000 2024;0;@themomlearner semoga nanti bisa jadi orang tua yang baik deh aku;1.81284e+18;;themomlearner;in;;0;1;0;https://x.com/undefined/status/1812842683712610396;1.15148e+18;;moga nanti bisa orang tua baik aku
respon_orang_tua_terhadap_kurikulum_baru_2.csv;1.81282e+18;Mon Jul 15 13:48:58 +0000 2024;0;@themomlearner Terimakasih untuk ilmu nya kak;1.81285e+18;;themomlearner;in;;0;1;0;https://x.com/undefined/status/1812846822723145947;2757790193.0;;terimakasih ilmu kak
respon_orang_tua_terhadap_kurikulum_baru_2.csv;1.81282e+18;Mon Jul 15 14:48:08 +0000 2024;0;@themomlearner Nice thread ka thank u ilmunya yaa;1.81286e+18;;themomlearner;in;;0;1;0;https://x.com/undefined/status/1812861714431709415;8.37481e+17;;nice thread ka thank u ilmu yaa
respon_orang_tua_terhadap_kurikulum_baru_2.csv;1.81282e+18;Mon Jul 15 14:14:31 +0000 2024;1;@themomlearner Sebisa mungkin otoritatif;1.81285e+18;;themomlearner;in;;0;0;0;https://x.com/undefined/status/1812853255652999545;978646566.0;;bisa mungkin otoritatif
respon_orang_tua_terhadap_kurikulum_baru_2.csv;1.81282e+18;Mon Jul 15 12:22:52 +0000 2024;0;@themomlearner Jgn jd pesimis ya;1.81283e+18;;themomlearner;in;;0;0;0;https://x.com/undefined/status/1812825156303348160;8.52818e+17;;jgn jd pesimis
respon_orang_tua_terhadap_kurikulum_baru_2.csv;1.81282e+18;Mon Jul 15 12:33:37 +0000 2024;0;@themomlearner Makasih infonya ya kak;1.81283e+18;;themomlearner;in;;0;0;0;https://x.com/undefined/status/1812827860627071484;3922664052.0;;makasih info kak
respon_orang_tua_terhadap_kurikulum_baru_2.csv;1.81282e+18;Mon Jul 15 12:53:33 +0000 2024;0;@themomlearner pembahasan bagus untuk orang tua;1.81283e+18;;themomlearner;in;;0;0;0;https://x.com/undefined/status/1812832876096041449;1.15626e+18;;bahas bagus orang tua
respon_orang_tua_terhadap_kurikulum_baru_2.csv;1.81282e+18;Mon Jul 15 12:55:27 +0000 2024;0;@themomlearner Bikin dilema ya kak;1.81283e+18;;themomlearner;in;;0;0;0;https://x.com/undefined/status/1812833357572796707;862771914.0;;bikin dilema kak
respon_orang_tua_terhadap_kurikulum_baru_2.csv;1.81282e+18;Mon Jul 15 13:18:46 +0000 2024;0;@themomlearner nah bener ni kak;1.81284e+18;;themomlearner;in;;0;0;0;https://x.com/undefined/status/1812839223269208276;1956089569.0;;bener ni kak
respon_orang_tua_terhadap_kurikulum_baru_2.csv;1.81282e+18;Mon Jul 15 13:32:07 +0000 2024;0;@themomlearner Baru tau gw rasanya jdi org tua gini;1.81284e+18;;themomlearner;in;;0;0;0;https://x.com/undefined/status/1812842584664051799;1.13935e+18;;baru tau gw rasa jdi org tua gin
respon_orang_tua_terhadap_kurikulum_baru_2.csv;1.81282e+18;Mon Jul 15 14:10:23 +0000 2024;0;@themomlearner Makasih bnyak yah udh sharing;1.81285e+18;;themomlearner;in;;0;0;0;https://x.com/undefined/status/1812852212558885205;294528028.0;;makasih bnyak yah udh sharing
respon_orang_tua_terhadap_kurikulum_baru_2.csv;1.81282e+18;Mon Jul 15 15:10:57 +0000 2024;0;@themomlearner harus belajar parenting sejak sekarang nih;1.81287e+18;;themomlearner;in;;0;0;0;https://x.com/undefined/status/1812867456077345179;1376555310.0;;harus ajar parenting sejak sekarang nih
respon_orang_tua_terhadap_kurikulum_baru_2.csv;1.81282e+18;Mon Jul 15 16:26:34 +0000 2024;0;@themomlearner Jadi ortu itu susah;1.81289e+18;;themomlearner;in;;0;0;0;https://x.com/undefined/status/1812886485806559309;8.75793e+17;;ortu susah
respon_orang_tua_terhadap_kurikulum_baru_2.csv;1.81282e+18;Mon Jul 15 12:38:02 +0000 2024;1;@themomlearner Maaciw yaa kaak ilmunyaaa semoga bisa diamalin;1.81283e+18;;themomlearner;in;;0;0;0;https://x.com/undefined/status/1812828971308040235;1.52894e+18;;maaciw yaa kaak ilmu moga bisa diamalin
respon_orang_tua_terhadap_kurikulum_baru_2.csv;1.81282e+18;Mon Jul 15 12:11:35 +0000 2024;0;@themomlearner Ini yg buat agak dilema;1.81282e+18;;themomlearner;in;;0;0;0;https://x.com/undefined/status/1812822316013035708;1.13845e+18;;buat agak dilema
respon_orang_tua_terhadap_kurikulum_baru_2.csv;1.81282e+18;Mon Jul 15 15:47:51 +0000 2024;0;@themomlearner Tp Ada anak yg dibebasin malah salah pergaulan;1.81288e+18;;themomlearner;in;;0;0;0;https://x.com/undefined/status/1812876743717618058;1.58795e+18;;tapi ada anak dibebasin malah salah gaul
respon_orang_tua_terhadap_kurikulum_baru_2.csv;1.81282e+18;Mon Jul 15 12:13:17 +0000 2024;0;@themomlearner yg kaya gini buat agak dilema;1.81282e+18;;themomlearner;in;;0;0;0;https://x.com/undefined/status/1812822744775680404;1.53883e+18;;kaya gin buat agak dilema
respon_orang_tua_terhadap_kurikulum_baru_2.csv;1.81282e+18;Mon Jul 15 12:16:33 +0000 2024;0;@themomlearner suka dimarahin nyimak dah;1.81282e+18;;themomlearner;in;;0;0;0;https://x.com/undefined/status/1812823566741557512;170172882.0;;suka dimarahin nyimak
respon_orang_tua_terhadap_kurikulum_baru_2.csv;1.81282e+18;Mon Jul 15 12:24:34 +0000 2024;0;@themomlearner thanks for sharing;1.81283e+18;;themomlearner;en;;0;0;0;https://x.com/undefined/status/1812825584755671483;1.32385e+18;;thanks for sharing
respon_orang_tua_terhadap_kurikulum_baru_2.csv;1.81282e+18;Mon Jul 15 12:25:30 +0000 2024;0;@themomlearner ortuku mikir gini ga ya;1.81283e+18;;themomlearner;in;;0;0;0;https://x.com/undefined/status/1812825819536126422;1.75342e+18;;ortuku mikir gin
respon_orang_tua_terhadap_kurikulum_baru_2.csv;1.81282e+18;Mon Jul 15 12:26:48 +0000 2024;0;@themomlearner bener harusnya seimban gt;1.81283e+18;;themomlearner;in;;0;0;0;https://x.com/undefined/status/1812826143923556463;98409293.0;;bener harus seimban gt
respon_orang_tua_terhadap_kurikulum_baru_2.csv;1.81282e+18;Mon Jul 15 12:28:07 +0000 2024;0;@themomlearner semua orang tau sayang sama anaknya.;1.81283e+18;;themomlearner;in;;0;0;0;https://x.com/undefined/status/1812826477668557244;1.28121e+18;;semua orang tau sayang sama anak
respon_orang_tua_terhadap_kurikulum_baru_2.csv;1.81282e+18;Mon Jul 15 12:34:29 +0000 2024;0;@themomlearner ogtu ya trnyata;1.81283e+18;;themomlearner;in;;0;0;0;https://x.com/undefined/status/1812828079989100927;1.33954e+18;;ogtu trnyata
respon_orang_tua_terhadap_kurikulum_baru_2.csv;1.81282e+18;Mon Jul 15 12:35:47 +0000 2024;0;@themomlearner Izin nyimak aku ka;1.81283e+18;;themomlearner;in;;0;0;0;https://x.com/undefined/status/1812828408059252850;9.19727e+17;;izin nyimak aku ka
respon_orang_tua_terhadap_kurikulum_baru_2.csv;1.81282e+18;Mon Jul 15 13:26:52 +0000 2024;0;@themomlearner baru tau ak soal ini;1.81284e+18;;themomlearner;in;;0;0;0;https://x.com/undefined/status/1812841263735230709;1.75478e+18;;baru tau ak soal
respon_orang_tua_terhadap_kurikulum_baru_2.csv;1.81282e+18;Mon Jul 15 13:28:02 +0000 2024;0;@themomlearner aku kalo jadi org tua gk bakal gitu;1.81284e+18;;themomlearner;in;;0;0;0;https://x.com/undefined/status/1812841556971569579;1.26388e+18;;aku kalo org tua bakal begitu
respon_orang_tua_terhadap_kurikulum_baru_2.csv;1.81282e+18;Mon Jul 15 13:34:24 +0000 2024;0;@themomlearner Keren mantap terus dalam ilmu;1.81284e+18;;themomlearner;in;;0;0;0;https://x.com/undefined/status/1812843156335157294;51815301.0;;keren mantap terus dalam ilmu
respon_orang_tua_terhadap_kurikulum_baru_2.csv;1.81282e+18;Mon Jul 15 13:34:46 +0000 2024;0;@themomlearner terimakasih udah sharing kak;1.81284e+18;;themomlearner;in;;0;0;0;https://x.com/undefined/status/1812843251516502140;1.25023e+18;;terimakasih sharing kak
respon_orang_tua_terhadap_kurikulum_baru_2.csv;1.81282e+18;Mon Jul 15 13:47:01 +0000 2024;0;@themomlearner Makasih kk jadi tau tentang ginian;1.81285e+18;;themomlearner;in;;0;0;0;https://x.com/undefined/status/1812846333923115061;1.11354e+18;;makasih kk tau tentang ginian
respon_orang_tua_terhadap_kurikulum_baru_2.csv;1.81282e+18;Mon Jul 15 13:50:47 +0000 2024;0;@themomlearner bikin dilema ya kak;1.81285e+18;;themomlearner;in;;0;0;0;https://x.com/undefined/status/1812847282758570196;1.50227e+18;;bikin dilema kak
respon_orang_tua_terhadap_kurikulum_baru_2.csv;1.81282e+18;Mon Jul 15 13:54:54 +0000 2024;0;@themomlearner Valid sih ini kak;1.81285e+18;;themomlearner;in;;0;0;0;https://x.com/undefined/status/1812848316172132704;1.20973e+18;;valid sih kak
respon_orang_tua_terhadap_kurikulum_baru_2.csv;1.81282e+18;Mon Jul 15 13:54:58 +0000 2024;0;@themomlearner wah parenting lgi suka ni ak;1.81285e+18;;themomlearner;in;;0;0;0;https://x.com/undefined/status/1812848335742730654;1.53988e+18;;wah parenting lgi suka ni ak
respon_orang_tua_terhadap_kurikulum_baru_2.csv;1.81282e+18;Mon Jul 15 13:56:48 +0000 2024;0;@themomlearner moga gue jd org tua yg baik;1.81285e+18;;themomlearner;in;;0;0;0;https://x.com/undefined/status/1812848793131352269;1.33576e+18;;moga saya jd org tua baik
respon_orang_tua_terhadap_kurikulum_baru_2.csv;1.81282e+18;Mon Jul 15 13:57:12 +0000 2024;0;@themomlearner Semoga kita semua kelak menjadi org tua bijak;1.81285e+18;;themomlearner;in;;0;0;0;https://x.com/undefined/status/1812848894541529260;2435019079.0;;moga kita semua kelak jadi org tua bijak
respon_orang_tua_terhadap_kurikulum_baru_2.csv;1.81282e+18;Mon Jul 15 15:41:50 +0000 2024;0;@themomlearner makasih kak ilmunya bermanfaat banget;1.81288e+18;;themomlearner;in;;0;0;0;https://x.com/undefined/status/1812875225870332153;1.35663e+18;;makasih kak ilmu manfaat sangat
respon_orang_tua_terhadap_kurikulum_baru_2.csv;1.81282e+18;Mon Jul 15 16:15:06 +0000 2024;0;@themomlearner susah juga nentuinnya;1.81288e+18;;themomlearner;in;;0;0;0;https://x.com/undefined/status/1812883600947454145;1.17145e+18;;susah nentuinnya
respon_orang_tua_terhadap_kurikulum_baru_2.csv;1.81282e+18;Mon Jul 15 18:09:22 +0000 2024;0;@themomlearner valid sih kak;1.81291e+18;;themomlearner;in;;0;0;0;https://x.com/undefined/status/1812912354306498817;994593674.0;;valid sih kak
respon_orang_tua_terhadap_kurikulum_baru_2.csv;1.81282e+18;Thu Nov 07 13:13:07 +0000 2024;0;@themomlearner Cek anak susah diatur dilaporin emaknya : https://t.co/PZOWhMpwUC;1.85451e+18;;themomlearner;in;;0;0;0;https://x.com/undefined/status/1854512406325768687;1.8545e+18;;cek anak susah atur dilaporin emaknya
respon_orang_tua_terhadap_kurikulum_baru_2.csv;1.81282e+18;Mon Jul 15 12:58:46 +0000 2024;0;@themomlearner bikin dilema ga si;1.81283e+18;;themomlearner;in;;0;0;0;https://x.com/undefined/status/1812834188808331726;2475168817.0;;bikin dilema
respon_orang_tua_terhadap_kurikulum_baru_3.csv;1.84907e+18;Wed Oct 23 13:44:36 +0000 2024;246;@alandakariza Guru udahlah digaji rendah 1 kelas isinya bisa 40an anak trus dituntut juga mengakomodir variasi daya belajar anak yg gap nya jauh plus beban kerjaan administrasi rutin. Superheroes.;1.84908e+18;;alandakariza;in;;4;9;33;https://x.com/undefined/status/1849084510878789796;198783754.0;;guru udahlah gaji rendah kelas isi bisa an anak trus tuntut mengakomodir variasi daya ajar anak gap jauh plus beban kerja administrasi rutin superheroes
respon_orang_tua_terhadap_kurikulum_baru_3.csv;1.84907e+18;Wed Oct 23 23:12:22 +0000 2024;45;@alandakariza Gw pribadi ga terlalu mempermasalahkan sistem zonasinya. Lebih concern ke perataan akses pendidikan peningkatan kualitas guru (dari gaji peningkatan kapasitas dll) sama manajemen sekolahnya yg bener dulu. Kalo 3 poin itu udh proper gw yakin kualitas pendidikan bakal naik.;1.84923e+18;;alandakariza;in;;1;2;11;https://x.com/undefined/status/1849227393896177984;8.77148e+17;;gw pribadi terlalu masalah sistem zonasi lebih concern perata akses didik tingkat kualitas guru gaji tingkat kapasitas dll sama manajemen sekolah bener dulu kalo poin udh proper gw yakin kualitas didik bakal naik
respon_orang_tua_terhadap_kurikulum_baru_3.csv;1.84907e+18;Wed Oct 23 14:13:39 +0000 2024;22;"@alandakariza sebelumnya baca opini soal zonasi membuat anak anak ga bisa keluar dari bubble lalu setelah baca opini Kak Alanda jadi paham bahwa ada yang lebih penting selain keluar dari bubble yaitu setiap anak memiliki kesempatan untuk mulai dari titik yg sama yaitu dari sekolah &amp; kelas";1.84909e+18;;alandakariza;in;;0;1;2;https://x.com/undefined/status/1849091823253463329;1650178736.0;;belum baca opini soal zonasi buat anak anak bisa keluar bubble lalu telah baca opini kak alanda paham bahwa ada lebih penting selain keluar bubble yaitu tiap anak milik sempat mulai titik sama yaitu sekolah amp kelas
respon_orang_tua_terhadap_kurikulum_baru_3.csv;1.84907e+18;Wed Oct 23 23:29:19 +0000 2024;12;@alandakariza Justru pake zonasi itu menghilangkan kesempatan untuk banyak anak. Karena dengan sistem zonasi sekarang banyak area yang ga bisa masuk ke sekolah negeri manapun. Jadi mau ga mau dia mesti ke swasta (kalau mampu bayar).;1.84923e+18;;alandakariza;in;;0;2;0;https://x.com/undefined/status/1849231661239763424;128513202.0;;justru pake zonasi hilang sempat banyak anak sistem zonasi sekarang banyak area bisa masuk sekolah negeri mana mau mau dia mesti swasta kalau mampu bayar
respon_orang_tua_terhadap_kurikulum_baru_3.csv;1.84907e+18;Wed Oct 23 13:15:57 +0000 2024;11;@alandakariza Setuju dgn zonasi tp implementasinya harus terinci hingga ke daerah daerah yg notabene bukan kota yang secara infrastruktur lengkap;1.84908e+18;;alandakariza;in;;0;1;0;https://x.com/undefined/status/1849077300706545926;72884031.0;;tuju zonasi tapi implementasi harus inci hingga daerah daerah notabene bukan kota cara infrastruktur lengkap
respon_orang_tua_terhadap_kurikulum_baru_3.csv;1.84907e+18;Wed Oct 23 13:27:27 +0000 2024;11;@alandakariza Cuma minusnya disini guru2 nya jadi repot banget gak sih? ngajarnya jadi ekstra supaya bisa memenuhi kebutuhan semua muridnya Kalo saya dulu anak2 yg menuju pintar akhirnya sering dibentak sama gurunya terus gurunya sering pilih kasih ke yang pintar;1.84908e+18;;alandakariza;in;;0;3;0;https://x.com/undefined/status/1849080196730912994;9.03898e+17;;cuma minus sini guru repot sangat gak sih ngajarnya ekstra supaya bisa penuh butuh semua murid kalo saya dulu anak tuju pintar akhir sering bentak sama guru terus guru sering pilih kasih pintar
respon_orang_tua_terhadap_kurikulum_baru_3.csv;1.84907e+18;Wed Oct 23 12:51:55 +0000 2024;3;@alandakariza Halo Alanda salam kenal (lagi) yaa sesama alumni warwick dan pengurus PPI UK nih meskipun kita beda tahun. Boleh DM ngga ya pengen tanya lebih detail soal sekoalh negeri dari perspektif ortu ini kalau ga keberatan I am a parent too and want to explore that option too.;1.84907e+18;;alandakariza;in;;0;2;0;https://x.com/undefined/status/1849071254470607340;59078700.0;;halo alanda salam kenal yaa sama alumni warwick urus ppi uk nih meski kita beda tahun boleh dm ngga ken tanya lebih detail soal sekoalh negeri perspektif ortu kalau berat i am a parent too and want to explore that option too
respon_orang_tua_terhadap_kurikulum_baru_3.csv;1.84907e+18;Wed Oct 23 15:26:02 +0000 2024;3;"@alandakariza Kayaknya anaknya sd ya? Soalnya saya nyimpulinnya soal pinter baca buku &amp; mengeja kalo sd kayaknya sistem pendidikan bisa macem2 jumlah sekolah jg lebih banyak drpd smp &amp; sma. Pernah liat guru SMA ngeluh anak SMA bukan diajarin matpel malah diajarin baca?";1.84911e+18;;alandakariza;in;;0;2;0;https://x.com/undefined/status/1849110038838989193;1719157729.0;;kayak anak sd soal saya nyimpulinnya soal pinter baca buku amp eja kalo sd kayak sistem didik bisa macem jumlah sekolah lebih banyak drpd smp amp sma pernah liat guru sma ngeluh anak sma bukan diajarin matpel malah diajarin baca
respon_orang_tua_terhadap_kurikulum_baru_3.csv;1.84907e+18;Wed Oct 23 13:27:43 +0000 2024;1;"@alandakariza Agree. &amp; Zonasi juga bukan hal yg baru sekali - thn dulu2 namanya Rayon";1.84908e+18;;alandakariza;in;;0;2;0;https://x.com/undefined/status/1849080263122518480;341878767.0;;agree amp zonasi bukan hal baru sekali thn dulu nama rayon
respon_orang_tua_terhadap_kurikulum_baru_3.csv;1.84907e+18;Wed Oct 23 13:04:07 +0000 2024;1;@alandakariza ;1.84907e+18;;alandakariza;qme;;0;1;0;https://x.com/undefined/status/1849074324445212911;1.7943e+18;;
respon_orang_tua_terhadap_kurikulum_baru_3.csv;1.84907e+18;Thu Oct 24 00:41:11 +0000 2024;2;@alandakariza Untuk SD mungkin hal itu tepat di SD itu yang utama anak jadi senang belajar merangsang rasa ingin tahu dll. Tapi untuk level SMP dan SMA justru meritokrasi sepertinya dibutuhkan. Mereka harus mulai belajar kehidupan dan suka tidak suka it's wild world out there.;1.84925e+18;;alandakariza;in;;0;0;1;https://x.com/undefined/status/1849249745203798178;77098425.0;;sd mungkin hal tepat sd utama anak senang ajar rangsang rasa ingin tahu dll tapi level smp sma justru meritokrasi seperti butuh mereka harus mulai ajar hidup suka suka it s wild world out there
respon_orang_tua_terhadap_kurikulum_baru_3.csv;1.84907e+18;Wed Oct 23 15:09:15 +0000 2024;0;@alandakariza Wuih nggak nyangka anaknya Landa sekolah di SDN ;1.84911e+18;;alandakariza;in;;0;0;0;https://x.com/undefined/status/1849105814310805671;28067321.0;;wuih nggak nyangka anak landa sekolah sdn
respon_orang_tua_terhadap_kurikulum_baru_3.csv;1.84907e+18;Wed Oct 23 21:04:58 +0000 2024;0;@alandakariza Namun dampak zonasi di kabupaten seperti daerahku sungguh mengerikan mba. Sekolah2 terbaik justru diisi dengan anak2 titipan dari luar zona yg seharusnya. Bahkan mereka mengakali dengan pindah KK sekeluarga ke alamat paling dekat dengan sekolah;1.8492e+18;;alandakariza;in;;0;0;0;https://x.com/undefined/status/1849195333395591566;1.54685e+18;;namun dampak zonasi kabupaten seperti daerah sungguh keri mba sekolah baik justru isi anak titip luar zona harus bahkan mereka akal pindah kk keluarga alamat paling dekat sekolah
respon_orang_tua_terhadap_kurikulum_baru_3.csv;1.84907e+18;Wed Oct 23 23:23:44 +0000 2024;0;@alandakariza Agak aneh ya kl ngasih dasar argumen cuma pake contoh di pendidikan dasar macem SD mengingat karakter gaya belajar pergaulan bocah sama remaja itu JAUH berbeda;1.84923e+18;;alandakariza;in;;0;0;0;https://x.com/undefined/status/1849230254122156446;1.62007e+18;;agak aneh kl ngasih dasar argumen cuma pake contoh didik dasar macem sd ingat karakter gaya ajar gaul bocah sama remaja jauh beda
respon_orang_tua_terhadap_kurikulum_baru_3.csv;1.84907e+18;Thu Oct 24 01:27:07 +0000 2024;0;@alandakariza sekarang Zonasi bisa disebut jalur Akamsi sih;1.84926e+18;;alandakariza;in;;0;0;0;https://x.com/undefined/status/1849261304122581420;289164404.0;;sekarang zonasi bisa sebut jalur akamsi sih
respon_orang_tua_terhadap_kurikulum_baru_3.csv;1.84907e+18;Thu Oct 24 01:39:54 +0000 2024;0;@alandakariza pfft zonasi atau ngga cuma mindahin status unggulan sekolah yang satu ke sekolah yang lain;1.84926e+18;;alandakariza;in;;0;0;0;https://x.com/undefined/status/1849264522747670893;1.0109e+18;;pfft zonasi ngga cuma mindahin status unggul sekolah satu sekolah lain
respon_orang_tua_terhadap_kurikulum_baru_3.csv;1.84907e+18;Thu Oct 24 02:16:22 +0000 2024;0;"@alandakariza Ibu saya pensiunan guru SMP. Setuju dgn pendapat ini. Karena guru ngajar dimana aja sebetulnya sama. Mau di skolah unggulan atau bukan. Yg membedakan hanya fasilitas sekolah &amp; input anak2 nya saja";1.84927e+18;;alandakariza;in;;0;0;0;https://x.com/undefined/status/1849273697808650303;47993055.0;;ibu saya pensiun guru smp tuju dapat guru ngajar mana betul sama mau skolah unggul bukan beda hanya fasilitas sekolah amp input anak
respon_orang_tua_terhadap_kurikulum_baru_3.csv;1.84907e+18;Thu Oct 24 02:23:35 +0000 2024;0;@alandakariza Bukannya itu didalam satu kelas dibagi kelompok juga bagian kecil dari meritokasi? Karena aslinya di sekolah negeri sekarang tidak seperti diatas jadi dibiarkan atau mengikuti kemampuan batas yang terendah;1.84928e+18;;alandakariza;in;;0;0;0;https://x.com/undefined/status/1849275517096354261;72563849.0;;bukan dalam satu kelas bagi kelompok bagi kecil meritokasi asli sekolah negeri sekarang seperti atas biar ikut mampu batas rendah
respon_orang_tua_terhadap_kurikulum_baru_3.csv;1.84907e+18;Thu Oct 24 02:34:55 +0000 2024;0;@alandakariza Agak oot tapi penasaran jadi anaknya mba Alanda udah sekolah?? Kayaknya baru kemarin liat mba Alanda rambut biru di podcast time flies so fast Kayaknya ini sekolah negeri yg sebelum zonasi emg sudah bagus ya mba? Jadi punya alternatif menghadapi zonasi dgn anak yg beragam.;1.84928e+18;;alandakariza;in;;0;0;0;https://x.com/undefined/status/1849278368006688783;1.54706e+18;;agak oot tapi penasaran anak mba alanda sekolah kayak baru kemarin liat mba alanda rambut biru podcast time flies so fast kayak sekolah negeri belum zonasi emg bagus mba punya alternatif hadap zonasi anak agam
respon_orang_tua_terhadap_kurikulum_baru_3.csv;1.84907e+18;Thu Oct 24 02:42:31 +0000 2024;0;@alandakariza Saya pribadi sih tetap memilih g berharap banyak dg hal2 yg berbau pemerintah;1.84928e+18;;alandakariza;in;;0;0;0;https://x.com/undefined/status/1849280282203132278;1.29607e+18;;saya pribadi sih tetap pilih g harap banyak hal bau perintah
respon_orang_tua_terhadap_kurikulum_baru_3.csv;1.84907e+18;Thu Oct 24 03:26:35 +0000 2024;0;@alandakariza Loh saya sepakat zonasi asal sekolahnya juga cukup;1.84929e+18;;alandakariza;in;;0;0;0;https://x.com/undefined/status/1849291369438920927;522882884.0;;loh saya sepakat zonasi asal sekolah cukup
respon_orang_tua_terhadap_kurikulum_baru_3.csv;1.84907e+18;Thu Oct 24 03:32:04 +0000 2024;0;@alandakariza Tp kalo SMP-SMA gk bisa pake sistem itu kan?;1.84929e+18;;alandakariza;in;;0;0;0;https://x.com/undefined/status/1849292750170333383;1.36652e+18;;tapi kalo smp sma bisa pake sistem
respon_orang_tua_terhadap_kurikulum_baru_3.csv;1.84907e+18;Thu Oct 24 04:02:04 +0000 2024;0;@alandakariza Setuju;1.8493e+18;;alandakariza;in;;0;0;0;https://x.com/undefined/status/1849300299040874719;1.57513e+18;;tuju
respon_orang_tua_terhadap_kurikulum_baru_3.csv;1.84907e+18;Thu Oct 24 04:03:42 +0000 2024;0;@alandakariza Zonasi sangat membantu buat yg keluarga kurang mampu. Ngirit ongkos doong;1.8493e+18;;alandakariza;in;;0;0;0;https://x.com/undefined/status/1849300710518898849;1.56668e+18;;zonasi sangat bantu buat keluarga kurang mampu ngirit ongkos doong
respon_orang_tua_terhadap_kurikulum_baru_3.csv;1.84907e+18;Thu Oct 24 04:08:42 +0000 2024;0;@alandakariza Saya sepkat dengan kalimat penutupnya.;1.8493e+18;;alandakariza;in;;0;0;0;https://x.com/undefined/status/1849301969955144173;2993672654.0;;saya sepkat kalimat tutup
respon_orang_tua_terhadap_kurikulum_baru_3.csv;1.84907e+18;Thu Oct 24 09:03:53 +0000 2024;0;@alandakariza iya ga setuju sekolah negeri ada sekolah unggulan ;1.84938e+18;;alandakariza;in;;0;0;0;https://x.com/undefined/status/1849376252970577937;247277409.0;;tuju sekolah negeri ada sekolah unggul
respon_orang_tua_terhadap_kurikulum_baru_3.csv;1.84907e+18;Thu Oct 24 09:41:10 +0000 2024;0;@alandakariza gaji 500 rb disuruh kaya gitu ;1.84939e+18;;alandakariza;in;;0;0;0;https://x.com/undefined/status/1849385638497579077;1.77688e+18;;gaji rb suruh kaya begitu
respon_orang_tua_terhadap_kurikulum_baru_4.csv;1.72866e+18;Sun Nov 26 07:54:28 +0000 2023;0;@sangjuwita Yai @fakhrualong;1.72868e+18;;sangjuwita;und;;0;1;0;https://x.com/undefined/status/1728683624172831096;7.80143e+17;;yai
respon_orang_tua_terhadap_kurikulum_baru_5.csv;1.74998e+18;Wed Jan 24 03:48:21 +0000 2024;47;@kuuwroo ini kurmed sama merdeka belajar. jd emang kurang lebih si anak tuh diminta buat cari sendiri ya tp ga didiemin juga sih kudunya ttp dikasi pondasi dulu;1.75e+18;;kuuwroo;in;;0;4;0;https://x.com/undefined/status/1750002573665513811;501617572.0;;kurmed sama merdeka ajar jd emang kurang lebih anak tuh minta buat cari sendiri tapi didiemin sih kudu ttp kasi pondasi dulu
respon_orang_tua_terhadap_kurikulum_baru_5.csv;1.74998e+18;Wed Jan 24 03:09:19 +0000 2024;24;@kuuwroo ini gara gara kurikulm merdeka gasii jadi si anak disuruh explore sendiri gituuu;1.74999e+18;;kuuwroo;in;;0;3;0;https://x.com/undefined/status/1749992748449693741;1.63735e+18;;gara gara kurikulm merdeka gasii anak suruh explore sendiri begitu
respon_orang_tua_terhadap_kurikulum_baru_5.csv;1.74998e+18;Wed Jan 24 03:57:21 +0000 2024;0;@kuuwroo iyaaa aku kmrn juga gtu kak tpi klo aku case nya sengaja disuru nyari materi sendiri misal barisan aritmatika biar aku bisa tau duluan dan belajar dulu sblum gurunya ngejelasin;1.75e+18;;kuuwroo;in;;0;1;0;https://x.com/undefined/status/1750004836857491519;1.39252e+18;;aku kmrn gtu kak tpi kalau aku case sengaja disuru nyari materi sendiri misal baris aritmatika biar aku bisa tau duluan ajar dulu sblum guru ngejelasin
respon_orang_tua_terhadap_kurikulum_baru_5.csv;1.74998e+18;Wed Jan 24 07:30:40 +0000 2024;0;@kuuwroo gue jg pernah kok kak wkwkw. malahan pas guru dtg di awal pertemuan tu kasi tau materi yg mau dibahas (bab babnya). abis tu bagi kelompok trs tiap kelompok itu dpt materi yg beda (sesuai bab 1 semester itu) trs dipresentasiin WKWKWKW;1.75006e+18;;kuuwroo;in;;0;1;0;https://x.com/undefined/status/1750058519729205308;1.52687e+18;;saya pernah kak wkwkw malah pas guru dtg awal temu tu kasi tau materi mau bahas bab bab abis tu bagi kelompok trs tiap kelompok dpt materi beda sesuai bab semester trs dipresentasiin wkwkwkw
respon_orang_tua_terhadap_kurikulum_baru_5.csv;1.74998e+18;Wed Jan 24 07:33:27 +0000 2024;0;@kuuwroo Kata adek ku yang SMP semenjak ganti kurikulum merdeka emang apa-apa disuru cari sendiri terus banyak kerja kelompoknya tapi kalo menurutku ya kurikulum merdekanya kayaknya harus di revisi deh jadi misal yaudah guru jelasinnya lebih ke kayak diskusi bersama aja;1.75006e+18;;kuuwroo;in;;0;1;0;https://x.com/undefined/status/1750059222270984549;1.46715e+18;;kata adek ku smp semenjak ganti kurikulum merdeka emang disuru cari sendiri terus banyak kerja kelompok tapi kalo turut kurikulum merdeka kayak harus revisi misal yaudah guru jelasinnya lebih kayak diskusi sama
respon_orang_tua_terhadap_kurikulum_baru_5.csv;1.74998e+18;Wed Jan 24 07:49:24 +0000 2024;0;@kuuwroo Guru guru yg bgni nih aneh kl gangajar dulu aky jg punya guru geo bgni yg ngajarnya dkit bgt cuma ngajarin background trs kita disuru presentasi per sub chapter per anak jd katanya biar saling ngajarin tp mnrt ku metode gini cuma bikin anak fokus belajar sm 1 subchapter;1.75006e+18;;kuuwroo;in;;0;1;0;https://x.com/undefined/status/1750063236857336033;1.48625e+18;;guru guru bgni nih aneh kl gangajar dulu aky punya guru geo bgni ngajarnya dkit bgt cuma ngajarin background trs kita disuru presentasi per sub chapter per anak jd kata biar saling ngajarin tapi mnrt ku metode gin cuma bikin anak fokus ajar sm subchapter
respon_orang_tua_terhadap_kurikulum_baru_5.csv;1.74998e+18;Wed Jan 24 08:08:19 +0000 2024;0;@kuuwroo aaaa paham inimah penyalah artian kurikulum nder. di kumer kan siswa emg disuruh aktif dan lebih mandiri makanya disuruh nemuin teori sendiri. guru cm jd dalang kelas.;1.75007e+18;;kuuwroo;in;;0;1;0;https://x.com/undefined/status/1750067997031727281;1.67514e+18;;a paham inimah salah arti kurikulum nder kumer siswa emg suruh aktif lebih mandiri makanya suruh nemuin teori sendiri guru cm jd dalang kelas
respon_orang_tua_terhadap_kurikulum_baru_5.csv;1.74998e+18;Wed Jan 24 08:19:27 +0000 2024;0;@kuuwroo aku mengalami ini jg kebetulan keponakan aku ipa sedangkan aku ips gapnya jauh bgt. Sometimes dia nanya kan mtk gitu. Beda jauh efek imbas kurikulum merdeka yg menurut aku indonesia yg blm melek literasi ini dihadapkan dengan belajar mandiri dan belajar kelompok freak;1.75007e+18;;kuuwroo;in;;0;0;0;https://x.com/undefined/status/1750070798977806504;593737014.0;;aku alami betul keponakan aku ipa sedang aku ips gap jauh bgt sometimes dia nanya mtk begitu beda jauh efek imbas kurikulum merdeka turut aku indonesia melek literasi hadap ajar mandiri ajar kelompok freak
respon_orang_tua_terhadap_kurikulum_baru_5.csv;1.74998e+18;Wed Jan 24 08:31:10 +0000 2024;0;@kuuwroo negri ga? wkwkwk soalnya gue gabolehin adek gue masuk negri krn doi tipe yg harus dibimbing akhirnya bokap mau sekolahin adek gue di swasta yg lumayan lah;1.75007e+18;;kuuwroo;in;;0;0;0;https://x.com/undefined/status/1750073746482929787;1.31718e+18;;negri wkwkwk soal saya gabolehin adek saya masuk negri krn doi tipe harus bimbing akhir bokap mau sekolahin adek saya swasta lumayan
respon_orang_tua_terhadap_kurikulum_baru_5.csv;1.74998e+18;Wed Jan 24 08:31:42 +0000 2024;0;@kuuwroo ka emg kurikulum merdeka begitu sekarang karena buat memancing siswa ini dinamakan metode pembelajaran. Tapi harusnya tetep ada metode ceramah dulu dr guru baru nanti siswa csri tahu sendiri.;1.75007e+18;;kuuwroo;in;;0;0;0;https://x.com/undefined/status/1750073878129553724;1.41355e+18;;ka emg kurikulum merdeka begitu sekarang buat pancing siswa nama metode ajar tapi harus tetep ada metode ceramah dulu guru baru nanti siswa csri tahu sendiri
respon_orang_tua_terhadap_kurikulum_baru_5.csv;1.74998e+18;Wed Jan 24 08:40:45 +0000 2024;0;"@kuuwroo Gue waktu sma pernah belajar ini &amp; kebetulan berkelompok juga emg pel kaya gini harus di jelasin sama masing2 kelompoknya biasanya di dalem soal itu ada namanya &amp; suruh kita belajar dulu liat youtube rumus gt &amp; pas di bahas gurunya ikut bahas juga. Kayanya emg ngelatih muridnya";1.75008e+18;;kuuwroo;in;;0;0;0;https://x.com/undefined/status/1750076156102250623;1.38997e+18;;saya waktu sma pernah ajar amp betul kelompok emg pel kaya gin harus jelasin sama masing kelompok biasa dalem soal ada nama amp suruh kita ajar dulu liat youtube rumus gt amp pas bahas guru ikut bahas kaya emg ngelatih murid
respon_orang_tua_terhadap_kurikulum_baru_5.csv;1.74998e+18;Wed Jan 24 08:44:52 +0000 2024;0;@kuuwroo ini udah ada dari jaman gue kuliah : baru masuk disuru buka buku trs ditunjuk random buat ngejelasin;1.75008e+18;;kuuwroo;in;;0;0;0;https://x.com/undefined/status/1750077194410606602;79114591.0;;ada jaman saya kuliah baru masuk disuru buka buku trs tunjuk random buat ngejelasin
respon_orang_tua_terhadap_kurikulum_baru_5.csv;1.74998e+18;Wed Jan 24 07:51:25 +0000 2024;0;@kuuwroo Sekarang emang gitu sistemnya kak. Jadi kita yg ngejelasin belajar duluan ntar guru sisanya aja. Jadi kaya semacem belajar dari kita untuk kita;1.75006e+18;;kuuwroo;in;;0;0;0;https://x.com/undefined/status/1750063740912124249;1.54934e+18;;sekarang emang begitu sistem kak kita ngejelasin ajar duluan ntar guru sisa kaya semacem ajar kita kita
respon_orang_tua_terhadap_kurikulum_baru_5.csv;1.74998e+18;Wed Jan 24 07:57:09 +0000 2024;0;@kuuwroo dihh klo mahasiswa yg kaya gini sih udh makanan sehari-hari LAH INI???? ANAK SMA WOYYY ANJRIT GURUNYA GAJI BUTA;1.75007e+18;;kuuwroo;in;;0;0;0;https://x.com/undefined/status/1750065184469844458;1.51167e+18;;dihh kalau mahasiswa kaya gin sih udh makan hari hari anak sma woy anjrit guru gaji buta
respon_orang_tua_terhadap_kurikulum_baru_5.csv;1.74998e+18;Wed Jan 24 08:47:32 +0000 2024;0;@kuuwroo gue semester kemarin juga amjink tapi mapel biologi 1 semester di tinggalin ga di jelasin cuma kasih tugas sama suruh ngerangkum SEMESTER 2 DATENG DATENG MARAH MARAH KELAKUAN ANAK KLS GUE PADAHAL ELO JD GURU JG GA BERTANGGUNG JAWAB BJIR;1.75008e+18;;kuuwroo;in;;0;0;0;https://x.com/undefined/status/1750077864006066595;1.67526e+18;;saya semester kemarin amjink tapi mapel biologi semester tinggalin jelasin cuma kasih tugas sama suruh ngerangkum semester dateng dateng marah marah laku anak kls saya padahal elo jd guru tanggung jawab bjir
respon_orang_tua_terhadap_kurikulum_baru_5.csv;1.74998e+18;Wed Jan 24 08:56:11 +0000 2024;0;@kuuwroo sekolah gw emg kaya gini bikin kelompok terus ada 1 ketuanya yg nilainya paling tinggi diantara mereka lah dia yg jelasin dan bertanggung jawab atas nilai kelompok2nya;1.75008e+18;;kuuwroo;in;;0;0;0;https://x.com/undefined/status/1750080040031932487;1.26853e+18;;sekolah gw emg kaya gin bikin kelompok terus ada ketua nilai paling tinggi antara mereka dia jelasin tanggung jawab atas nilai kelompok
respon_orang_tua_terhadap_kurikulum_baru_5.csv;1.74998e+18;Wed Jan 24 08:57:05 +0000 2024;0;@kuuwroo Bisa banyak kemungkinan kak banyak yg reply krn kurikulum dsb tp bisa juga dr guru nya sendiri. Aku ngajar anak sma tetep diajarin dl materi dasarnya selebihnya siswa yang aktif. Tp adekku kasusnya sama ky kaka tbtb dikasi tugas tp ga dijelasin samsek sm gurunya;1.75008e+18;;kuuwroo;in;;0;0;0;https://x.com/undefined/status/1750080269841998092;1234157810.0;;bisa banyak mungkin kak banyak reply krn kurikulum dsb tapi bisa guru sendiri aku ngajar anak sma tetep diajarin dl materi dasar lebih siswa aktif tapi adekku kasus sama ky kaka tbtb kasi tugas tapi dijelasin samsek sm guru
respon_orang_tua_terhadap_kurikulum_baru_5.csv;1.74998e+18;Wed Jan 24 09:05:48 +0000 2024;0;@kuuwroo Gue guru les mtk sebelum mulai biasanya gue tanya: udh dibahas blm sama gurunya? Jawabannya selalu sama udah tapi ya gt ga jelas / udah tapi cepet2. Jadi yg di bahas materi A tapi yg dijadiin tugas tuh B. Kayak.. huh? Paling engga kasih basic yg jelas laa ;1.75008e+18;;kuuwroo;in;;0;0;0;https://x.com/undefined/status/1750082463748198815;3316912891.0;;saya guru les mtk belum mulai biasa saya tanya udh bahas sama guru jawab selalu sama tapi gt jelas tapi cepet bahas materi a tapi dijadiin tugas tuh b kayak huh paling engga kasih basic jelas laa
respon_orang_tua_terhadap_kurikulum_baru_5.csv;1.74998e+18;Wed Jan 24 09:05:57 +0000 2024;0;@kuuwroo Kurikulum ini tuh kek kurikulum luar negeri. Bikin ank bebas berekspresi berbicara menyatakan pendapatnya disuruh berpikir kritis (yg gw tangkap dr om gw krn anknya masuk kurikulum ini) tp ya kgk gini jg buset dilepas sendiri mikir sendiri. At least jelasin dulu kem;1.75008e+18;;kuuwroo;in;;0;0;0;https://x.com/undefined/status/1750082500125446608;1.61069e+18;;kurikulum tuh kek kurikulum luar negeri bikin ank bebas ekspres bicara nyata dapat suruh pikir kritis gw tangkap om gw krn anknya masuk kurikulum tapi kgk gin buset lepas sendiri mikir sendiri at least jelasin dulu kem
respon_orang_tua_terhadap_kurikulum_baru_5.csv;1.74998e+18;Wed Jan 24 09:09:36 +0000 2024;0;@kuuwroo Sekolah gw dulu begini jd gw dah tolol mtk makin tolol;1.75008e+18;;kuuwroo;in;;0;0;0;https://x.com/undefined/status/1750083417847611815;1.45979e+18;;sekolah gw dulu begini jd gw tolol mtk makin tolol
respon_orang_tua_terhadap_kurikulum_baru_5.csv;1.74998e+18;Wed Jan 24 09:29:25 +0000 2024;0;"@kuuwroo iya kurmed gini skrng ;(";1.75009e+18;;kuuwroo;in;;0;0;0;https://x.com/undefined/status/1750088404157825102;1.27251e+18;;kurmed gin skrng
respon_orang_tua_terhadap_kurikulum_baru_5.csv;1.74998e+18;Wed Jan 24 09:42:01 +0000 2024;0;@kuuwroo Dulu di sekolah ku sering begini tpi bukan mtk wktu itu biologi pkn kaya gitu;1.75009e+18;;kuuwroo;in;;0;0;0;https://x.com/undefined/status/1750091573990506786;3184784904.0;;dulu sekolah ku sering begini tpi bukan mtk wktu biologi pkn kaya begitu
respon_orang_tua_terhadap_kurikulum_baru_5.csv;1.74998e+18;Wed Jan 24 05:31:57 +0000 2024;0;@kuuwroo Dulu gue pas SMP malah kocaknya ngasih PR soal soal olimpiade matematika gitu tapi gak dijelasin dulu. Mungkin karena gua di kelas unggulan tapi tetep aja gak semuanya ngerti njir. Atau guenya aja yang tolol ya? Mana tuh guru galak banget.;1.75003e+18;;kuuwroo;in;;0;0;0;https://x.com/undefined/status/1750028643768897626;1.42853e+18;;dulu saya pas smp malah kocak ngasih pr soal soal olimpiade matematika begitu tapi gak dijelasin dulu mungkin gua kelas unggul tapi tetep gak semua ngerti njir gue tolol mana tuh guru galak sangat
respon_orang_tua_terhadap_kurikulum_baru_5.csv;1.74998e+18;Wed Jan 24 05:50:00 +0000 2024;0;@kuuwroo Kurikulumnya semakin kesini emng murid disuru eksplore sendiri. Trus jg dari dulu emg ada metode pembelajaran yang anaknya disuru kelompokan kay gitu (aku anak pendidikan). Tp biasanya sblm eksplore harus di kasi pemahaman umum ga nyampai ke rinci baru dilnjut muridnya sndri;1.75003e+18;;kuuwroo;in;;0;0;0;https://x.com/undefined/status/1750033189010391043;1.28143e+18;;kurikulum makin kesini emng murid disuru eksplore sendiri trus dulu emg ada metode ajar anak disuru lompok kay begitu aku anak didik tapi biasa sblm eksplore harus kasi paham umum nyampai rinci baru dilnjut murid sndri
respon_orang_tua_terhadap_kurikulum_baru_5.csv;1.74998e+18;Wed Jan 24 05:52:53 +0000 2024;0;@kuuwroo Plis jangan biarin. Laporkan ke kepsek ke dinas. Gak ada model oembdlajaran kyk gtu di sekolah. Pliss semua waki kurid kompak protes klo ada kek gtu;1.75003e+18;;kuuwroo;in;;0;0;0;https://x.com/undefined/status/1750033913584762952;1.73061e+18;;plis jangan biarin lapor kepsek dinas gak ada model oembdlajaran kyk gtu sekolah pliss semua wak kurid kompak protes kalau ada kek gtu
respon_orang_tua_terhadap_kurikulum_baru_5.csv;1.74998e+18;Wed Jan 24 05:54:48 +0000 2024;0;@kuuwroo emg pler sih kurmer soalnya materinya berat² jg mana anak klas 10 udh diajarin peluang lagi padahal jaman w gaada tuh peluang;1.75003e+18;;kuuwroo;in;;0;0;0;https://x.com/undefined/status/1750034396005143019;1.14016e+18;;emg pler sih kurmer soal materi berat mana anak klas udh diajarin peluang padahal jaman w gaada tuh peluang
respon_orang_tua_terhadap_kurikulum_baru_5.csv;1.74998e+18;Wed Jan 24 05:56:16 +0000 2024;0;@kuuwroo lah dosen gini kan wkwkwkwk;1.75003e+18;;kuuwroo;in;;0;0;0;https://x.com/undefined/status/1750034762495107296;1.31241e+18;;dosen gin wkwkwkwk
respon_orang_tua_terhadap_kurikulum_baru_5.csv;1.74998e+18;Wed Jan 24 05:56:53 +0000 2024;0;@kuuwroo Sejak gue sma taun 2014 emang ada bbrp guru yg kyk gitu apalagi kuliah banyak bgt dosen yg ga nerangin matkulnya ujug ujug disuruh kelompokan trs presentasi materi. Kalo kata guru sm dosen yg gue dgr sih kurikulum merdeka ngebentuk siswanya lebih eksplor matkulnya sendiri;1.75003e+18;;kuuwroo;in;;0;0;0;https://x.com/undefined/status/1750034919294955677;1.53046e+18;;sejak saya sma taun emang ada bbrp guru kyk begitu apalagi kuliah banyak bgt dosen nerangin matkulnya ujug ujug suruh lompok trs presentasi materi kalo kata guru sm dosen saya dgr sih kurikulum merdeka ngebentuk siswa lebih eksplor matkulnya sendiri
respon_orang_tua_terhadap_kurikulum_baru_5.csv;1.74998e+18;Wed Jan 24 06:04:02 +0000 2024;0;@kuuwroo emg kurmer ini nyebelin gue yg kuliah di keguruan ikut kena imbasnya KURIKULUM GUE DIGANTI 3 KALI GARA-GARA KURMER DOANG;1.75004e+18;;kuuwroo;in;;0;0;0;https://x.com/undefined/status/1750036720396165631;1.47834e+18;;emg kurmer nyebelin saya kuliah guru ikut kena imbas kurikulum saya ganti kali gara gara kurmer doang
respon_orang_tua_terhadap_kurikulum_baru_5.csv;1.74998e+18;Wed Jan 24 06:07:04 +0000 2024;0;@kuuwroo Katanya emng kurikulum merdeka kayak gini;1.75004e+18;;kuuwroo;in;;0;0;0;https://x.com/undefined/status/1750037482195038420;1.68732e+18;;kata emng kurikulum merdeka kayak gin
respon_orang_tua_terhadap_kurikulum_baru_5.csv;1.74998e+18;Wed Jan 24 06:18:01 +0000 2024;0;@kuuwroo persis kaya adekku adekku sering banget begini;1.75004e+18;;kuuwroo;in;;0;0;0;https://x.com/undefined/status/1750040237299146802;1.46482e+18;;persis kaya adekku adekku sering sangat begini
respon_orang_tua_terhadap_kurikulum_baru_5.csv;1.74998e+18;Wed Jan 24 06:25:55 +0000 2024;0;@kuuwroo gatau karena emang kurikulum merdeka atau karena emang gurunya yang begitu. yang jelas ini ngerugiin anak2;1.75004e+18;;kuuwroo;in;;0;0;0;https://x.com/undefined/status/1750042227395690872;1.33502e+18;;gatau emang kurikulum merdeka emang guru begitu jelas ngerugiin anak
respon_orang_tua_terhadap_kurikulum_baru_5.csv;1.74998e+18;Wed Jan 24 06:27:04 +0000 2024;0;@kuuwroo aku ada guru modelan begini kalau di kelas tuh bahasnya malah percintaan gitu ga penting banget. entah biar disukain banyak siswa ato gimana. tapi yang jelas anak2 yang rajin tuh jad kaya males gitu soalnya gapernah jelasin materi;1.75004e+18;;kuuwroo;in;;0;0;0;https://x.com/undefined/status/1750042515187929435;1.33502e+18;;aku ada guru model begini kalau kelas tuh bahas malah cinta begitu penting sangat entah biar disukain banyak siswa ato gimana tapi jelas anak rajin tuh jad kaya males begitu soal gapernah jelasin materi
respon_orang_tua_terhadap_kurikulum_baru_5.csv;1.74998e+18;Wed Jan 24 06:39:14 +0000 2024;0;@kuuwroo gue yg lulusan 2018 aja dlu sistem belajarnya gini padahal dlu angkatan gw masih kurikulum KTSP. kata gurunya meski kalian kurikulum KTSP tp ngikut sistem adik kelas yg udah kurikulum 2013 nah sistem belajarnya gini stress bgt dluu nyari materi sendiri;1.75005e+18;;kuuwroo;in;;0;0;0;https://x.com/undefined/status/1750045578728513978;1.09266e+18;;saya lulus dlu sistem ajar gin padahal dlu angkat gw masih kurikulum ktsp kata guru meski kalian kurikulum ktsp tapi ngikut sistem adik kelas kurikulum sistem ajar gin stress bgt dluu nyari materi sendiri
respon_orang_tua_terhadap_kurikulum_baru_5.csv;1.74998e+18;Wed Jan 24 06:49:16 +0000 2024;0;@kuuwroo IH KEMARIN AKU JG DPT TUGAS BEGINI PERSIS BGT CARI NILAI TENGAH NILAI RATA NILAI YG SERING MUNCUL. JD KITA EMANG NGEJELASIN SENDIRI INI DAPET ANGKA NYA DARI MANA aku aja sampe panik karna bener ngejelasin bareng kelompok kita;1.75005e+18;;kuuwroo;in;;0;0;0;https://x.com/undefined/status/1750048102105665879;1.55983e+18;;ih kemarin aku dpt tugas begini persis bgt cari nilai tengah nilai rata nilai sering muncul jd kita emang ngejelasin sendiri dapet angka mana aku sampe panik karna bener ngejelasin bareng kelompok kita
respon_orang_tua_terhadap_kurikulum_baru_5.csv;1.74998e+18;Wed Jan 24 06:58:36 +0000 2024;0;@kuuwroo gua pernah anying;1.75005e+18;;kuuwroo;in;;0;0;0;https://x.com/undefined/status/1750050449498230808;1.69634e+18;;gua pernah anying
respon_orang_tua_terhadap_kurikulum_baru_5.csv;1.74998e+18;Wed Jan 24 07:02:31 +0000 2024;0;@kuuwroo kurikulum merdeka mereka nyari sendiri kalo udah nanti baru dibahas bareng2 + dikasi penguatan + penjelasan. jd anak dilatih aktif buat caritau sendiri dulu;1.75005e+18;;kuuwroo;in;;0;0;0;https://x.com/undefined/status/1750051436052775239;1.27637e+18;;kurikulum merdeka mereka nyari sendiri kalo nanti baru bahas bareng kasi kuat jelas jd anak latih aktif buat caritau sendiri dulu
respon_orang_tua_terhadap_kurikulum_baru_5.csv;1.74998e+18;Wed Jan 24 07:04:49 +0000 2024;0;@kuuwroo Aku lulusan 22 guru ku bilang gini guna nya ada hp apa cari sendiri ;1.75005e+18;;kuuwroo;in;;0;0;0;https://x.com/undefined/status/1750052016033075505;1.68808e+18;;aku lulus guru ku bilang gin guna ada hp cari sendiri
respon_orang_tua_terhadap_kurikulum_baru_5.csv;1.74998e+18;Wed Jan 24 07:06:51 +0000 2024;0;@kuuwroo harusnya si kl udh presentasi gini diulang lagi penjelasannya sm gurunya. tp kl cuma presentasi perkelompok permateri yg bahkan materi cari sendiri trs ga dijelasin ulang sm gurunya wah udh masuk gaji buta si itu;1.75005e+18;;kuuwroo;in;;0;0;0;https://x.com/undefined/status/1750052526614028651;1.69387e+18;;harus kl udh presentasi gin ulang jelas sm guru tapi kl cuma presentasi kelompok materi bahkan materi cari sendiri trs dijelasin ulang sm guru wah udh masuk gaji buta
respon_orang_tua_terhadap_kurikulum_baru_5.csv;1.74998e+18;Wed Jan 24 07:18:39 +0000 2024;0;@kuuwroo Aku rasa kurtilas lebih baik drpd merdeka;1.75006e+18;;kuuwroo;in;;0;0;0;https://x.com/undefined/status/1750055498580209749;1.15477e+18;;aku rasa kurtilas lebih baik drpd merdeka
respon_orang_tua_terhadap_kurikulum_baru_5.csv;1.74998e+18;Wed Jan 24 07:21:06 +0000 2024;0;@kuuwroo honestly malah yg kek begini udh dr dulu jaman aku sma udah disuruh nyari jawaban sndiri kek adek km nder. dan secara baik kelompok/sendiri. mind you jaman aku sma tuh tahun 2014 - 2017. banyak guru kek gitu. aku dl jg bingung materi baru tp disuruh cari sndiri cara nya ;1.75006e+18;;kuuwroo;in;;0;0;0;https://x.com/undefined/status/1750056111796007213;139400653.0;;honestly malah kek begini udh dulu jaman aku sma suruh nyari jawab sndiri kek adek km nder cara baik kelompok sendiri mind you jaman aku sma tuh tahun banyak guru kek begitu aku dl bingung materi baru tapi suruh cari sndiri cara
respon_orang_tua_terhadap_kurikulum_baru_5.csv;1.74998e+18;Wed Jan 24 07:22:02 +0000 2024;0;@kuuwroo aku waktu kelas 10 dapat guru begini jg nih guru mtk. persis bgt. dijelasin materi ngga sama sekali tp disuruh kerja kelompok dan nyari jawaban sendiri ;1.75006e+18;;kuuwroo;in;;0;0;0;https://x.com/undefined/status/1750056348442853573;1.27093e+18;;aku waktu kelas dapat guru begini nih guru mtk persis bgt dijelasin materi ngga sama sekali tapi suruh kerja kelompok nyari jawab sendiri
respon_orang_tua_terhadap_kurikulum_baru_5.csv;1.74998e+18;Wed Jan 24 07:35:47 +0000 2024;1;@kuuwroo sekarang modelan ngajarnya kayak gitu sih siswa dituntut aktif tapi ini mah jadi kayak kuliah harusnya mah yg sekolah wajib jangan diterapin kayak gitu kasian siswanya sekarang tempat les malah lebih baik dan lebih memberi ilmu dibanding sekolah kasian yg gak bisa les;1.75006e+18;;kuuwroo;in;;0;1;0;https://x.com/undefined/status/1750059808638816485;1.44055e+18;;sekarang model ngajarnya kayak begitu sih siswa tuntut aktif tapi kayak kuliah harus sekolah wajib jangan diterapin kayak begitu kasi siswa sekarang tempat les malah lebih baik lebih beri ilmu banding sekolah kasi gak bisa les
respon_orang_tua_terhadap_kurikulum_baru_5.csv;1.74998e+18;Wed Jan 24 05:56:24 +0000 2024;0;@kuuwroo Iyaa waktu masih sma juga gtu tahun 2022 katanya suruh cari sendiri di internet. Karena siswa harus lebih aktif dibanding guru.;1.75003e+18;;kuuwroo;in;;0;0;0;https://x.com/undefined/status/1750034796296974404;1.72146e+18;;iyaa waktu masih sma gtu tahun kata suruh cari sendiri internet siswa harus lebih aktif banding guru
respon_orang_tua_terhadap_kurikulum_baru_5.csv;1.74998e+18;Wed Jan 24 07:33:10 +0000 2024;0;@kuuwroo Ini karna masuk K13 ga sih? Jadi emang lebih banyak mandirinya. Btw mau nawarin jasa belajar/bedah soal mtk bareng hehe;1.75006e+18;;kuuwroo;in;;0;0;0;https://x.com/undefined/status/1750059150040768754;444631434.0;;karna masuk k sih emang lebih banyak mandiri btw mau nawarin jasa ajar bedah soal mtk bareng
respon_orang_tua_terhadap_kurikulum_baru_6.csv;1.78849e+18;Thu May 09 11:44:08 +0000 2024;4;@mcitraningrum Kok aku berharap banget berbagai kenangan bersama Bapak bisa dibukukan ya mbak ;1.78854e+18;;mcitraningrum;in;;0;1;0;https://x.com/undefined/status/1788535421112295724;192091574.0;;aku harap sangat bagai kenang sama bapak bisa buku mbak
respon_orang_tua_terhadap_kurikulum_baru_6.csv;1.78849e+18;Fri May 10 08:38:17 +0000 2024;0;@mcitraningrum kok kayak pernah baca tulisaan ini sebelumnya tp dmn ya;1.78885e+18;;mcitraningrum;in;;0;1;0;https://x.com/undefined/status/1788851038990315777;1.5657e+18;;kayak pernah baca tulisaan belum tapi dmn
respon_orang_tua_terhadap_kurikulum_baru_6.csv;1.78849e+18;Thu May 09 09:18:46 +0000 2024;20;@mcitraningrum Banyak orang hanya melihat privilege orang lain tanpa menyadari privilege diri sendiri;1.7885e+18;;mcitraningrum;in;;0;0;2;https://x.com/undefined/status/1788498837117821084;58405028.0;;banyak orang hanya lihat privilege orang lain tanpa sadar privilege diri sendiri
respon_orang_tua_terhadap_kurikulum_baru_6.csv;1.78849e+18;Thu May 09 11:21:32 +0000 2024;15;@mcitraningrum Privilege yg saya punya karena ada ayah yg kerjanya supir selalu kelimpahan majalah buku2 dan koran2 bekas yg bagus2 eks bacaan penumpang. Referensi saya terhadap pelajaran situasi ekonomi nasional dan tren bisnis pun luas untuk anak yg masih kecil. Privilese itu bisa dimana2;1.78853e+18;;mcitraningrum;in;;0;0;1;https://x.com/undefined/status/1788529732738584718;405444458.0;;privilege saya punya ada ayah kerja supir selalu limpah majalah buku koran bekas bagus eks baca tumpang referensi saya hadap ajar situasi ekonomi nasional tren bisnis luas anak masih kecil privilese bisa mana
respon_orang_tua_terhadap_kurikulum_baru_6.csv;1.78849e+18;Thu May 09 11:12:08 +0000 2024;8;@mcitraningrum betul Mbak. hal serupa saya alami pun pesan serupa dari almarhum Bapak. pramila Bapak justru mbirak (menyuruh) anaknya untuk ngglidhig dolan srawung dg siapa saja agar belarasa empati dg kawan-kawan lain yg boleh jadi tak seberuntung kita.;1.78853e+18;;mcitraningrum;in;;0;0;1;https://x.com/undefined/status/1788527369634103764;239198179.0;;betul mbak hal rupa saya alami pesan rupa almarhum bapak pramila bapak justru mbirak suruh anak ngglidhig dolan srawung siapa agar belarasa empati kawan kawan lain boleh tak untung kita
respon_orang_tua_terhadap_kurikulum_baru_6.csv;1.78849e+18;Thu May 09 15:11:23 +0000 2024;6;@mcitraningrum Previlege sy dulu pas kecil bapak selalu menemani sy belajar selalu mendoakan meskipun beliau buta huruf.tapi beliau yg selalu menemani membuat sy semangat;1.78859e+18;;mcitraningrum;in;;0;0;1;https://x.com/undefined/status/1788587578461135166;74693259.0;;previlege sy dulu pas kecil bapak selalu tani sy ajar selalu doa meski beliau buta huruf tapi beliau selalu tani buat sy semangat
respon_orang_tua_terhadap_kurikulum_baru_6.csv;1.78849e+18;Thu May 09 21:29:37 +0000 2024;5;@mcitraningrum Privilege memiliki orang tua yg berpandangan seperti Bapak nya ini adalah privilege diatas privilege.;1.78868e+18;;mcitraningrum;in;;0;0;0;https://x.com/undefined/status/1788682763870035982;1722378254.0;;privilege milik orang tua pandang seperti bapak privilege atas privilege
respon_orang_tua_terhadap_kurikulum_baru_6.csv;1.78849e+18;Fri May 10 03:17:06 +0000 2024;1;@mcitraningrum Boleh aku memaknai (yg mgkin) berbeda terkait pendidikan di balik pesan pengalaman anda? Begini: selayaknya semua anak mendapatkan pendidikan dan faktor2 pendukung atau akses yg setara. Sebelumnya terimakasih untuk refleksi ini.;1.78877e+18;;mcitraningrum;in;;0;0;0;https://x.com/undefined/status/1788770211916845366;1.25107e+18;;boleh aku makna mgkin beda kait didik balik pesan alam anda begini layak semua anak dapat didik faktor dukung akses tara belum terimakasih refleksi
respon_orang_tua_terhadap_kurikulum_baru_8.csv;1.85015e+18;Sun Oct 27 02:06:13 +0000 2024;0;@AghaarXx Tegas bukan keras;1.85036e+18;;AghaarXx;in;;0;0;0;https://x.com/undefined/status/1850358308525465941;1.63384e+18;;tegas bukan keras
respon_orang_tua_terhadap_kurikulum_baru_8.csv;1.85015e+18;Sun Oct 27 05:57:42 +0000 2024;0;@AghaarXx Keras tegas dan ketat juga berbeda.maksud kadam disini ini orang tua keras mendirikan anak tidak semenana keras semata tampa aturan di isi kadam sampaikan mendidik dengan keras dan ada catatannya. InsyaAllah pasti pahamlah maksudnya kadam;1.85042e+18;;AghaarXx;in;;0;0;0;https://x.com/undefined/status/1850416562949505109;1.66912e+18;;keras tegas ketat beda maksud kadam sini orang tua keras diri anak semenana keras semata tampa atur isi kadam sampai didik keras ada catat insyaallah pasti paham maksud kadam
respon_orang_tua_terhadap_kurikulum_baru_8.csv;1.85015e+18;Sun Oct 27 11:56:08 +0000 2024;0;@AghaarXx bro just explain how gentle parenting works. kalo sistem lembut yang dimksd adlh gentle parenting u should know kalau menjadi gentle bukan berarti membiarkan anak dan menuruti semua kehendak anak. gentle parenting juga tegas dan disiplin kok. poin diatas juga termasuk. cmiiw.;1.85051e+18;;AghaarXx;in;;0;0;0;https://x.com/undefined/status/1850506767878291896;1.26457e+18;;bro just explain how gentle parenting works kalo sistem lembut dimksd adlh gentle parenting u should know kalau jadi gentle bukan arti biar anak turut semua hendak anak gentle parenting tegas disiplin poin atas masuk cmiiw
respon_orang_tua_terhadap_kurikulum_baru_8.csv;1.85015e+18;Sun Oct 27 12:21:51 +0000 2024;0;@AghaarXx Saya tadi barusan belajar di asrama ada kajian kitab Adabul Mufrod dan ada yang bertanya tentang mendidik anak dan beliau ada nahasa juga Mendidik anak itu dengan keras tidaklah salah hanya saja harus di tempatkan di tempat yang tepat ;1.85051e+18;;AghaarXx;in;;0;0;0;https://x.com/undefined/status/1850513237122662582;1.66912e+18;;saya tadi barusan ajar asrama ada kaji kitab adabul mufrod ada tanya tentang didik anak beliau ada nahasa didik anak keras tidak salah hanya harus tempat tempat tepat
respon_orang_tua_terhadap_kurikulum_baru_9.csv;1.24788e+18;Wed Apr 08 14:17:48 +0000 2020;2;@mrshananto Setujuuuuu sangaaaaat!!! Ortu repot? Yaiyalah. Guru apalagi . Sukur2 anak2 msh bs sekolah di situasi darurat gini ;1.24789e+18;;mrshananto;in;;0;2;1;https://x.com/undefined/status/1247891397979459584;64127840.0;;tuju sangat ortu repot yaiyalah guru apalagi sukur anak msh bs sekolah situasi darurat gin
respon_orang_tua_terhadap_kurikulum_baru_9.csv;1.24788e+18;Wed Apr 08 13:44:23 +0000 2020;2;@mrshananto Di group ortu kami saling menguatkan. Kadang memang ada ortu yg lost in translation tapi salut aja ga malu untuk tanya2 minta pendapat ke sesama ortu jadi jg ke trigger buat semangatin satu sm lain. Ga lupa semangati miss2nya juga.;1.24788e+18;;mrshananto;in;;0;1;0;https://x.com/undefined/status/1247882989083607042;603252873.0;;group ortu kami saling kuat kadang memang ada ortu lost in translation tapi salut malu tanya minta dapat sama ortu trigger buat semangatin satu sm lain lupa semangat miss
respon_orang_tua_terhadap_kurikulum_baru_9.csv;1.24788e+18;Wed Apr 08 13:36:31 +0000 2020;1;@mrshananto kmaren komenin updatean igg gosip yg upload chat buibu marah2 sama guru gegara pr. aku blg kalo emang ga ngerti bisa Tanya baik2 eh malah aku dibashing di bilang ga tau rasanya punya anak stress lah. dikata gurunya ga stress apa. bukan alasan buat jadi kasar sama orang;1.24788e+18;;mrshananto;in;;0;1;0;https://x.com/undefined/status/1247881010173231105;63963504.0;;kmaren komenin updatean igg gosip upload chat buibu marah sama guru gegara pr aku blg kalo emang ngerti bisa tanya baik eh malah aku dibashing bilang tau rasa punya anak stress kata guru stress bukan alas buat kasar sama orang
respon_orang_tua_terhadap_kurikulum_baru_9.csv;1.24788e+18;Wed Apr 08 16:24:09 +0000 2020;0;@mrshananto https://t.co/hxFA3BjhCC;1.24792e+18;;mrshananto;qme;;0;1;0;https://x.com/undefined/status/1247923194033393665;124090988.0;;
respon_orang_tua_terhadap_kurikulum_baru_9.csv;1.24788e+18;Thu Apr 09 06:44:52 +0000 2020;0;@mrshananto SAMAAAAA GW GA RELATE SAMA SEKALI DAH SAMA YG MARAMARA ITU HIH!;1.24814e+18;;mrshananto;in;;0;1;0;https://x.com/undefined/status/1248139799031984129;14567197.0;;sama gw relate sama sekali sama maramara hih
respon_orang_tua_terhadap_kurikulum_baru_9.csv;1.24788e+18;Wed Apr 08 16:12:17 +0000 2020;5;@mrshananto Iya kak :( bener bgt ini. Aku guru paud inter gtw dan kita kena bnyk protes. Dibilang gak ngapa2in cuman ksh tugas doang. Padahal kerjaan malah jadi ribet dan seabrek. Sampe nangis digtwin.;1.24792e+18;;mrshananto;in;;0;1;1;https://x.com/undefined/status/1247920210033520642;1.01138e+18;;kak bener bgt aku guru paud inter gtw kita kena bnyk protes bilang gak ngapa in cuman ksh tugas doang padahal kerja malah ribet abrek sampe nang digtwin
respon_orang_tua_terhadap_kurikulum_baru_9.csv;1.24788e+18;Wed Apr 08 14:28:38 +0000 2020;1;@mrshananto Bagi guru sekolah dasar bukan cuma ngurus anaknya tp emaknya juga harus terurus terutama mslah percurhatan ;1.24789e+18;;mrshananto;in;;0;1;1;https://x.com/undefined/status/1247894124792918022;84995948.0;;bagi guru sekolah dasar bukan cuma ngurus anak tapi emaknya harus urus utama mslah percurhatan
respon_orang_tua_terhadap_kurikulum_baru_9.csv;1.24788e+18;Wed Apr 08 16:49:37 +0000 2020;2;@mrshananto Ibu dan bapakku merasa bersyukur karena udah pensiun pas lagi kelas onlen2 gini. Bebas dari amukan wali murid katanya. Lah satu ortu ngurusin satu anak aja ngomel gimana guru ngadepin 20++ anak orang ;1.24793e+18;;mrshananto;in;;0;1;0;https://x.com/undefined/status/1247929603030519809;1.2302e+18;;ibu bapak rasa syukur pensiun pas kelas onlen gin bebas amuk wali murid kata satu ortu ngurusin satu anak ngomel gimana guru ngadepin anak orang
respon_orang_tua_terhadap_kurikulum_baru_9.csv;1.24788e+18;Wed Apr 08 14:11:13 +0000 2020;1;@mrshananto Aku kalo nulis ginian di IG story pasti langsung di-kick dari WA grup Ibu-ibu sekolahan. Sampe Bu Guru japri aku seandainya buibu yang lain pengertiannya kayak sampeyan . Ga tega akutu bacanya.;1.24789e+18;;mrshananto;in;;0;0;0;https://x.com/undefined/status/1247889741380386816;95170350.0;;aku kalo nulis ginian ig story pasti langsung kick wa grup ibu ibu sekolah sampe bu guru japri aku anda buibu lain erti kayak sampeyan tega akutu baca
respon_orang_tua_terhadap_kurikulum_baru_9.csv;1.24788e+18;Wed Apr 08 14:51:03 +0000 2020;1;@mrshananto Bingung juga sama ortu yang marah2 emangnya mereka mau. Ribet juga kali ngajar online bukan kebiasaan hari2. Blm lagi klo gurunya sepuh gaptek ngirim link zoom aja susah. Sekalian ortu tau susahnya ngajar anak2 ;1.2479e+18;;mrshananto;in;;0;0;0;https://x.com/undefined/status/1247899766890975232;500643943.0;;bingung sama ortu marah emang mereka mau ribet kali ngajar online bukan biasa hari kalau guru sepuh gaptek ngirim link zoom susah sekali ortu tau susah ngajar anak
respon_orang_tua_terhadap_kurikulum_baru_9.csv;1.24788e+18;Thu Apr 09 07:36:25 +0000 2020;1;@mrshananto Saya memberi masukan ke sekolah supaya guru juga memberikan materi entah dalam bentuk ppt audio video atau resume materi baru diberi tugas. Semoga ini bukan ngomel ya.;1.24815e+18;;mrshananto;in;;0;0;0;https://x.com/undefined/status/1248152774023319554;41945320.0;;saya beri masuk sekolah supaya guru beri materi entah dalam bentuk ppt audio video resume materi baru beri tugas moga bukan ngomel
respon_orang_tua_terhadap_kurikulum_baru_9.csv;1.24788e+18;Thu Apr 09 12:04:16 +0000 2020;1;@mrshananto Kalo tingkat mahasiswa memungkin kan belajar dengan sistem online. Tapi untuk tingkat dibawah nya Saya cukup kewalah memberi materi via website apalagi untuk mapel eksak blm lagi wali murid Ada yg bilang guru gaji buta sedih teh padahal mah ;1.24822e+18;;mrshananto;in;;0;0;0;https://x.com/undefined/status/1248220179466612736;2229820526.0;;kalo tingkat mahasiswa mungkin ajar sistem online tapi tingkat bawah saya cukup walah beri materi via website apalagi mapel eksak wali murid ada bilang guru gaji buta sedih teh padahal
respon_orang_tua_terhadap_kurikulum_baru_9.csv;1.24788e+18;Wed Apr 08 14:54:05 +0000 2020;0;@mrshananto Iya teh.. gue kdang mau komen YA WAYAHNA ATUUH... tapi galakkan mereka..;1.2479e+18;;mrshananto;in;;0;0;0;https://x.com/undefined/status/1247900529348374529;87955226.0;;teh saya kdang mau komen wayahna atuuh tapi galak mereka
respon_orang_tua_terhadap_kurikulum_baru_9.csv;1.24788e+18;Wed Apr 08 23:39:49 +0000 2020;0;@mrshananto Kalo sekolahnya selama sebulan gak ada online sama sekali gimana mba. Semua dikasih lewat WA baik materi video n tugas.;1.24803e+18;;mrshananto;in;;0;0;0;https://x.com/undefined/status/1248032834410803201;1.14583e+18;;kalo sekolah lama bulan gak ada online sama sekali gimana mba semua kasih lewat wa baik materi video n tugas
respon_orang_tua_terhadap_kurikulum_baru_9.csv;1.24788e+18;Thu Apr 09 03:24:08 +0000 2020;0;@mrshananto Mamaku guru agama pegang 6 kelas. Thn depan udah mau pensiun ngerasain banget sulitnya sekolah online gini teh. Guru dirumah juga luar biasa repotnya. Ngecek tugas murid dan administrasinya juga ribet. Klo disekolah sekali bicara 1kls denger ini harus pegang hp seharian.;1.24809e+18;;mrshananto;in;;0;0;0;https://x.com/undefined/status/1248089284323602433;133919962.0;;mama guru agama pegang kelas thn depan mau pensiun ngerasain sangat sulit sekolah online gin teh guru rumah luar biasa repot ngecek tugas murid administrasi ribet kalau seko sekali bicara kls denger harus pegang hp hari
respon_orang_tua_terhadap_kurikulum_baru_9.csv;1.24788e+18;Thu Apr 09 03:46:34 +0000 2020;0;@mrshananto Sekolah anaknya Teteh international schl ya? Pake https://t.co/3ROBppmVzK nulis pesannya.;1.24809e+18;;mrshananto;in;;0;0;0;https://x.com/undefined/status/1248094929194119168;420869135.0;;sekolah anak teteh international schl pake nulis pesan
respon_orang_tua_terhadap_kurikulum_baru_9.csv;1.24788e+18;Thu Apr 09 05:29:14 +0000 2020;0;@mrshananto @Ikkeynes Hmmm Ki ini juga pembahasan yg seru banget niih karna Latifah disini ngerasain posisi jadi guru udah mau 8 bulan dan yah bener disaat kondisi kayak gini kerja sama ortu dan guru penting banget gk bisa asal salah²hin tanggung jawab siapa karna sama² tanggung jawab;1.24812e+18;;mrshananto;in;;0;1;0;https://x.com/undefined/status/1248120767805444096;503241515.0;;hm ki bahas seru sangat niih karna latifah sini ngerasain posisi guru mau bulan yah bener saat kondisi kayak gin kerja sama ortu guru penting sangat bisa asal salah hin tanggung jawab siapa karna sama tanggung jawab
respon_orang_tua_terhadap_kurikulum_baru_9.csv;1.24788e+18;Thu Apr 09 06:05:25 +0000 2020;0;@mrshananto Nice tweet teh!;1.24813e+18;;mrshananto;tl;;0;0;0;https://x.com/undefined/status/1248129872842510339;320062701.0;;nice tweet teh
respon_orang_tua_terhadap_kurikulum_baru_9.csv;1.24788e+18;Thu Apr 09 07:19:07 +0000 2020;0;@mrshananto Dapat diskon 15% utk spp bulan ini ga usah marah2 seharusnya sik ya :)));1.24815e+18;;mrshananto;in;;0;0;0;https://x.com/undefined/status/1248148418700042241;232445698.0;;dapat diskon utk spp bulan usah marah harus sik
respon_orang_tua_terhadap_kurikulum_baru_9.csv;1.24788e+18;Thu Apr 09 11:41:31 +0000 2020;0;@mrshananto @byalalala;1.24821e+18;;mrshananto;qam;;0;1;0;https://x.com/undefined/status/1248214453704773632;1251983185.0;;
